-- MySQL dump 10.13  Distrib 5.1.63, for unknown-linux-gnu (x86_64)
--
-- Host: localhost    Database: junxiaci_fprime
-- ------------------------------------------------------
-- Server version	5.1.63-community-log

/*!40101 SET @OLD_CHARACTER_SET_CLIENT=@@CHARACTER_SET_CLIENT */;
/*!40101 SET @OLD_CHARACTER_SET_RESULTS=@@CHARACTER_SET_RESULTS */;
/*!40101 SET @OLD_COLLATION_CONNECTION=@@COLLATION_CONNECTION */;
/*!40101 SET NAMES utf8 */;
/*!40103 SET @OLD_TIME_ZONE=@@TIME_ZONE */;
/*!40103 SET TIME_ZONE='+00:00' */;
/*!40014 SET @OLD_UNIQUE_CHECKS=@@UNIQUE_CHECKS, UNIQUE_CHECKS=0 */;
/*!40014 SET @OLD_FOREIGN_KEY_CHECKS=@@FOREIGN_KEY_CHECKS, FOREIGN_KEY_CHECKS=0 */;
/*!40101 SET @OLD_SQL_MODE=@@SQL_MODE, SQL_MODE='NO_AUTO_VALUE_ON_ZERO' */;
/*!40111 SET @OLD_SQL_NOTES=@@SQL_NOTES, SQL_NOTES=0 */;

--
-- Table structure for table `accounts_clients`
--

DROP TABLE IF EXISTS `accounts_clients`;
/*!40101 SET @saved_cs_client     = @@character_set_client */;
/*!40101 SET character_set_client = utf8 */;
CREATE TABLE `accounts_clients` (
  `id` int(11) NOT NULL AUTO_INCREMENT,
  `user_id` int(11) NOT NULL,
  `fullname` varchar(200) NOT NULL,
  `type` varchar(100) NOT NULL,
  `address_id` int(11) NOT NULL,
  `contact_id` int(11) NOT NULL,
  PRIMARY KEY (`id`),
  UNIQUE KEY `user_id` (`user_id`),
  KEY `accounts_clients_b213c1e9` (`address_id`),
  KEY `accounts_clients_170b8823` (`contact_id`)
) ENGINE=MyISAM DEFAULT CHARSET=utf8;
/*!40101 SET character_set_client = @saved_cs_client */;

--
-- Dumping data for table `accounts_clients`
--

LOCK TABLES `accounts_clients` WRITE;
/*!40000 ALTER TABLE `accounts_clients` DISABLE KEYS */;
/*!40000 ALTER TABLE `accounts_clients` ENABLE KEYS */;
UNLOCK TABLES;

--
-- Table structure for table `accounts_userprofile`
--

DROP TABLE IF EXISTS `accounts_userprofile`;
/*!40101 SET @saved_cs_client     = @@character_set_client */;
/*!40101 SET character_set_client = utf8 */;
CREATE TABLE `accounts_userprofile` (
  `id` int(11) NOT NULL AUTO_INCREMENT,
  `user_id` int(11) NOT NULL,
  `zipcode` varchar(5) NOT NULL,
  `BOXNET_FolderID` varchar(60) NOT NULL,
  PRIMARY KEY (`id`),
  UNIQUE KEY `user_id` (`user_id`)
) ENGINE=MyISAM DEFAULT CHARSET=utf8;
/*!40101 SET character_set_client = @saved_cs_client */;

--
-- Dumping data for table `accounts_userprofile`
--

LOCK TABLES `accounts_userprofile` WRITE;
/*!40000 ALTER TABLE `accounts_userprofile` DISABLE KEYS */;
/*!40000 ALTER TABLE `accounts_userprofile` ENABLE KEYS */;
UNLOCK TABLES;

--
-- Table structure for table `assets_asset`
--

DROP TABLE IF EXISTS `assets_asset`;
/*!40101 SET @saved_cs_client     = @@character_set_client */;
/*!40101 SET character_set_client = utf8 */;
CREATE TABLE `assets_asset` (
  `id` int(11) NOT NULL AUTO_INCREMENT,
  `item_id` int(11) NOT NULL,
  `sn` varchar(50) DEFAULT NULL,
  `FSIN` varchar(15) NOT NULL,
  `created` datetime NOT NULL,
  `notes` longtext,
  `onsale` tinyint(1) DEFAULT NULL,
  `sold` tinyint(1) DEFAULT NULL,
  PRIMARY KEY (`id`),
  KEY `assets_asset_67b70d25` (`item_id`)
) ENGINE=MyISAM AUTO_INCREMENT=406 DEFAULT CHARSET=utf8;
/*!40101 SET character_set_client = @saved_cs_client */;

--
-- Dumping data for table `assets_asset`
--

LOCK TABLES `assets_asset` WRITE;
/*!40000 ALTER TABLE `assets_asset` DISABLE KEYS */;
INSERT INTO `assets_asset` VALUES (1,10,'','000002000000','2012-06-12 16:55:06','',1,1),(2,10,'','000002000001','2012-06-12 16:55:06','',1,1),(3,10,'','000002000002','2012-06-12 16:55:06','',1,1),(4,10,'','000002000003','2012-06-12 16:55:06','',1,1),(5,10,'','000002000004','2012-06-12 16:55:06','',1,1),(6,10,'','000002000005','2012-06-12 16:55:06','',1,1),(7,10,'','000002000006','2012-06-12 16:55:06','',1,1),(8,10,'','000002000007','2012-06-12 16:55:06','',1,1),(9,10,'','000002000008','2012-06-12 16:55:06','',1,1),(10,10,'','000002000009','2012-06-12 16:55:06','',1,1),(11,10,'','000002000010','2012-06-12 16:55:06','',1,1),(12,10,'','000002000011','2012-06-12 16:55:06','',1,1),(13,10,'','000002000012','2012-06-12 16:55:06','',1,1),(14,10,'','000002000013','2012-06-12 16:55:06','',1,1),(15,10,'','000002000014','2012-06-12 16:55:06','',1,1),(16,10,'','000002000015','2012-06-12 16:55:06','',1,1),(17,10,'','000002000016','2012-06-12 16:55:06','',1,1),(18,10,'','000002000017','2012-06-12 16:55:06','',1,1),(19,10,'','000002000018','2012-06-12 16:55:06','',1,1),(20,10,'','000002000019','2012-06-12 16:55:06','',1,1),(21,10,'','000003000000','2012-06-13 15:05:44','',1,1),(22,10,'','000003000001','2012-06-13 15:05:44','',1,1),(23,10,'','000003000002','2012-06-13 15:05:44','',1,1),(24,10,'','000003000003','2012-06-13 15:05:44','',1,1),(25,10,'','000003000004','2012-06-13 15:05:44','',1,1),(26,10,'','000003000005','2012-06-13 15:05:44','',1,1),(27,10,'','000003000006','2012-06-13 15:05:44','',1,1),(28,10,'','000003000007','2012-06-13 15:05:44','',1,1),(29,10,'','000003000008','2012-06-13 15:05:44','',1,1),(30,10,'','000003000009','2012-06-13 15:05:44','',1,1),(31,10,'','000003000010','2012-06-13 15:05:44','',1,1),(32,10,'','000003000011','2012-06-13 15:05:44','',1,1),(33,10,'','000003000012','2012-06-13 15:05:44','',1,1),(34,10,'','000003000013','2012-06-13 15:05:44','',1,1),(35,10,'','000003000014','2012-06-13 15:05:44','',1,0),(36,10,'','000003000015','2012-06-13 15:05:44','',1,0),(37,10,'','000003000016','2012-06-13 15:05:44','',1,0),(38,10,'','000003000017','2012-06-13 15:05:44','',1,0),(39,10,'','000003000018','2012-06-13 15:05:44','',1,0),(40,10,'','000003000019','2012-06-13 15:05:44','',1,0),(41,7,NULL,'000024000000','2012-06-13 15:40:43',NULL,1,1),(42,7,NULL,'000024000001','2012-06-13 15:40:43',NULL,1,1),(43,7,NULL,'000024000002','2012-06-13 15:40:43',NULL,1,1),(44,7,NULL,'000024000003','2012-06-13 15:40:43',NULL,1,1),(45,7,NULL,'000024000004','2012-06-13 15:40:43',NULL,1,1),(46,7,NULL,'000024000005','2012-06-13 15:40:43',NULL,1,1),(47,7,NULL,'000024000006','2012-06-13 15:40:43',NULL,1,1),(48,7,NULL,'000024000007','2012-06-13 15:40:43',NULL,1,1),(49,7,NULL,'000024000008','2012-06-13 15:40:43',NULL,1,1),(50,7,NULL,'000024000009','2012-06-13 15:40:43',NULL,1,1),(51,7,NULL,'000024000010','2012-06-13 15:40:43',NULL,1,1),(52,7,NULL,'000024000011','2012-06-13 15:40:43',NULL,1,1),(53,7,NULL,'000024000012','2012-06-13 15:40:43',NULL,1,1),(54,7,NULL,'000024000013','2012-06-13 15:40:43',NULL,1,1),(55,7,NULL,'000024000014','2012-06-13 15:40:43',NULL,1,1),(56,15,NULL,'000018000000','2012-06-13 16:38:26',NULL,1,1),(57,15,NULL,'000018000001','2012-06-13 16:38:26',NULL,1,1),(58,15,NULL,'000018000002','2012-06-13 16:38:26',NULL,1,1),(59,15,NULL,'000018000003','2012-06-13 16:38:26',NULL,1,1),(60,15,NULL,'000018000004','2012-06-13 16:38:26',NULL,1,1),(61,15,NULL,'000018000005','2012-06-13 16:38:26',NULL,1,1),(62,15,NULL,'000020000000','2012-06-13 16:38:26',NULL,1,1),(63,15,NULL,'000022000000','2012-06-13 16:38:26',NULL,1,1),(64,15,NULL,'000022000001','2012-06-13 16:38:26',NULL,1,1),(65,15,'','000022000002','2012-06-13 16:38:26','',0,0),(66,15,'','000035000000','2012-06-13 16:38:26','',0,0),(67,14,'','000013000000','2012-06-13 16:49:55','',0,0),(68,1,NULL,'000017000000','2012-06-13 16:50:49',NULL,1,1),(69,1,NULL,'000017000001','2012-06-13 16:50:49',NULL,1,1),(70,1,NULL,'000017000002','2012-06-13 16:50:49',NULL,1,1),(71,1,NULL,'000017000003','2012-06-13 16:50:49',NULL,1,1),(72,16,NULL,'000023000000','2012-06-13 16:54:12',NULL,1,1),(73,16,NULL,'000023000001','2012-06-13 16:54:12',NULL,1,1),(74,16,NULL,'000023000002','2012-06-13 16:54:12',NULL,1,1),(75,16,NULL,'000023000003','2012-06-13 16:54:12',NULL,1,1),(76,18,NULL,'000029000000','2012-06-13 17:11:41',NULL,1,1),(77,18,NULL,'000029000001','2012-06-13 17:11:41',NULL,1,1),(78,18,NULL,'000029000002','2012-06-13 17:11:41',NULL,1,1),(79,18,NULL,'000029000003','2012-06-13 17:11:41',NULL,1,1),(80,18,NULL,'000029000004','2012-06-13 17:11:41',NULL,1,1),(81,17,NULL,'000033000000','2012-06-13 17:14:05',NULL,1,1),(82,17,NULL,'000027000000','2012-06-13 17:17:42',NULL,1,1),(83,11,NULL,'000004000000','2012-06-13 17:26:31',NULL,1,1),(84,11,NULL,'000004000001','2012-06-13 17:26:31',NULL,1,1),(85,11,NULL,'000004000002','2012-06-13 17:26:31',NULL,1,1),(86,11,NULL,'000004000003','2012-06-13 17:26:31',NULL,1,1),(87,11,NULL,'000004000004','2012-06-13 17:26:31',NULL,1,1),(88,11,NULL,'000004000005','2012-06-13 17:26:31',NULL,1,1),(89,11,NULL,'000004000006','2012-06-13 17:26:31',NULL,1,1),(90,11,NULL,'000004000007','2012-06-13 17:26:31',NULL,1,1),(91,11,NULL,'000004000008','2012-06-13 17:26:31',NULL,1,1),(92,11,NULL,'000004000009','2012-06-13 17:26:31',NULL,1,1),(93,11,NULL,'000004000010','2012-06-13 17:26:31',NULL,1,1),(94,11,NULL,'000004000011','2012-06-13 17:26:31',NULL,1,1),(95,11,NULL,'000004000012','2012-06-13 17:26:31',NULL,1,1),(96,11,NULL,'000004000013','2012-06-13 17:26:31',NULL,1,1),(97,11,NULL,'000004000014','2012-06-13 17:26:31',NULL,1,1),(98,11,NULL,'000004000015','2012-06-13 17:26:31',NULL,1,1),(99,11,NULL,'000004000016','2012-06-13 17:26:31',NULL,1,1),(100,11,NULL,'000004000017','2012-06-13 17:26:31',NULL,1,1),(101,11,NULL,'000004000018','2012-06-13 17:26:31',NULL,1,1),(102,11,NULL,'000004000019','2012-06-13 17:26:31',NULL,1,1),(103,27,'','000057000000','2012-06-14 10:10:20','',0,0),(104,27,'','000057000001','2012-06-14 10:10:20','',0,0),(105,27,'','000058000000','2012-06-14 10:10:20','',0,0),(106,27,'','000058000001','2012-06-14 10:10:21','',0,0),(107,26,NULL,'000059000000','2012-06-14 10:10:21',NULL,0,0),(108,26,NULL,'000059000001','2012-06-14 10:10:21',NULL,0,0),(109,26,NULL,'000059000002','2012-06-14 10:10:21',NULL,0,0),(110,26,NULL,'000059000003','2012-06-14 10:10:21',NULL,0,0),(111,26,'','000060000000','2012-06-14 10:10:21','',0,0),(112,26,'','000060000001','2012-06-14 10:10:21','',0,0),(113,11,NULL,'000005000000','2012-06-14 10:41:37',NULL,1,1),(114,11,NULL,'000005000001','2012-06-14 10:41:37',NULL,1,1),(115,11,NULL,'000005000002','2012-06-14 10:41:37',NULL,1,1),(116,11,NULL,'000005000003','2012-06-14 10:41:37',NULL,1,1),(117,11,NULL,'000005000004','2012-06-14 10:41:37',NULL,1,1),(118,11,NULL,'000005000005','2012-06-14 10:41:37',NULL,1,1),(119,11,NULL,'000005000006','2012-06-14 10:41:37',NULL,1,1),(120,11,NULL,'000005000007','2012-06-14 10:41:37',NULL,1,1),(121,11,NULL,'000005000008','2012-06-14 10:41:37',NULL,0,1),(122,11,NULL,'000005000009','2012-06-14 10:41:37',NULL,0,1),(123,11,NULL,'000005000010','2012-06-14 10:41:37',NULL,0,1),(124,11,NULL,'000005000011','2012-06-14 10:41:37',NULL,0,1),(125,11,NULL,'000005000012','2012-06-14 10:41:37',NULL,0,1),(126,11,NULL,'000005000013','2012-06-14 10:41:37',NULL,0,1),(127,11,NULL,'000005000014','2012-06-14 10:41:37',NULL,1,1),(128,11,NULL,'000005000015','2012-06-14 10:41:37',NULL,1,1),(129,11,NULL,'000005000016','2012-06-14 10:41:37',NULL,1,1),(130,11,NULL,'000005000017','2012-06-14 10:41:37',NULL,1,1),(131,11,NULL,'000005000018','2012-06-14 10:41:37',NULL,1,1),(132,11,NULL,'000005000019','2012-06-14 10:41:37',NULL,1,1),(133,12,NULL,'000006000000','2012-06-14 11:12:15',NULL,1,1),(134,12,NULL,'000006000001','2012-06-14 11:12:15',NULL,1,1),(135,12,NULL,'000006000002','2012-06-14 11:12:15',NULL,1,1),(136,12,NULL,'000006000003','2012-06-14 11:12:15',NULL,1,1),(137,12,NULL,'000006000004','2012-06-14 11:12:15',NULL,1,1),(138,12,NULL,'000006000005','2012-06-14 11:12:15',NULL,1,1),(139,12,NULL,'000006000006','2012-06-14 11:12:15',NULL,1,1),(140,12,NULL,'000006000007','2012-06-14 11:12:15',NULL,1,1),(141,12,NULL,'000006000008','2012-06-14 11:12:15',NULL,1,1),(142,12,NULL,'000006000009','2012-06-14 11:12:15',NULL,1,1),(143,12,NULL,'000006000010','2012-06-14 11:12:15',NULL,1,1),(144,12,NULL,'000006000011','2012-06-14 11:12:15',NULL,1,1),(145,12,NULL,'000006000012','2012-06-14 11:12:15',NULL,1,1),(146,12,NULL,'000006000013','2012-06-14 11:12:15',NULL,1,1),(147,12,NULL,'000006000014','2012-06-14 11:12:15',NULL,1,1),(148,12,NULL,'000006000015','2012-06-14 11:12:15',NULL,1,1),(149,12,NULL,'000006000016','2012-06-14 11:12:15',NULL,1,1),(150,12,NULL,'000006000017','2012-06-14 11:12:15',NULL,1,1),(151,12,NULL,'000006000018','2012-06-14 11:12:15',NULL,1,1),(152,12,NULL,'000006000019','2012-06-14 11:12:15',NULL,1,1),(153,12,NULL,'000006000020','2012-06-14 11:12:15',NULL,1,1),(154,12,NULL,'000006000021','2012-06-14 11:12:15',NULL,1,1),(155,12,NULL,'000006000022','2012-06-14 11:12:15',NULL,1,1),(156,12,NULL,'000006000023','2012-06-14 11:12:15',NULL,1,1),(157,12,NULL,'000006000024','2012-06-14 11:12:15',NULL,1,1),(158,12,NULL,'000006000025','2012-06-14 11:12:15',NULL,1,1),(159,12,NULL,'000006000026','2012-06-14 11:12:15',NULL,1,1),(160,12,NULL,'000006000027','2012-06-14 11:12:15',NULL,1,1),(161,12,NULL,'000006000028','2012-06-14 11:12:15',NULL,1,1),(162,12,NULL,'000006000029','2012-06-14 11:12:15',NULL,1,1),(163,12,NULL,'000009000000','2012-06-14 12:06:45',NULL,1,1),(164,12,NULL,'000009000001','2012-06-14 12:06:45',NULL,1,1),(165,12,NULL,'000009000002','2012-06-14 12:06:45',NULL,1,1),(166,12,NULL,'000009000003','2012-06-14 12:06:45',NULL,1,1),(167,12,NULL,'000009000004','2012-06-14 12:06:45',NULL,1,1),(168,12,NULL,'000009000005','2012-06-14 12:06:45',NULL,1,1),(169,12,NULL,'000009000006','2012-06-14 12:06:45',NULL,1,1),(170,12,NULL,'000009000007','2012-06-14 12:06:45',NULL,1,1),(171,12,NULL,'000009000008','2012-06-14 12:06:45',NULL,1,1),(172,12,NULL,'000009000009','2012-06-14 12:06:45',NULL,1,1),(173,12,NULL,'000009000010','2012-06-14 12:06:45',NULL,1,1),(174,12,NULL,'000009000011','2012-06-14 12:06:45',NULL,1,1),(175,12,NULL,'000009000012','2012-06-14 12:06:45',NULL,1,1),(176,12,NULL,'000009000013','2012-06-14 12:06:45',NULL,1,1),(177,12,NULL,'000009000014','2012-06-14 12:06:45',NULL,1,1),(178,12,NULL,'000009000015','2012-06-14 12:06:45',NULL,1,1),(179,12,NULL,'000009000016','2012-06-14 12:06:45',NULL,1,1),(180,12,NULL,'000009000017','2012-06-14 12:06:45',NULL,1,1),(181,12,NULL,'000009000018','2012-06-14 12:06:45',NULL,1,1),(182,12,NULL,'000009000019','2012-06-14 12:06:45',NULL,1,1),(183,12,NULL,'000009000020','2012-06-14 12:06:45',NULL,1,1),(184,12,NULL,'000007000000','2012-06-14 12:23:00',NULL,1,1),(185,12,NULL,'000007000001','2012-06-14 12:23:00',NULL,1,1),(186,12,NULL,'000007000002','2012-06-14 12:23:00',NULL,1,1),(187,12,NULL,'000007000003','2012-06-14 12:23:00',NULL,1,1),(188,12,NULL,'000007000004','2012-06-14 12:23:00',NULL,1,1),(189,12,NULL,'000007000005','2012-06-14 12:23:00',NULL,1,1),(190,12,NULL,'000007000006','2012-06-14 12:23:00',NULL,1,1),(191,12,NULL,'000007000007','2012-06-14 12:23:00',NULL,1,1),(192,12,NULL,'000007000008','2012-06-14 12:23:00',NULL,1,1),(193,12,NULL,'000007000009','2012-06-14 12:23:00',NULL,1,1),(194,12,NULL,'000007000010','2012-06-14 12:23:00',NULL,1,1),(195,12,NULL,'000007000011','2012-06-14 12:23:00',NULL,1,1),(196,12,NULL,'000007000012','2012-06-14 12:23:00',NULL,1,1),(197,12,NULL,'000007000013','2012-06-14 12:23:00',NULL,1,1),(198,12,NULL,'000007000014','2012-06-14 12:23:00',NULL,1,1),(199,12,NULL,'000007000015','2012-06-14 12:23:00',NULL,1,1),(200,12,NULL,'000007000016','2012-06-14 12:23:00',NULL,1,1),(201,12,NULL,'000007000017','2012-06-14 12:23:00',NULL,1,1),(202,12,NULL,'000007000018','2012-06-14 12:23:00',NULL,1,1),(203,12,NULL,'000008000000','2012-06-14 12:23:00',NULL,1,1),(204,12,NULL,'000008000001','2012-06-14 12:23:00',NULL,1,1),(205,12,NULL,'000008000002','2012-06-14 12:23:00',NULL,1,1),(206,12,NULL,'000008000003','2012-06-14 12:23:00',NULL,1,1),(207,12,NULL,'000008000004','2012-06-14 12:23:00',NULL,1,1),(208,12,NULL,'000008000005','2012-06-14 12:23:00',NULL,1,1),(209,12,NULL,'000008000006','2012-06-14 12:23:00',NULL,1,1),(210,12,NULL,'000008000007','2012-06-14 12:23:00',NULL,1,1),(211,12,NULL,'000008000008','2012-06-14 12:23:00',NULL,1,1),(212,12,NULL,'000008000009','2012-06-14 12:23:00',NULL,1,1),(213,12,NULL,'000008000010','2012-06-14 12:23:00',NULL,1,1),(214,12,NULL,'000008000011','2012-06-14 12:23:00',NULL,1,1),(215,12,NULL,'000008000012','2012-06-14 12:23:00',NULL,1,1),(216,12,NULL,'000008000013','2012-06-14 12:23:00',NULL,1,1),(217,12,NULL,'000008000014','2012-06-14 12:23:00',NULL,1,1),(218,12,NULL,'000008000015','2012-06-14 12:23:00',NULL,1,1),(219,12,NULL,'000008000016','2012-06-14 12:23:00',NULL,1,1),(220,12,NULL,'000008000017','2012-06-14 12:23:00',NULL,1,1),(221,12,NULL,'000008000018','2012-06-14 12:23:00',NULL,1,1),(222,12,NULL,'000008000019','2012-06-14 12:23:00',NULL,1,1),(223,12,NULL,'000008000020','2012-06-14 12:23:00',NULL,1,1),(224,12,NULL,'000008000021','2012-06-14 12:23:00',NULL,1,1),(225,12,NULL,'000008000022','2012-06-14 12:23:00',NULL,1,1),(226,12,NULL,'000008000023','2012-06-14 12:23:00',NULL,1,1),(227,12,NULL,'000008000024','2012-06-14 12:23:00',NULL,1,1),(228,12,NULL,'000008000025','2012-06-14 12:23:00',NULL,1,1),(229,12,NULL,'000008000026','2012-06-14 12:23:00',NULL,1,1),(230,12,NULL,'000008000027','2012-06-14 12:23:00',NULL,1,1),(231,12,NULL,'000008000028','2012-06-14 12:23:00',NULL,1,1),(232,12,NULL,'000008000029','2012-06-14 12:23:00',NULL,1,1),(233,12,NULL,'000008000030','2012-06-14 12:23:00',NULL,1,1),(234,12,NULL,'000008000031','2012-06-14 12:23:00',NULL,1,1),(235,12,NULL,'000008000032','2012-06-14 12:23:00',NULL,1,1),(236,12,NULL,'000008000033','2012-06-14 12:23:00',NULL,1,1),(237,12,NULL,'000008000034','2012-06-14 12:23:00',NULL,1,1),(238,12,NULL,'000008000035','2012-06-14 12:23:00',NULL,1,1),(239,12,NULL,'000008000036','2012-06-14 12:23:00',NULL,1,1),(240,12,NULL,'000008000037','2012-06-14 12:23:00',NULL,1,1),(241,12,NULL,'000008000038','2012-06-14 12:23:00',NULL,1,1),(242,12,NULL,'000008000039','2012-06-14 12:23:00',NULL,1,1),(243,12,NULL,'000008000040','2012-06-14 12:23:00',NULL,1,1),(244,12,NULL,'000008000041','2012-06-14 12:23:00',NULL,1,1),(245,12,NULL,'000008000042','2012-06-14 12:23:00',NULL,1,1),(246,12,NULL,'000008000043','2012-06-14 12:23:00',NULL,1,1),(247,22,NULL,'000041000000','2012-06-14 13:00:51',NULL,0,1),(248,22,NULL,'000041000001','2012-06-14 13:00:51',NULL,0,1),(249,22,NULL,'000041000002','2012-06-14 13:00:51',NULL,0,1),(250,22,NULL,'000041000003','2012-06-14 13:00:51',NULL,0,1),(251,22,NULL,'000041000004','2012-06-14 13:00:51',NULL,0,1),(252,22,NULL,'000056000000','2012-06-14 13:00:51',NULL,0,1),(253,22,NULL,'000056000001','2012-06-14 13:00:51',NULL,0,1),(254,1,NULL,'000014000000','2012-06-14 13:01:40',NULL,0,0),(255,1,NULL,'000014000001','2012-06-14 13:01:40',NULL,0,0),(256,1,NULL,'000014000002','2012-06-14 13:01:40',NULL,0,0),(257,1,NULL,'000014000003','2012-06-14 13:01:40',NULL,0,0),(258,1,NULL,'000014000004','2012-06-14 13:01:40',NULL,0,0),(259,1,NULL,'000014000005','2012-06-14 13:01:40',NULL,0,0),(260,1,NULL,'000014000006','2012-06-14 13:01:40',NULL,0,0),(261,1,NULL,'000014000007','2012-06-14 13:01:40',NULL,0,0),(262,1,NULL,'000015000000','2012-06-14 13:01:40',NULL,0,0),(263,1,NULL,'000015000001','2012-06-14 13:01:40',NULL,0,0),(264,1,NULL,'000016000000','2012-06-14 13:01:40',NULL,0,0),(265,1,NULL,'000016000001','2012-06-14 13:01:40',NULL,0,0),(266,1,NULL,'000016000002','2012-06-14 13:01:40',NULL,0,0),(267,1,NULL,'000016000003','2012-06-14 13:01:40',NULL,0,0),(268,1,NULL,'000016000004','2012-06-14 13:01:40',NULL,0,0),(269,1,NULL,'000016000005','2012-06-14 13:01:40',NULL,0,0),(270,1,NULL,'000025000000','2012-06-14 13:01:40',NULL,0,0),(271,1,NULL,'000025000001','2012-06-14 13:01:40',NULL,0,0),(272,1,NULL,'000025000002','2012-06-14 13:01:40',NULL,0,0),(273,1,NULL,'000025000003','2012-06-14 13:01:40',NULL,0,0),(274,1,NULL,'000025000004','2012-06-14 13:01:40',NULL,0,0),(275,1,NULL,'000025000005','2012-06-14 13:01:40',NULL,0,0),(276,1,NULL,'000025000006','2012-06-14 13:01:40',NULL,0,0),(277,1,NULL,'000025000007','2012-06-14 13:01:40',NULL,0,0),(278,1,NULL,'000026000000','2012-06-14 13:01:40',NULL,0,0),(279,1,NULL,'000026000001','2012-06-14 13:01:40',NULL,0,0),(280,13,NULL,'000010000000','2012-06-14 17:10:07',NULL,1,1),(281,13,NULL,'000011000000','2012-06-14 17:10:07',NULL,1,1),(282,3,NULL,'000012000000','2012-06-14 17:17:09',NULL,1,1),(283,5,NULL,'000019000000','2012-06-14 17:20:19',NULL,0,0),(284,5,NULL,'000019000001','2012-06-14 17:20:19',NULL,0,0),(285,5,NULL,'000019000002','2012-06-14 17:20:19',NULL,0,0),(286,5,NULL,'000019000003','2012-06-14 17:20:19',NULL,0,0),(287,5,NULL,'000021000000','2012-06-14 17:20:19',NULL,0,0),(288,5,NULL,'000021000001','2012-06-14 17:20:19',NULL,0,0),(289,2,NULL,'000030000000','2012-06-14 17:21:51',NULL,0,0),(290,2,NULL,'000030000001','2012-06-14 17:21:51',NULL,0,0),(291,2,NULL,'000031000000','2012-06-14 17:21:51',NULL,0,0),(292,2,NULL,'000034000000','2012-06-14 17:21:51',NULL,0,0),(293,2,NULL,'000034000001','2012-06-14 17:21:51',NULL,0,0),(294,20,NULL,'000038000000','2012-06-14 17:27:18',NULL,1,1),(295,20,NULL,'000038000001','2012-06-14 17:27:18',NULL,1,1),(296,20,NULL,'000038000002','2012-06-14 17:27:18',NULL,1,1),(297,20,NULL,'000038000003','2012-06-14 17:27:18',NULL,1,1),(298,20,NULL,'000038000004','2012-06-14 17:27:18',NULL,1,1),(299,20,NULL,'000038000005','2012-06-14 17:27:18',NULL,1,1),(300,20,NULL,'000038000006','2012-06-14 17:27:18',NULL,1,1),(301,20,NULL,'000038000007','2012-06-14 17:27:18',NULL,1,1),(302,20,NULL,'000038000008','2012-06-14 17:27:18',NULL,1,1),(303,20,NULL,'000038000009','2012-06-14 17:27:19',NULL,1,1),(304,20,NULL,'000038000010','2012-06-14 17:27:19',NULL,1,1),(305,20,NULL,'000053000000','2012-06-14 17:27:19',NULL,1,1),(306,20,NULL,'000053000001','2012-06-14 17:27:19',NULL,1,1),(307,20,NULL,'000053000002','2012-06-14 17:27:19',NULL,1,1),(308,20,NULL,'000053000003','2012-06-14 17:27:19',NULL,1,1),(309,20,NULL,'000053000004','2012-06-14 17:27:19',NULL,1,1),(310,20,NULL,'000053000005','2012-06-14 17:27:19',NULL,1,1),(311,20,NULL,'000053000006','2012-06-14 17:27:19',NULL,1,1),(312,20,NULL,'000053000007','2012-06-14 17:27:19',NULL,1,1),(313,20,NULL,'000053000008','2012-06-14 17:27:19',NULL,1,1),(314,20,NULL,'000053000009','2012-06-14 17:27:19',NULL,1,1),(315,20,NULL,'000053000010','2012-06-14 17:27:19',NULL,1,1),(316,20,NULL,'000053000011','2012-06-14 17:27:19',NULL,1,1),(317,18,NULL,'000028000000','2012-06-14 17:31:12',NULL,0,0),(318,18,NULL,'000028000001','2012-06-14 17:31:12',NULL,0,0),(319,18,NULL,'000028000002','2012-06-14 17:31:12',NULL,0,0),(320,18,NULL,'000028000003','2012-06-14 17:31:12',NULL,0,0),(321,18,NULL,'000028000004','2012-06-14 17:31:12',NULL,0,0),(322,18,NULL,'000032000000','2012-06-14 17:31:12',NULL,0,0),(323,18,NULL,'000032000001','2012-06-14 17:31:12',NULL,0,0),(324,18,NULL,'000032000002','2012-06-14 17:31:12',NULL,0,0),(325,18,NULL,'000032000003','2012-06-14 17:31:12',NULL,0,0),(326,18,NULL,'000032000004','2012-06-14 17:31:12',NULL,0,0),(327,18,NULL,'000032000005','2012-06-14 17:31:12',NULL,0,0),(328,18,NULL,'000032000006','2012-06-14 17:31:12',NULL,0,0),(329,18,NULL,'000032000007','2012-06-14 17:31:12',NULL,0,1),(330,18,NULL,'000032000008','2012-06-14 17:31:12',NULL,0,1),(331,18,NULL,'000032000009','2012-06-14 17:31:12',NULL,0,1),(332,18,NULL,'000036000000','2012-06-14 17:31:12',NULL,0,1),(333,18,NULL,'000036000001','2012-06-14 17:31:12',NULL,0,1),(334,18,NULL,'000036000002','2012-06-14 17:31:12',NULL,0,1),(335,18,NULL,'000036000003','2012-06-14 17:31:12',NULL,0,1),(336,18,NULL,'000036000004','2012-06-14 17:31:12',NULL,0,1),(337,18,NULL,'000037000000','2012-06-14 17:31:13',NULL,0,1),(338,18,NULL,'000037000001','2012-06-14 17:31:13',NULL,0,1),(339,18,NULL,'000037000002','2012-06-14 17:31:13',NULL,0,1),(340,18,NULL,'000037000003','2012-06-14 17:31:13',NULL,0,1),(341,18,NULL,'000037000004','2012-06-14 17:31:13',NULL,0,1),(342,21,NULL,'000039000000','2012-06-14 17:31:24',NULL,0,0),(343,21,NULL,'000039000001','2012-06-14 17:31:24',NULL,0,0),(344,21,NULL,'000039000002','2012-06-14 17:31:24',NULL,0,0),(345,21,NULL,'000039000003','2012-06-14 17:31:24',NULL,0,0),(346,21,NULL,'000039000004','2012-06-14 17:31:24',NULL,0,0),(347,21,NULL,'000039000005','2012-06-14 17:31:24',NULL,0,0),(348,21,NULL,'000039000006','2012-06-14 17:31:24',NULL,0,0),(349,21,NULL,'000039000007','2012-06-14 17:31:24',NULL,0,0),(350,8,NULL,'000040000000','2012-06-14 17:31:59',NULL,1,1),(351,8,NULL,'000040000001','2012-06-14 17:31:59',NULL,1,1),(352,8,NULL,'000040000002','2012-06-14 17:31:59',NULL,1,1),(353,8,NULL,'000040000003','2012-06-14 17:31:59',NULL,1,1),(354,23,NULL,'000042000000','2012-06-14 17:36:03',NULL,0,0),(355,23,NULL,'000042000001','2012-06-14 17:36:03',NULL,0,0),(356,23,NULL,'000042000002','2012-06-14 17:36:03',NULL,0,0),(357,23,NULL,'000042000003','2012-06-14 17:36:03',NULL,0,0),(358,24,NULL,'000043000000','2012-06-14 17:36:03',NULL,0,0),(359,24,NULL,'000043000001','2012-06-14 17:36:03',NULL,0,0),(360,24,NULL,'000043000002','2012-06-14 17:36:03',NULL,0,0),(361,25,NULL,'000044000000','2012-06-14 17:36:04',NULL,0,0),(362,25,NULL,'000044000001','2012-06-14 17:36:04',NULL,0,0),(363,30,NULL,'000046000000','2012-06-14 17:36:04',NULL,0,0),(364,31,NULL,'000047000000','2012-06-14 17:36:04',NULL,0,0),(365,34,NULL,'000048000000','2012-06-14 17:36:04',NULL,0,0),(366,32,NULL,'000049000000','2012-06-14 17:36:04',NULL,0,1),(367,33,NULL,'000050000000','2012-06-14 17:36:04',NULL,0,0),(368,1,NULL,'000051000000','2012-06-14 17:36:04',NULL,0,0),(369,35,NULL,'000052000000','2012-06-14 17:36:04',NULL,0,0),(370,35,NULL,'000052000001','2012-06-14 17:36:04',NULL,0,0),(371,35,NULL,'000052000002','2012-06-14 17:36:04',NULL,0,0),(372,36,NULL,'000054000000','2012-06-14 17:36:04',NULL,0,1),(373,36,NULL,'000054000001','2012-06-14 17:36:04',NULL,0,1),(374,36,NULL,'000054000002','2012-06-14 17:36:04',NULL,0,1),(375,36,NULL,'000054000003','2012-06-14 17:36:04',NULL,0,1),(376,36,NULL,'000054000004','2012-06-14 17:36:04',NULL,0,1),(377,36,NULL,'000054000005','2012-06-14 17:36:04',NULL,0,1),(378,23,NULL,'000055000000','2012-06-14 17:36:04',NULL,0,0),(379,23,NULL,'000055000001','2012-06-14 17:36:04',NULL,0,0),(380,23,NULL,'000055000002','2012-06-14 17:36:04',NULL,0,0),(381,23,NULL,'000055000003','2012-06-14 17:36:04',NULL,0,0),(382,23,NULL,'000055000004','2012-06-14 17:36:04',NULL,0,0),(383,23,NULL,'000055000005','2012-06-14 17:36:04',NULL,0,0),(384,20,NULL,'000061000000','2012-06-15 23:52:33',NULL,0,1),(385,20,NULL,'000061000001','2012-06-15 23:52:33',NULL,0,1),(386,20,NULL,'000061000002','2012-06-15 23:52:33',NULL,0,1),(387,20,NULL,'000061000003','2012-06-15 23:52:33',NULL,0,1),(388,20,NULL,'000061000004','2012-06-15 23:52:33',NULL,0,1),(389,20,NULL,'000061000005','2012-06-15 23:52:33',NULL,0,1),(390,20,NULL,'000061000006','2012-06-15 23:52:33',NULL,0,1),(391,20,NULL,'000061000007','2012-06-15 23:52:33',NULL,0,1),(392,20,NULL,'000061000008','2012-06-15 23:52:33',NULL,0,1),(393,20,NULL,'000061000009','2012-06-15 23:52:33',NULL,0,1),(394,20,NULL,'000061000010','2012-06-15 23:52:34',NULL,0,1),(395,20,NULL,'000061000011','2012-06-15 23:52:34',NULL,0,1),(396,20,NULL,'000061000012','2012-06-15 23:52:34',NULL,0,1),(397,20,NULL,'000061000013','2012-06-15 23:52:34',NULL,0,1),(398,20,NULL,'000061000014','2012-06-15 23:52:34',NULL,0,1),(399,20,NULL,'000061000015','2012-06-15 23:52:34',NULL,0,1),(400,20,NULL,'000061000016','2012-06-15 23:52:34',NULL,0,1),(401,20,NULL,'000061000017','2012-06-15 23:52:34',NULL,0,1),(402,20,NULL,'000061000018','2012-06-15 23:52:34',NULL,0,1),(403,20,NULL,'000061000019','2012-06-15 23:52:34',NULL,0,1),(404,37,NULL,'000062000000','2012-06-17 23:17:06',NULL,0,1),(405,38,NULL,'000063000000','2012-06-18 00:44:04',NULL,0,1);
/*!40000 ALTER TABLE `assets_asset` ENABLE KEYS */;
UNLOCK TABLES;

--
-- Table structure for table `assets_assetestimate`
--

DROP TABLE IF EXISTS `assets_assetestimate`;
/*!40101 SET @saved_cs_client     = @@character_set_client */;
/*!40101 SET character_set_client = utf8 */;
CREATE TABLE `assets_assetestimate` (
  `id` int(11) NOT NULL AUTO_INCREMENT,
  `asset_id` int(11) NOT NULL,
  `cost_purchase_product` decimal(10,2) DEFAULT NULL,
  `cost_purchase_tax` decimal(10,2) DEFAULT NULL,
  `cost_purchase_shipping` decimal(10,2) DEFAULT NULL,
  `cost_purchase_commision` decimal(10,2) DEFAULT NULL,
  `earn_product` decimal(10,2) DEFAULT NULL,
  `earn_tax` decimal(10,2) DEFAULT NULL,
  `earn_shipping` decimal(10,2) DEFAULT NULL,
  `cost_sell_tax` decimal(10,2) DEFAULT NULL,
  `cost_sell_shipping` decimal(10,2) DEFAULT NULL,
  `cost_sell_platform` decimal(10,2) DEFAULT NULL,
  `cost_sell_financial` decimal(10,2) DEFAULT NULL,
  `cost_sell_commission` decimal(10,2) DEFAULT NULL,
  PRIMARY KEY (`id`),
  UNIQUE KEY `asset_id` (`asset_id`)
) ENGINE=MyISAM AUTO_INCREMENT=428 DEFAULT CHARSET=utf8;
/*!40101 SET character_set_client = @saved_cs_client */;

--
-- Dumping data for table `assets_assetestimate`
--

LOCK TABLES `assets_assetestimate` WRITE;
/*!40000 ALTER TABLE `assets_assetestimate` DISABLE KEYS */;
INSERT INTO `assets_assetestimate` VALUES (36,14,'39.00','2.34','0.00','0.00','44.99','0.00','3.99','0.00','0.00','13.46','0.00','0.00'),(35,13,'39.00','2.34','0.00','0.00','44.99','0.00','3.99','0.00','0.00','13.46','0.00','0.00'),(34,12,'39.00','2.34','0.00','0.00','44.99','0.00','0.00','0.00','0.00','9.47','0.00','0.00'),(33,11,'39.00','2.34','0.00','0.00','44.99','0.00','0.00','0.00','0.00','9.47','0.00','0.00'),(32,10,'39.00','2.34','0.00','0.00','44.99','0.00','0.00','0.00','0.00','9.47','0.00','0.00'),(31,9,'39.00','2.34','0.00','0.00','44.99','0.00','0.00','0.00','0.00','9.47','0.00','0.00'),(30,8,'39.00','2.34','0.00','0.00','44.99','0.00','0.00','0.00','0.00','9.47','0.00','0.00'),(29,7,'39.00','2.34','0.00','0.00','44.99','0.00','4.98','0.00','0.00','14.45','0.00','0.00'),(28,6,'39.00','2.34','0.00','0.00','44.99','0.00','4.98','0.00','0.00','14.45','0.00','0.00'),(27,5,'39.00','2.34','0.00','0.00','44.99','0.00','0.00','0.00','0.00','9.47','0.00','0.00'),(26,4,'39.00','2.34','0.00','0.00','44.99','0.00','2.16','0.00','2.16','9.47','0.00','0.00'),(25,3,'39.00','2.34','0.00','0.00','44.99','0.00','4.49','0.00','4.49','9.47','0.00','0.00'),(24,2,'39.00','2.34','0.00','0.00','44.99','0.00','2.16','0.00','0.00','9.47','2.16','0.00'),(23,1,'39.00','2.34','0.00','0.00','34.99','0.00','3.99','0.00','3.35','6.60','6.71','0.00'),(37,15,'39.00','2.34','0.00','0.00','44.99','0.00','3.99','0.00','0.00','13.46','0.00','0.00'),(38,16,'39.00','2.34','0.00','0.00','45.39','0.00','4.49','0.00','4.49','9.53','0.00','0.00'),(39,17,'39.00','2.34','0.00','0.00','45.39','0.00','0.00','0.00','0.00','9.53','0.00','0.00'),(40,18,'39.00','2.34','0.00','0.00','44.99','0.00','4.98','0.00','0.00','14.45','0.00','0.00'),(41,19,'39.00','2.34','0.00','0.00','44.99','0.00','4.49','0.00','4.49','9.47','0.00','0.00'),(42,20,'39.00','2.34','0.00','0.00','44.99','0.00','4.49','0.00','4.49','9.47','0.00','0.00'),(43,21,'39.00','2.54','0.00','0.00','45.39','0.00','4.98','0.00','0.00','14.51','0.00','0.00'),(44,22,'39.00','2.54','0.00','0.00','45.39','0.00','0.00','0.00','0.00','9.53','0.00','0.00'),(45,23,'39.00','2.54','0.00','0.00','45.39','0.00','2.39','0.00','2.39','9.53','0.00','0.00'),(46,24,'39.00','2.54','0.00','0.00','45.39','0.00','0.00','0.00','0.00','9.53','0.00','0.00'),(47,25,'39.00','2.54','0.00','0.00','45.39','0.00','4.49','0.00','4.49','9.53','0.00','0.00'),(48,26,'39.00','2.54','0.00','0.00','45.39','0.00','0.00','0.00','0.00','9.53','0.00','0.00'),(49,27,'39.00','2.54','0.00','0.00','45.39','0.00','4.49','0.00','4.49','9.53','0.00','0.00'),(50,28,'39.00','2.54','0.00','0.00','44.99','0.00','0.00','0.00','0.00','9.47','0.00','0.00'),(51,29,'39.00','2.54','0.00','0.00','45.39','0.00','0.00','0.00','0.00','9.53','0.00','0.00'),(52,30,'39.00','2.54','0.00','0.00','45.39','0.00','2.74','0.00','2.74','9.53','0.00','0.00'),(53,31,'39.00','2.54','0.00','0.00','44.99','0.00','2.16','0.00','2.16','9.47','0.00','0.00'),(54,32,'39.00','2.54','0.00','0.00','45.39','0.00','3.42','0.00','3.42','9.53','0.00','0.00'),(55,33,'39.00','2.54','0.00','0.00','49.99','0.00','0.00','0.00','0.00','10.22','0.00','0.00'),(56,34,'39.00','2.54','0.00','0.00','49.99','0.00','9.98','0.00','0.00','20.20','0.00','0.00'),(57,35,'39.00','2.54','0.00','0.00','0.00','0.00','0.00','0.00','0.00','0.00','0.00','0.00'),(58,36,'39.00','2.54','0.00','0.00','0.00','0.00','0.00','0.00','0.00','0.00','0.00','0.00'),(59,37,'39.00','2.54','0.00','0.00','0.00','0.00','0.00','0.00','0.00','0.00','0.00','0.00'),(60,38,'39.00','2.54','0.00','0.00','0.00','0.00','0.00','0.00','0.00','0.00','0.00','0.00'),(61,39,'39.00','2.54','0.00','0.00','0.00','0.00','0.00','0.00','0.00','0.00','0.00','0.00'),(62,40,'39.00','2.54','0.00','0.00','0.00','0.00','0.00','0.00','0.00','0.00','0.00','0.00'),(63,41,'19.99','1.35','0.00','0.00','49.99','0.00','4.99','0.00','0.00','8.00','0.00','0.00'),(64,42,'19.99','1.35','0.00','0.00','54.99','0.00','0.00','0.00','0.00','10.99','0.00','0.00'),(65,43,'19.99','1.35','0.00','0.00','54.99','0.00','0.00','0.00','0.00','10.99','0.00','0.00'),(66,44,'19.99','1.35','0.00','0.00','51.85','0.00','0.00','0.00','0.00','10.52','0.00','0.00'),(67,45,'19.99','1.35','0.00','0.00','51.85','0.00','0.00','0.00','0.00','10.52','0.00','0.00'),(68,46,'19.99','1.35','0.00','0.00','51.85','0.00','0.00','0.00','0.00','10.52','0.00','0.00'),(69,47,'19.99','1.35','0.00','0.00','51.85','0.00','0.00','0.00','0.00','10.52','0.00','0.00'),(70,48,'19.99','1.35','0.00','0.00','51.85','0.00','5.58','0.00','5.58','10.52','0.00','0.00'),(71,49,'19.99','1.35','0.00','0.00','51.85','0.00','0.00','0.00','0.00','10.02','0.00','0.00'),(72,50,'19.99','1.35','0.00','0.00','51.85','0.00','0.00','0.00','0.00','10.02','0.00','0.00'),(73,51,'19.99','1.35','0.00','0.00','51.85','0.00','0.00','0.00','0.00','10.52','0.00','0.00'),(74,52,'19.99','1.35','0.00','0.00','51.85','0.00','0.00','0.00','0.00','10.52','0.00','0.00'),(75,53,'19.99','1.35','0.00','0.00','51.85','0.00','0.00','0.00','0.00','10.52','0.00','0.00'),(76,54,'19.99','1.35','0.00','0.00','51.85','0.00','2.51','0.00','2.51','10.52','0.00','0.00'),(77,55,'19.99','1.35','0.00','0.00','51.85','0.00','3.99','0.00','0.00','14.51','0.00','0.00'),(78,56,'57.50','3.74','0.00','3.45','96.00','0.00','0.00','0.00','0.00','0.00','0.00','0.00'),(79,57,'57.50','3.74','0.00','3.45','96.00','0.00','0.00','0.00','0.00','0.00','0.00','0.00'),(80,58,'57.50','3.74','0.00','3.45','96.00','0.00','0.00','0.00','0.00','0.00','0.00','0.00'),(81,59,'57.50','3.74','0.00','3.45','96.00','0.00','0.00','0.00','0.00','0.00','0.00','0.00'),(82,60,'57.50','3.74','0.00','3.45','96.00','0.00','0.00','0.00','0.00','0.00','0.00','0.00'),(83,61,'57.50','3.74','0.00','3.45','96.00','0.00','0.00','0.00','0.00','0.00','0.00','0.00'),(84,62,'57.50','3.74','0.00','3.45','95.00','0.00','0.00','0.00','0.00','0.00','0.00','0.00'),(85,63,'57.50','3.74','0.00','3.45','124.00','0.00','0.00','0.00','0.00','7.20','3.90','0.00'),(86,64,'57.50','3.74','0.00','3.45','124.00','0.00','0.00','0.00','0.00','7.20','3.90','0.00'),(87,65,'57.50','3.74','0.00','3.45','0.00','0.00','0.00','0.00','0.00','0.00','0.00','0.00'),(88,66,'57.50','3.45','0.00','0.00','0.00','0.00','0.00','0.00','0.00','0.00','0.00','0.00'),(89,67,'53.99','0.00','0.00','0.00','0.00','0.00','0.00','0.00','0.00','0.00','0.00','0.00'),(90,68,'71.98','0.00','0.00','0.00','90.00','0.00','0.00','0.00','0.00','0.00','0.00','0.00'),(91,69,'71.98','0.00','0.00','0.00','90.00','0.00','0.00','0.00','0.00','0.00','0.00','0.00'),(92,70,'71.98','0.00','0.00','0.00','90.00','0.00','0.00','0.00','0.00','0.00','0.00','0.00'),(93,71,'71.98','0.00','0.00','0.00','90.00','0.00','0.00','0.00','0.00','0.00','0.00','0.00'),(94,72,'149.00','8.94','0.00','0.00','219.50','0.00','0.00','0.00','4.90','19.76','8.86','0.00'),(95,73,'149.00','8.94','0.00','0.00','220.00','0.00','0.00','0.00','4.90','19.80','6.68','0.00'),(96,74,'149.00','8.94','0.00','0.00','220.00','0.00','0.00','0.00','4.90','15.70','6.68','0.00'),(97,75,'149.00','8.94','0.00','0.00','245.00','0.00','0.00','0.00','12.95','15.70','9.86','0.00'),(98,76,'49.99','3.73','7.40','0.00','80.00','0.00','0.00','0.00','0.00','0.00','0.00','0.00'),(99,77,'49.99','3.73','7.40','0.00','80.00','0.00','0.00','0.00','0.00','0.00','0.00','0.00'),(100,78,'49.99','3.73','7.40','0.00','80.00','0.00','0.00','0.00','0.00','0.00','0.00','0.00'),(101,79,'49.99','3.73','7.40','0.00','80.00','0.00','0.00','0.00','0.00','0.00','0.00','0.00'),(102,80,'49.99','3.73','7.40','0.00','80.00','0.00','0.00','0.00','0.00','0.00','0.00','0.00'),(103,81,'59.84','6.00','0.00','0.00','100.00','0.00','0.00','0.00','0.00','0.00','0.00','0.00'),(104,82,'65.84','0.00','0.00','0.00','130.00','0.00','0.00','0.00','0.00','7.50','4.07','0.00'),(105,83,'0.00','0.00','0.00','0.00','16.99','0.00','0.00','0.00','0.00','2.21','0.79','0.00'),(106,84,'0.00','0.00','0.00','0.00','16.99','0.00','0.00','0.00','0.00','2.21','0.79','0.00'),(107,85,'0.00','0.00','0.00','0.00','16.99','0.00','0.00','0.00','0.00','2.21','0.79','0.00'),(108,86,'0.00','0.00','0.00','0.00','16.99','0.00','0.00','0.00','1.64','2.21','0.79','0.00'),(109,87,'0.00','0.00','0.00','0.00','16.99','0.00','0.00','0.00','0.00','2.21','0.79','0.00'),(110,88,'0.00','0.00','0.00','0.00','16.99','0.00','0.00','0.00','1.64','2.21','0.79','0.00'),(111,89,'0.00','0.00','0.00','0.00','16.99','0.00','0.00','0.00','0.00','2.21','0.79','0.00'),(112,90,'0.00','0.00','0.00','0.00','16.99','0.00','0.00','0.00','1.64','1.19','0.79','0.00'),(113,91,'0.00','0.00','0.00','0.00','16.99','0.00','0.00','0.00','1.64','1.19','0.79','0.00'),(114,92,'0.00','0.00','0.00','0.00','16.99','0.00','0.00','0.00','1.64','1.19','0.79','0.00'),(115,93,'0.00','0.00','0.00','0.00','16.99','0.00','0.00','0.00','0.00','1.19','0.96','0.00'),(116,94,'0.00','0.00','0.00','0.00','16.99','0.00','0.00','0.00','0.00','1.19','0.79','0.00'),(117,95,'0.00','0.00','0.00','0.00','16.99','0.00','0.00','0.00','0.00','1.19','0.79','0.00'),(118,96,'0.00','0.00','0.00','0.00','16.99','0.00','0.00','0.00','1.64','1.19','0.79','0.00'),(119,97,'0.00','0.00','0.00','0.00','16.99','0.00','0.00','0.00','1.64','1.19','0.79','0.00'),(120,98,'0.00','0.00','0.00','0.00','16.99','0.00','0.00','0.00','0.42','1.19','0.55','0.00'),(121,99,'0.00','0.00','0.00','0.00','16.99','0.00','0.00','0.00','0.42','1.19','0.55','0.00'),(122,100,'0.00','0.00','0.00','0.00','16.99','0.00','0.00','0.00','0.42','1.19','0.55','0.00'),(123,101,'0.00','0.00','0.00','0.00','16.99','0.00','0.00','0.00','0.42','1.19','0.55','0.00'),(124,102,'0.00','0.00','0.00','0.00','16.99','0.00','0.00','0.00','0.42','1.19','0.55','0.00'),(125,103,'99.00','6.00','0.00','5.95','0.00','0.00','0.00','0.00','0.00','0.00','0.00','0.00'),(126,104,'99.00','6.00','0.00','5.95','0.00','0.00','0.00','0.00','0.00','0.00','0.00','0.00'),(127,105,'99.00','6.00','0.00','5.94','0.00','0.00','0.00','0.00','0.00','0.00','0.00','0.00'),(128,106,'99.00','6.00','0.00','5.94','0.00','0.00','0.00','0.00','0.00','0.00','0.00','0.00'),(129,107,'99.99','6.50','0.00','0.00','0.00','0.00','0.00','0.00','0.00','0.00','0.00','0.00'),(130,108,'99.99','6.50','0.00','0.00','0.00','0.00','0.00','0.00','0.00','0.00','0.00','0.00'),(131,109,'99.99','6.50','0.00','0.00','0.00','0.00','0.00','0.00','0.00','0.00','0.00','0.00'),(132,110,'99.99','6.50','0.00','0.00','0.00','0.00','0.00','0.00','0.00','0.00','0.00','0.00'),(133,111,'99.00','6.00','0.00','0.00','0.00','0.00','0.00','0.00','0.00','0.00','0.00','0.00'),(134,112,'99.00','6.00','0.00','0.00','0.00','0.00','0.00','0.00','0.00','0.00','0.00','0.00'),(135,113,'0.00','0.00','0.00','0.00','16.99','0.00','0.00','0.00','1.64','1.19','0.79','0.00'),(136,114,'0.00','0.00','0.00','0.00','16.99','0.00','0.00','0.00','0.00','1.19','0.79','0.00'),(137,115,'0.00','0.00','0.00','0.00','16.99','0.00','0.00','0.00','1.64','1.19','0.79','0.00'),(138,116,'0.00','0.00','0.00','0.00','16.99','0.00','0.00','0.00','1.64','1.19','0.79','0.00'),(139,117,'0.00','0.00','0.00','0.00','17.50','0.00','0.00','0.00','1.64','1.23','0.81','0.00'),(140,118,'0.00','0.00','0.00','0.00','15.88','0.00','0.00','0.00','0.29','1.19','0.53','0.00'),(141,119,'0.00','0.00','0.00','0.00','15.88','0.00','0.00','0.00','0.29','1.19','0.53','0.00'),(142,120,'0.00','0.00','0.00','0.00','15.88','0.00','0.00','0.00','0.29','1.19','0.53','0.00'),(143,121,'0.00','0.00','0.00','0.00','0.00','0.00','0.00','0.00','0.00','0.00','0.00','0.00'),(144,122,'0.00','0.00','0.00','0.00','0.00','0.00','0.00','0.00','0.00','0.00','0.00','0.00'),(145,123,'0.00','0.00','0.00','0.00','0.00','0.00','0.00','0.00','0.00','0.00','0.00','0.00'),(146,124,'0.00','0.00','0.00','0.00','0.00','0.00','0.00','0.00','0.00','0.00','0.00','0.00'),(147,125,'0.00','0.00','0.00','0.00','0.00','0.00','0.00','0.00','0.00','0.00','0.00','0.00'),(148,126,'0.00','0.00','0.00','0.00','0.00','0.00','0.00','0.00','0.00','0.00','0.00','0.00'),(149,127,'0.00','0.00','0.00','0.00','15.88','0.00','0.00','0.00','0.29','1.19','0.53','0.00'),(150,128,'0.00','0.00','0.00','0.00','15.88','0.00','0.00','0.00','0.29','1.19','0.53','0.00'),(151,129,'0.00','0.00','0.00','0.00','15.88','0.00','0.00','0.00','0.29','1.19','0.53','0.00'),(152,130,'0.00','0.00','0.00','0.00','15.88','0.00','0.00','0.00','0.29','1.19','0.53','0.00'),(153,131,'0.00','0.00','0.00','0.00','15.88','0.00','0.00','0.00','0.29','1.19','0.53','0.00'),(154,132,'0.00','0.00','0.00','0.00','15.88','0.00','0.00','0.00','0.29','1.19','0.53','0.00'),(155,133,'149.00','12.94','0.00','8.94','170.00','0.00','0.00','0.00','0.00','0.00','0.00','0.00'),(156,134,'149.00','12.94','0.00','8.94','170.00','0.00','0.00','0.00','0.00','0.00','0.00','0.00'),(157,135,'149.00','12.94','0.00','8.94','170.00','0.00','0.00','0.00','0.00','0.00','0.00','0.00'),(158,136,'149.00','12.94','0.00','8.94','170.00','0.00','0.00','0.00','0.00','0.00','0.00','0.00'),(159,137,'149.00','12.94','0.00','8.94','170.00','0.00','0.00','0.00','0.00','0.00','0.00','0.00'),(160,138,'149.00','12.94','0.00','8.94','170.00','0.00','0.00','0.00','0.00','0.00','0.00','0.00'),(161,139,'149.00','12.94','0.00','8.94','170.00','0.00','0.00','0.00','0.00','0.00','0.00','0.00'),(162,140,'149.00','12.94','0.00','8.94','170.00','0.00','0.00','0.00','0.00','0.00','0.00','0.00'),(163,141,'149.00','12.94','0.00','8.94','170.00','0.00','0.00','0.00','0.00','0.00','0.00','0.00'),(164,142,'149.00','12.94','0.00','8.94','170.00','0.00','0.00','0.00','0.00','0.00','0.00','0.00'),(165,143,'149.00','12.94','0.00','8.94','170.00','0.00','0.00','0.00','0.00','0.00','0.00','0.00'),(166,144,'149.00','12.94','0.00','8.94','170.00','0.00','0.00','0.00','0.00','0.00','0.00','0.00'),(167,145,'149.00','12.94','0.00','8.94','170.00','0.00','0.00','0.00','0.00','0.00','0.00','0.00'),(168,146,'149.00','12.94','0.00','8.94','170.00','0.00','0.00','0.00','0.00','0.00','0.00','0.00'),(169,147,'149.00','12.94','0.00','8.94','170.00','0.00','0.00','0.00','0.00','0.00','0.00','0.00'),(170,148,'149.00','12.94','0.00','8.94','170.00','0.00','0.00','0.00','0.00','0.00','0.00','0.00'),(171,149,'149.00','12.94','0.00','8.94','170.00','0.00','0.00','0.00','0.00','0.00','0.00','0.00'),(172,150,'149.00','12.94','0.00','8.94','170.00','0.00','0.00','0.00','0.00','0.00','0.00','0.00'),(173,151,'149.00','12.94','0.00','8.94','170.00','0.00','0.00','0.00','0.00','0.00','0.00','0.00'),(174,152,'149.00','12.94','0.00','8.94','170.00','0.00','0.00','0.00','0.00','0.00','0.00','0.00'),(175,153,'149.00','12.94','0.00','8.94','195.00','0.00','0.00','0.00','11.38','17.55','5.96','0.00'),(176,154,'149.00','12.94','0.00','8.94','189.99','0.00','0.00','0.00','0.00','10.50','5.81','0.00'),(177,155,'149.00','12.94','0.00','8.94','189.99','0.00','0.00','0.00','0.00','10.50','5.57','0.00'),(178,156,'149.00','12.94','0.00','8.94','189.99','0.00','0.00','0.00','0.00','10.50','5.57','0.00'),(179,157,'149.00','12.94','0.00','8.94','189.99','0.00','0.00','0.00','0.00','10.50','5.57','0.00'),(180,158,'149.00','12.94','0.00','8.94','189.99','0.00','0.00','0.00','0.00','10.50','5.57','0.00'),(181,159,'149.00','12.94','0.00','8.94','189.99','0.00','0.00','0.00','0.00','10.50','5.57','0.00'),(182,160,'149.00','12.94','0.00','8.94','170.00','0.00','0.00','0.00','0.00','0.00','0.00','0.00'),(183,161,'149.00','12.94','0.00','8.94','173.00','0.00','0.00','0.00','0.00','0.00','0.00','0.00'),(184,162,'149.00','12.94','0.00','8.94','173.00','0.00','0.00','0.00','0.00','0.00','0.00','0.00'),(185,163,'149.00','12.94','0.00','8.94','206.54','0.00','0.00','0.00','0.00','0.00','0.00','0.00'),(186,164,'149.00','12.94','0.00','8.94','206.54','0.00','0.00','0.00','0.00','0.00','0.00','0.00'),(187,165,'149.00','12.94','0.00','8.94','206.54','0.00','0.00','0.00','0.00','0.00','0.00','0.00'),(188,166,'149.00','12.94','0.00','8.94','206.54','0.00','0.00','0.00','0.00','0.00','0.00','0.00'),(189,167,'149.00','12.94','0.00','8.94','206.54','0.00','0.00','0.00','0.00','0.00','0.00','0.00'),(190,168,'149.00','12.94','0.00','8.94','206.54','0.00','0.00','0.00','0.00','0.00','0.00','0.00'),(191,169,'149.00','12.94','0.00','8.94','173.00','0.00','0.00','0.00','0.00','0.00','0.00','0.00'),(192,170,'149.00','12.94','0.00','8.94','173.00','0.00','0.00','0.00','0.00','0.00','0.00','0.00'),(193,171,'149.00','12.94','0.00','8.94','173.00','0.00','0.00','0.00','0.00','0.00','0.00','0.00'),(194,172,'149.00','12.94','0.00','8.94','173.00','0.00','0.00','0.00','0.00','0.00','0.00','0.00'),(195,173,'149.00','12.94','0.00','8.94','173.00','0.00','0.00','0.00','0.00','0.00','0.00','0.00'),(196,174,'149.00','12.94','0.00','8.94','173.00','0.00','0.00','0.00','0.00','0.00','0.00','0.00'),(197,175,'149.00','12.94','0.00','8.94','173.00','0.00','0.00','0.00','0.00','0.00','0.00','0.00'),(198,176,'149.00','12.94','0.00','8.94','173.00','0.00','0.00','0.00','0.00','0.00','0.00','0.00'),(199,177,'149.00','12.94','0.00','8.94','173.00','0.00','0.00','0.00','0.00','0.00','0.00','0.00'),(200,178,'149.00','12.94','0.00','8.94','173.00','0.00','0.00','0.00','0.00','0.00','0.00','0.00'),(201,179,'149.00','12.94','0.00','8.94','173.00','0.00','0.00','0.00','0.00','0.00','0.00','0.00'),(202,180,'149.00','12.94','0.00','8.94','173.00','0.00','0.00','0.00','0.00','0.00','0.00','0.00'),(203,181,'149.00','12.94','0.00','8.94','173.00','0.00','0.00','0.00','0.00','0.00','0.00','0.00'),(204,182,'149.00','12.94','0.00','8.94','173.00','0.00','0.00','0.00','0.00','0.00','0.00','0.00'),(205,183,'149.00','12.94','0.00','8.94','173.00','0.00','0.00','0.00','0.00','0.00','0.00','0.00'),(206,184,'149.00','12.94','0.00','8.94','173.00','0.00','0.00','0.00','0.00','0.00','0.00','0.00'),(207,185,'149.00','12.94','0.00','8.94','173.00','0.00','0.00','0.00','0.00','0.00','0.00','0.00'),(208,186,'149.00','12.94','0.00','8.94','173.00','0.00','0.00','0.00','0.00','0.00','0.00','0.00'),(209,187,'149.00','12.94','0.00','8.94','173.00','0.00','0.00','0.00','0.00','0.00','0.00','0.00'),(210,188,'149.00','12.94','0.00','8.94','173.00','0.00','0.00','0.00','0.00','0.00','0.00','0.00'),(211,189,'149.00','12.94','0.00','8.94','173.00','0.00','0.00','0.00','0.00','0.00','0.00','0.00'),(212,190,'149.00','12.94','0.00','8.94','173.00','0.00','0.00','0.00','0.00','0.00','0.00','0.00'),(213,191,'149.00','12.94','0.00','8.94','173.00','0.00','0.00','0.00','0.00','0.00','0.00','0.00'),(214,192,'149.00','12.94','0.00','8.94','173.00','0.00','0.00','0.00','0.00','0.00','0.00','0.00'),(215,193,'149.00','12.94','0.00','8.94','173.00','0.00','0.00','0.00','0.00','0.00','0.00','0.00'),(216,194,'149.00','12.94','0.00','8.94','173.00','0.00','0.00','0.00','0.00','0.00','0.00','0.00'),(217,195,'149.00','12.94','0.00','8.94','173.00','0.00','0.00','0.00','0.00','0.00','0.00','0.00'),(218,196,'149.00','12.94','0.00','8.94','173.00','0.00','0.00','0.00','0.00','0.00','0.00','0.00'),(219,197,'149.00','12.94','0.00','8.94','173.00','0.00','0.00','0.00','0.00','0.00','0.00','0.00'),(220,198,'149.00','12.94','0.00','8.94','173.00','0.00','0.00','0.00','0.00','0.00','0.00','0.00'),(221,199,'149.00','12.94','0.00','8.94','173.00','0.00','0.00','0.00','0.00','0.00','0.00','0.00'),(222,200,'149.00','12.94','0.00','8.94','173.00','0.00','0.00','0.00','0.00','0.00','0.00','0.00'),(223,201,'149.00','12.94','0.00','8.94','173.00','0.00','0.00','0.00','0.00','0.00','0.00','0.00'),(224,202,'149.00','12.94','0.00','8.94','173.00','0.00','0.00','0.00','0.00','0.00','0.00','0.00'),(225,203,'149.00','12.94','0.00','8.94','173.00','0.00','0.00','0.00','0.00','0.00','0.00','0.00'),(226,204,'149.00','12.94','0.00','8.94','173.00','0.00','0.00','0.00','0.00','0.00','0.00','0.00'),(227,205,'149.00','12.94','0.00','8.94','173.00','0.00','0.00','0.00','0.00','0.00','0.00','0.00'),(228,206,'149.00','12.94','0.00','8.94','173.00','0.00','0.00','0.00','0.00','0.00','0.00','0.00'),(229,207,'149.00','12.94','0.00','8.94','173.00','0.00','0.00','0.00','0.00','0.00','0.00','0.00'),(230,208,'149.00','12.94','0.00','8.94','173.00','0.00','0.00','0.00','0.00','0.00','0.00','0.00'),(231,209,'149.00','12.94','0.00','8.94','173.00','0.00','0.00','0.00','0.00','0.00','0.00','0.00'),(232,210,'149.00','12.94','0.00','8.94','173.00','0.00','0.00','0.00','0.00','0.00','0.00','0.00'),(233,211,'149.00','12.94','0.00','8.94','173.00','0.00','0.00','0.00','0.00','0.00','0.00','0.00'),(234,212,'149.00','12.94','0.00','8.94','173.00','0.00','0.00','0.00','0.00','0.00','0.00','0.00'),(235,213,'149.00','12.94','0.00','8.94','173.00','0.00','0.00','0.00','0.00','0.00','0.00','0.00'),(236,214,'149.00','12.94','0.00','8.94','173.00','0.00','0.00','0.00','0.00','0.00','0.00','0.00'),(237,215,'149.00','12.94','0.00','8.94','173.00','0.00','0.00','0.00','0.00','0.00','0.00','0.00'),(238,216,'149.00','12.94','0.00','8.94','173.00','0.00','0.00','0.00','0.00','0.00','0.00','0.00'),(239,217,'149.00','12.94','0.00','8.94','173.00','0.00','0.00','0.00','0.00','0.00','0.00','0.00'),(240,218,'149.00','12.94','0.00','8.94','173.00','0.00','0.00','0.00','0.00','0.00','0.00','0.00'),(241,219,'149.00','12.94','0.00','8.94','173.00','0.00','0.00','0.00','0.00','0.00','0.00','0.00'),(242,220,'149.00','12.94','0.00','8.94','173.00','0.00','0.00','0.00','0.00','0.00','0.00','0.00'),(243,221,'149.00','12.94','0.00','8.94','173.00','0.00','0.00','0.00','0.00','0.00','0.00','0.00'),(244,222,'149.00','12.94','0.00','8.94','173.00','0.00','0.00','0.00','0.00','0.00','0.00','0.00'),(245,223,'149.00','12.94','0.00','8.94','173.00','0.00','0.00','0.00','0.00','0.00','0.00','0.00'),(246,224,'149.00','12.94','0.00','8.94','173.00','0.00','0.00','0.00','0.00','0.00','0.00','0.00'),(247,225,'149.00','12.94','0.00','8.94','173.00','0.00','0.00','0.00','0.00','0.00','0.00','0.00'),(248,226,'149.00','12.94','0.00','8.94','173.00','0.00','0.00','0.00','0.00','0.00','0.00','0.00'),(249,227,'149.00','12.94','0.00','8.94','173.00','0.00','0.00','0.00','0.00','0.00','0.00','0.00'),(250,228,'149.00','12.94','0.00','8.94','173.00','0.00','0.00','0.00','0.00','0.00','0.00','0.00'),(251,229,'149.00','12.94','0.00','8.94','173.00','0.00','0.00','0.00','0.00','0.00','0.00','0.00'),(252,230,'149.00','12.94','0.00','8.94','173.00','0.00','0.00','0.00','0.00','0.00','0.00','0.00'),(253,231,'149.00','12.94','0.00','8.94','173.00','0.00','0.00','0.00','0.00','0.00','0.00','0.00'),(254,232,'149.00','12.94','0.00','8.94','173.00','0.00','0.00','0.00','0.00','0.00','0.00','0.00'),(255,233,'149.00','12.94','0.00','8.94','173.00','0.00','0.00','0.00','0.00','0.00','0.00','0.00'),(256,234,'149.00','12.94','0.00','8.94','173.00','0.00','0.00','0.00','0.00','0.00','0.00','0.00'),(257,235,'149.00','12.94','0.00','8.94','173.00','0.00','0.00','0.00','0.00','0.00','0.00','0.00'),(258,236,'149.00','12.94','0.00','8.94','173.00','0.00','0.00','0.00','0.00','0.00','0.00','0.00'),(259,237,'149.00','12.94','0.00','8.94','173.00','0.00','0.00','0.00','0.00','0.00','0.00','0.00'),(260,238,'149.00','12.94','0.00','8.94','173.00','0.00','0.00','0.00','0.00','0.00','0.00','0.00'),(261,239,'149.00','12.94','0.00','8.94','173.00','0.00','0.00','0.00','0.00','0.00','0.00','0.00'),(262,240,'149.00','12.94','0.00','8.94','173.00','0.00','0.00','0.00','0.00','0.00','0.00','0.00'),(263,241,'149.00','12.94','0.00','8.94','173.00','0.00','0.00','0.00','0.00','0.00','0.00','0.00'),(264,242,'149.00','12.94','0.00','8.94','173.00','0.00','0.00','0.00','0.00','0.00','0.00','0.00'),(265,243,'149.00','12.94','0.00','8.94','173.00','0.00','0.00','0.00','0.00','0.00','0.00','0.00'),(266,244,'149.00','12.94','0.00','8.94','173.00','0.00','0.00','0.00','0.00','0.00','0.00','0.00'),(267,245,'149.00','12.94','0.00','8.94','173.00','0.00','0.00','0.00','0.00','0.00','0.00','0.00'),(268,246,'149.00','12.94','0.00','8.94','173.00','0.00','0.00','0.00','0.00','0.00','0.00','0.00'),(269,247,'9.99','0.60','0.00','0.60','0.00','0.00','0.00','0.00','0.00','0.00','0.00','0.00'),(270,248,'9.99','0.60','0.00','0.60','0.00','0.00','0.00','0.00','0.00','0.00','0.00','0.00'),(271,249,'9.99','0.60','0.00','0.60','0.00','0.00','0.00','0.00','0.00','0.00','0.00','0.00'),(272,250,'9.99','0.60','0.00','0.60','0.00','0.00','0.00','0.00','0.00','0.00','0.00','0.00'),(273,251,'9.99','0.60','0.00','0.60','0.00','0.00','0.00','0.00','0.00','0.00','0.00','0.00'),(274,252,'9.99','0.60','0.00','0.00','0.00','0.00','0.00','0.00','0.00','0.00','0.00','0.00'),(275,253,'9.99','0.60','0.00','0.00','0.00','0.00','0.00','0.00','0.00','0.00','0.00','0.00'),(276,254,'79.95','0.00','0.00','0.00','0.00','0.00','0.00','0.00','0.00','0.00','0.00','0.00'),(277,255,'79.95','0.00','0.00','0.00','0.00','0.00','0.00','0.00','0.00','0.00','0.00','0.00'),(278,256,'79.95','0.00','0.00','0.00','0.00','0.00','0.00','0.00','0.00','0.00','0.00','0.00'),(279,257,'79.95','0.00','0.00','0.00','0.00','0.00','0.00','0.00','0.00','0.00','0.00','0.00'),(280,258,'79.95','0.00','0.00','0.00','0.00','0.00','0.00','0.00','0.00','0.00','0.00','0.00'),(281,259,'79.95','0.00','0.00','0.00','0.00','0.00','0.00','0.00','0.00','0.00','0.00','0.00'),(282,260,'79.95','0.00','0.00','0.00','0.00','0.00','0.00','0.00','0.00','0.00','0.00','0.00'),(283,261,'79.95','0.00','0.00','0.00','0.00','0.00','0.00','0.00','0.00','0.00','0.00','0.00'),(284,262,'71.98','0.00','0.00','0.00','0.00','0.00','0.00','0.00','0.00','0.00','0.00','0.00'),(285,263,'71.98','0.00','0.00','0.00','0.00','0.00','0.00','0.00','0.00','0.00','0.00','0.00'),(286,264,'79.99','0.00','0.00','0.00','0.00','0.00','0.00','0.00','0.00','0.00','0.00','0.00'),(287,265,'79.99','0.00','0.00','0.00','0.00','0.00','0.00','0.00','0.00','0.00','0.00','0.00'),(288,266,'79.99','0.00','0.00','0.00','0.00','0.00','0.00','0.00','0.00','0.00','0.00','0.00'),(289,267,'79.99','0.00','0.00','0.00','0.00','0.00','0.00','0.00','0.00','0.00','0.00','0.00'),(290,268,'79.99','0.00','0.00','0.00','0.00','0.00','0.00','0.00','0.00','0.00','0.00','0.00'),(291,269,'79.99','0.00','0.00','0.00','0.00','0.00','0.00','0.00','0.00','0.00','0.00','0.00'),(292,270,'79.99','0.00','0.00','0.00','0.00','0.00','0.00','0.00','0.00','0.00','0.00','0.00'),(293,271,'79.99','0.00','0.00','0.00','0.00','0.00','0.00','0.00','0.00','0.00','0.00','0.00'),(294,272,'79.99','0.00','0.00','0.00','0.00','0.00','0.00','0.00','0.00','0.00','0.00','0.00'),(295,273,'79.99','0.00','0.00','0.00','0.00','0.00','0.00','0.00','0.00','0.00','0.00','0.00'),(296,274,'79.99','0.00','0.00','0.00','0.00','0.00','0.00','0.00','0.00','0.00','0.00','0.00'),(297,275,'79.99','0.00','0.00','0.00','0.00','0.00','0.00','0.00','0.00','0.00','0.00','0.00'),(298,276,'79.99','0.00','0.00','0.00','0.00','0.00','0.00','0.00','0.00','0.00','0.00','0.00'),(299,277,'79.99','0.00','0.00','0.00','0.00','0.00','0.00','0.00','0.00','0.00','0.00','0.00'),(300,278,'71.98','0.00','0.00','0.00','0.00','0.00','0.00','0.00','0.00','0.00','0.00','0.00'),(301,279,'71.98','0.00','0.00','0.00','0.00','0.00','0.00','0.00','0.00','0.00','0.00','0.00'),(302,280,'45.00','0.00','0.00','0.00','20.00','0.00','0.00','0.00','0.00','0.00','0.00','0.00'),(303,281,'45.00','0.00','0.00','0.00','20.00','0.00','0.00','0.00','0.00','0.00','0.00','0.00'),(304,282,'129.50','8.42','0.00','8.28','250.00','0.00','0.00','0.00','0.00','0.00','0.00','0.00'),(305,283,'49.00','3.18','0.00','2.94','0.00','0.00','0.00','0.00','0.00','0.00','0.00','0.00'),(306,284,'49.00','3.18','0.00','2.94','0.00','0.00','0.00','0.00','0.00','0.00','0.00','0.00'),(307,285,'49.00','3.18','0.00','2.94','0.00','0.00','0.00','0.00','0.00','0.00','0.00','0.00'),(308,286,'49.00','3.18','0.00','2.94','0.00','0.00','0.00','0.00','0.00','0.00','0.00','0.00'),(309,287,'49.00','3.18','0.00','2.94','0.00','0.00','0.00','0.00','0.00','0.00','0.00','0.00'),(310,288,'49.00','3.18','0.00','2.94','0.00','0.00','0.00','0.00','0.00','0.00','0.00','0.00'),(311,289,'39.99','2.40','0.00','0.00','0.00','0.00','0.00','0.00','0.00','0.00','0.00','0.00'),(312,290,'39.99','2.40','0.00','0.00','0.00','0.00','0.00','0.00','0.00','0.00','0.00','0.00'),(313,291,'39.99','2.40','0.00','0.00','0.00','0.00','0.00','0.00','0.00','0.00','0.00','0.00'),(314,292,'39.99','2.40','0.00','0.00','0.00','0.00','0.00','0.00','0.00','0.00','0.00','0.00'),(315,293,'39.99','2.40','0.00','0.00','0.00','0.00','0.00','0.00','0.00','0.00','0.00','0.00'),(316,294,'79.00','5.53','0.00','2.94','64.00','0.00','0.00','0.00','0.00','0.00','0.00','0.00'),(317,295,'79.00','5.53','0.00','2.94','64.00','0.00','0.00','0.00','0.00','0.00','0.00','0.00'),(318,296,'79.00','5.53','0.00','2.94','64.00','0.00','0.00','0.00','0.00','0.00','0.00','0.00'),(319,297,'79.00','5.53','0.00','2.94','64.00','0.00','0.00','0.00','0.00','0.00','0.00','0.00'),(320,298,'79.00','5.53','0.00','2.94','64.00','0.00','0.00','0.00','0.00','0.00','0.00','0.00'),(321,299,'79.00','5.53','0.00','2.94','64.00','0.00','0.00','0.00','0.00','0.00','0.00','0.00'),(322,300,'79.00','5.53','0.00','2.94','64.00','0.00','0.00','0.00','0.00','0.00','0.00','0.00'),(323,301,'79.00','5.53','0.00','2.94','64.00','0.00','0.00','0.00','0.00','0.00','0.00','0.00'),(324,302,'79.00','5.53','0.00','2.94','64.00','0.00','0.00','0.00','0.00','0.00','0.00','0.00'),(325,303,'79.00','5.14','0.00','2.94','64.00','0.00','0.00','0.00','0.00','0.00','0.00','0.00'),(326,304,'79.00','5.14','0.00','2.94','64.00','0.00','0.00','0.00','0.00','0.00','0.00','0.00'),(327,305,'49.00','5.14','0.00','2.94','64.00','0.00','0.00','0.00','0.00','0.00','0.00','0.00'),(328,306,'49.00','5.14','0.00','2.94','64.00','0.00','0.00','0.00','0.00','0.00','0.00','0.00'),(329,307,'49.00','5.14','0.00','2.94','64.00','0.00','0.00','0.00','0.00','0.00','0.00','0.00'),(330,308,'49.00','5.14','0.00','2.94','64.00','0.00','0.00','0.00','0.00','0.00','0.00','0.00'),(331,309,'49.00','5.14','0.00','2.94','64.00','0.00','0.00','0.00','0.00','0.00','0.00','0.00'),(332,310,'49.00','5.14','0.00','2.94','64.00','0.00','0.00','0.00','0.00','0.00','0.00','0.00'),(333,311,'49.00','5.14','0.00','2.94','64.00','0.00','0.00','0.00','0.00','0.00','0.00','0.00'),(334,312,'49.00','5.14','0.00','2.94','64.00','0.00','0.00','0.00','0.00','0.00','0.00','0.00'),(335,313,'49.00','5.14','0.00','2.94','64.00','0.00','0.00','0.00','0.00','0.00','0.00','0.00'),(336,314,'49.00','5.14','0.00','2.94','64.00','0.00','0.00','0.00','0.00','0.00','0.00','0.00'),(337,315,'49.00','5.14','0.00','2.94','64.00','0.00','0.00','0.00','0.00','0.00','0.00','0.00'),(338,316,'49.00','5.14','0.00','2.94','64.00','0.00','0.00','0.00','0.00','0.00','0.00','0.00'),(339,317,'49.99','3.44','7.40','0.00','0.00','0.00','0.00','0.00','0.00','0.00','0.00','0.00'),(340,318,'49.99','3.44','7.40','0.00','0.00','0.00','0.00','0.00','0.00','0.00','0.00','0.00'),(341,319,'49.99','3.44','7.40','0.00','0.00','0.00','0.00','0.00','0.00','0.00','0.00','0.00'),(342,320,'49.99','3.44','7.40','0.00','0.00','0.00','0.00','0.00','0.00','0.00','0.00','0.00'),(343,321,'49.99','3.44','7.40','0.00','0.00','0.00','0.00','0.00','0.00','0.00','0.00','0.00'),(344,322,'49.99','3.73','7.40','0.00','0.00','0.00','0.00','0.00','0.00','0.00','0.00','0.00'),(345,323,'49.99','3.73','7.40','0.00','0.00','0.00','0.00','0.00','0.00','0.00','0.00','0.00'),(346,324,'49.99','3.73','7.40','0.00','0.00','0.00','0.00','0.00','0.00','0.00','0.00','0.00'),(347,325,'49.99','3.73','7.40','0.00','0.00','0.00','0.00','0.00','0.00','0.00','0.00','0.00'),(348,326,'49.99','3.73','7.40','0.00','0.00','0.00','0.00','0.00','0.00','0.00','0.00','0.00'),(349,327,'49.99','3.73','7.40','0.00','0.00','0.00','0.00','0.00','0.00','0.00','0.00','0.00'),(350,328,'49.99','3.73','7.40','0.00','0.00','0.00','0.00','0.00','0.00','0.00','0.00','0.00'),(351,329,'49.99','3.73','7.40','0.00','0.00','0.00','0.00','0.00','0.00','0.00','0.00','0.00'),(352,330,'49.99','3.73','7.40','0.00','0.00','0.00','0.00','0.00','0.00','0.00','0.00','0.00'),(353,331,'49.99','3.73','7.40','0.00','0.00','0.00','0.00','0.00','0.00','0.00','0.00','0.00'),(354,332,'49.99','3.73','7.40','0.00','0.00','0.00','0.00','0.00','0.00','0.00','0.00','0.00'),(355,333,'49.99','3.73','7.40','0.00','0.00','0.00','0.00','0.00','0.00','0.00','0.00','0.00'),(356,334,'49.99','3.73','7.40','0.00','0.00','0.00','0.00','0.00','0.00','0.00','0.00','0.00'),(357,335,'49.99','3.73','7.40','0.00','0.00','0.00','0.00','0.00','0.00','0.00','0.00','0.00'),(358,336,'49.99','3.73','7.40','0.00','0.00','0.00','0.00','0.00','0.00','0.00','0.00','0.00'),(359,337,'49.99','3.73','7.40','0.00','0.00','0.00','0.00','0.00','0.00','0.00','0.00','0.00'),(360,338,'49.99','3.73','7.40','0.00','0.00','0.00','0.00','0.00','0.00','0.00','0.00','0.00'),(361,339,'49.99','3.73','7.40','0.00','0.00','0.00','0.00','0.00','0.00','0.00','0.00','0.00'),(362,340,'49.99','3.73','7.40','0.00','0.00','0.00','0.00','0.00','0.00','0.00','0.00','0.00'),(363,341,'49.99','3.73','7.40','0.00','0.00','0.00','0.00','0.00','0.00','0.00','0.00','0.00'),(364,342,'22.50','0.00','0.00','0.00','0.00','0.00','0.00','0.00','0.00','0.00','0.00','0.00'),(365,343,'22.50','0.00','0.00','0.00','0.00','0.00','0.00','0.00','0.00','0.00','0.00','0.00'),(366,344,'22.50','0.00','0.00','0.00','0.00','0.00','0.00','0.00','0.00','0.00','0.00','0.00'),(367,345,'22.50','0.00','0.00','0.00','0.00','0.00','0.00','0.00','0.00','0.00','0.00','0.00'),(368,346,'22.50','0.00','0.00','0.00','0.00','0.00','0.00','0.00','0.00','0.00','0.00','0.00'),(369,347,'22.50','0.00','0.00','0.00','0.00','0.00','0.00','0.00','0.00','0.00','0.00','0.00'),(370,348,'22.50','0.00','0.00','0.00','0.00','0.00','0.00','0.00','0.00','0.00','0.00','0.00'),(371,349,'22.50','0.00','0.00','0.00','0.00','0.00','0.00','0.00','0.00','0.00','0.00','0.00'),(372,350,'100.99','0.00','7.95','0.00','125.00','0.00','0.00','0.00','0.00','0.00','0.00','0.00'),(373,351,'100.99','0.00','7.95','0.00','125.00','0.00','0.00','0.00','0.00','0.00','0.00','0.00'),(374,352,'100.99','0.00','7.95','0.00','125.00','0.00','0.00','0.00','0.00','0.00','0.00','0.00'),(375,353,'100.99','0.00','7.95','0.00','125.00','0.00','0.00','0.00','0.00','0.00','0.00','0.00'),(376,354,'49.99','3.00','0.00','0.00','0.00','0.00','0.00','0.00','0.00','0.00','0.00','0.00'),(377,355,'49.99','3.00','0.00','0.00','0.00','0.00','0.00','0.00','0.00','0.00','0.00','0.00'),(378,356,'49.99','3.00','0.00','0.00','0.00','0.00','0.00','0.00','0.00','0.00','0.00','0.00'),(379,357,'49.99','3.00','0.00','0.00','0.00','0.00','0.00','0.00','0.00','0.00','0.00','0.00'),(380,358,'80.00','0.00','0.00','0.00','0.00','0.00','0.00','0.00','0.00','0.00','0.00','0.00'),(381,359,'80.00','0.00','0.00','0.00','0.00','0.00','0.00','0.00','0.00','0.00','0.00','0.00'),(382,360,'80.00','0.00','0.00','0.00','0.00','0.00','0.00','0.00','0.00','0.00','0.00','0.00'),(383,361,'319.58','0.00','0.00','0.00','0.00','0.00','0.00','0.00','0.00','0.00','0.00','0.00'),(384,362,'314.00','0.00','0.00','0.00','0.00','0.00','0.00','0.00','0.00','0.00','0.00','0.00'),(385,363,'135.63','0.00','0.00','0.00','0.00','0.00','0.00','0.00','0.00','0.00','0.00','0.00'),(386,364,'99.95','0.00','0.00','0.00','0.00','0.00','0.00','0.00','0.00','0.00','0.00','0.00'),(387,365,'280.50','0.00','0.00','0.00','0.00','0.00','0.00','0.00','0.00','0.00','0.00','0.00'),(388,366,'311.74','0.00','0.00','0.00','355.00','0.00','0.00','0.00','0.00','0.00','0.00','0.00'),(389,367,'4.53','0.00','0.00','0.00','0.00','0.00','0.00','0.00','0.00','0.00','0.00','0.00'),(390,368,'60.34','0.00','0.00','8.00','0.00','0.00','0.00','0.00','0.00','0.00','0.00','0.00'),(391,369,'9.98','0.60','0.00','0.60','0.00','0.00','0.00','0.00','0.00','0.00','0.00','0.00'),(392,370,'9.98','0.60','0.00','0.60','0.00','0.00','0.00','0.00','0.00','0.00','0.00','0.00'),(393,371,'9.98','0.60','0.00','0.60','0.00','0.00','0.00','0.00','0.00','0.00','0.00','0.00'),(394,372,'64.98','3.90','0.00','3.90','106.50','0.00','0.00','0.00','0.00','0.00','0.00','0.00'),(395,373,'64.98','3.90','0.00','3.90','106.50','0.00','0.00','0.00','0.00','0.00','0.00','0.00'),(396,374,'64.98','3.90','0.00','3.90','106.50','0.00','0.00','0.00','0.00','0.00','0.00','0.00'),(397,375,'64.98','3.90','0.00','3.90','106.50','0.00','0.00','0.00','0.00','0.00','0.00','0.00'),(398,376,'64.98','3.90','0.00','3.90','100.00','0.00','0.00','0.00','0.00','0.00','0.00','0.00'),(399,377,'64.98','3.90','0.00','3.90','100.00','0.00','0.00','0.00','0.00','0.00','0.00','0.00'),(400,378,'49.99','3.25','0.00','0.00','0.00','0.00','0.00','0.00','0.00','0.00','0.00','0.00'),(401,379,'49.99','3.25','0.00','0.00','0.00','0.00','0.00','0.00','0.00','0.00','0.00','0.00'),(402,380,'49.99','3.25','0.00','0.00','0.00','0.00','0.00','0.00','0.00','0.00','0.00','0.00'),(403,381,'49.99','3.25','0.00','0.00','0.00','0.00','0.00','0.00','0.00','0.00','0.00','0.00'),(404,382,'49.99','3.25','0.00','0.00','0.00','0.00','0.00','0.00','0.00','0.00','0.00','0.00'),(405,383,'49.99','3.25','0.00','0.00','0.00','0.00','0.00','0.00','0.00','0.00','0.00','0.00'),(406,384,'49.00','5.14','0.00','2.94','60.00','0.00','0.00','0.00','0.00','0.00','0.00','0.00'),(407,385,'49.00','5.14','0.00','2.94','60.00','0.00','0.00','0.00','0.00','0.00','0.00','0.00'),(408,386,'49.00','5.14','0.00','2.94','60.00','0.00','0.00','0.00','0.00','0.00','0.00','0.00'),(409,387,'49.00','5.14','0.00','2.94','60.00','0.00','0.00','0.00','0.00','0.00','0.00','0.00'),(410,388,'49.00','5.14','0.00','2.94','60.00','0.00','0.00','0.00','0.00','0.00','0.00','0.00'),(411,389,'49.00','5.14','0.00','2.94','60.00','0.00','0.00','0.00','0.00','0.00','0.00','0.00'),(412,390,'49.00','5.14','0.00','2.94','60.00','0.00','0.00','0.00','0.00','0.00','0.00','0.00'),(413,391,'49.00','5.14','0.00','2.94','60.00','0.00','0.00','0.00','0.00','0.00','0.00','0.00'),(414,392,'49.00','5.14','0.00','2.94','60.00','0.00','0.00','0.00','0.00','0.00','0.00','0.00'),(415,393,'49.00','5.14','0.00','2.94','60.00','0.00','0.00','0.00','0.00','0.00','0.00','0.00'),(416,394,'49.00','5.14','0.00','2.94','60.00','0.00','0.00','0.00','0.00','0.00','0.00','0.00'),(417,395,'49.00','5.14','0.00','2.94','60.00','0.00','0.00','0.00','0.00','0.00','0.00','0.00'),(418,396,'49.00','5.14','0.00','2.94','60.00','0.00','0.00','0.00','0.00','0.00','0.00','0.00'),(419,397,'49.00','5.14','0.00','2.94','60.00','0.00','0.00','0.00','0.00','0.00','0.00','0.00'),(420,398,'49.00','5.14','0.00','2.94','60.00','0.00','0.00','0.00','0.00','0.00','0.00','0.00'),(421,399,'49.00','5.14','0.00','2.94','60.00','0.00','0.00','0.00','0.00','0.00','0.00','0.00'),(422,400,'49.00','5.14','0.00','2.94','60.00','0.00','0.00','0.00','0.00','0.00','0.00','0.00'),(423,401,'49.00','5.14','0.00','2.94','60.00','0.00','0.00','0.00','0.00','0.00','0.00','0.00'),(424,402,'49.00','5.14','0.00','2.94','60.00','0.00','0.00','0.00','0.00','0.00','0.00','0.00'),(425,403,'49.00','5.14','0.00','2.94','60.00','0.00','0.00','0.00','0.00','0.00','0.00','0.00'),(426,404,'60.00','0.00','0.00','0.00','27.00','0.00','0.00','0.00','1.98','2.43','1.08','0.00'),(427,405,'100.00','0.00','0.00','0.00','6.51','0.00','0.00','0.00','0.00','0.86','0.00','0.00');
/*!40000 ALTER TABLE `assets_assetestimate` ENABLE KEYS */;
UNLOCK TABLES;

--
-- Table structure for table `assets_assetgroup`
--

DROP TABLE IF EXISTS `assets_assetgroup`;
/*!40101 SET @saved_cs_client     = @@character_set_client */;
/*!40101 SET character_set_client = utf8 */;
CREATE TABLE `assets_assetgroup` (
  `id` int(11) NOT NULL AUTO_INCREMENT,
  `name` varchar(200) NOT NULL,
  `created` datetime NOT NULL,
  `status` varchar(200) DEFAULT NULL,
  `lockdown` tinyint(1) NOT NULL,
  PRIMARY KEY (`id`)
) ENGINE=MyISAM AUTO_INCREMENT=63 DEFAULT CHARSET=utf8;
/*!40101 SET character_set_client = @saved_cs_client */;

--
-- Dumping data for table `assets_assetgroup`
--

LOCK TABLES `assets_assetgroup` WRITE;
/*!40000 ALTER TABLE `assets_assetgroup` DISABLE KEYS */;
INSERT INTO `assets_assetgroup` VALUES (2,'Purchase Request 2: 20','2012-06-12 16:55:06',NULL,0),(3,'Purchase Request 3: 20','2012-06-13 15:05:44',NULL,0),(4,'Purchase Request 24: 15','2012-06-13 15:40:43',NULL,0),(5,'Purchase Request 18: 6','2012-06-13 16:38:26',NULL,0),(6,'Purchase Request 20: 1','2012-06-13 16:38:26',NULL,0),(7,'Purchase Request 22: 3','2012-06-13 16:38:26',NULL,0),(8,'Purchase Request 35: 1','2012-06-13 16:38:26',NULL,0),(9,'Purchase Request 13: 1','2012-06-13 16:49:55',NULL,0),(10,'Purchase Request 17: 4','2012-06-13 16:50:49',NULL,0),(11,'Purchase Request 23: 4','2012-06-13 16:54:12',NULL,0),(12,'Purchase Request 29: 5','2012-06-13 17:11:41',NULL,0),(13,'Purchase Request 33: 1','2012-06-13 17:14:05',NULL,0),(14,'Purchase Request 27: 1','2012-06-13 17:17:42',NULL,0),(15,'Purchase Request 4: 20','2012-06-13 17:26:31',NULL,0),(16,'Purchase Request 57: 2','2012-06-14 10:10:20',NULL,0),(17,'Purchase Request 58: 2','2012-06-14 10:10:20',NULL,0),(18,'Purchase Request 59: 4','2012-06-14 10:10:21',NULL,0),(19,'Purchase Request 60: 2','2012-06-14 10:10:21',NULL,0),(20,'Purchase Request 5: 20','2012-06-14 10:41:37',NULL,0),(21,'Purchase Request 6: 30','2012-06-14 11:12:15',NULL,0),(22,'Purchase Request 9: 21','2012-06-14 12:06:45',NULL,0),(23,'Purchase Request 7: 19','2012-06-14 12:23:00',NULL,0),(24,'Purchase Request 8: 44','2012-06-14 12:23:00',NULL,0),(25,'Purchase Request 41: 5','2012-06-14 13:00:51',NULL,0),(26,'Purchase Request 56: 2','2012-06-14 13:00:51',NULL,0),(27,'Purchase Request 14: 8','2012-06-14 13:01:40',NULL,0),(28,'Purchase Request 15: 2','2012-06-14 13:01:40',NULL,0),(29,'Purchase Request 16: 6','2012-06-14 13:01:40',NULL,0),(30,'Purchase Request 25: 8','2012-06-14 13:01:40',NULL,0),(31,'Purchase Request 26: 2','2012-06-14 13:01:40',NULL,0),(32,'Purchase Request 10: 1','2012-06-14 17:10:07',NULL,0),(33,'Purchase Request 11: 1','2012-06-14 17:10:07',NULL,0),(34,'Purchase Request 12: 1','2012-06-14 17:17:09',NULL,0),(35,'Purchase Request 19: 4','2012-06-14 17:20:19',NULL,0),(36,'Purchase Request 21: 2','2012-06-14 17:20:19',NULL,0),(37,'Purchase Request 30: 2','2012-06-14 17:21:51',NULL,0),(38,'Purchase Request 31: 1','2012-06-14 17:21:51',NULL,0),(39,'Purchase Request 34: 2','2012-06-14 17:21:51',NULL,0),(40,'Purchase Request 38: 11','2012-06-14 17:27:18',NULL,0),(41,'Purchase Request 53: 12','2012-06-14 17:27:19',NULL,0),(42,'Purchase Request 28: 5','2012-06-14 17:31:12',NULL,0),(43,'Purchase Request 32: 10','2012-06-14 17:31:12',NULL,0),(44,'Purchase Request 36: 5','2012-06-14 17:31:12',NULL,0),(45,'Purchase Request 37: 5','2012-06-14 17:31:12',NULL,0),(46,'Purchase Request 39: 8','2012-06-14 17:31:24',NULL,0),(47,'Purchase Request 40: 4','2012-06-14 17:31:59',NULL,0),(48,'Purchase Request 42: 4','2012-06-14 17:36:03',NULL,0),(49,'Purchase Request 43: 3','2012-06-14 17:36:03',NULL,0),(50,'Purchase Request 44: 2','2012-06-14 17:36:04',NULL,0),(51,'Purchase Request 46: 1','2012-06-14 17:36:04',NULL,0),(52,'Purchase Request 47: 1','2012-06-14 17:36:04',NULL,0),(53,'Purchase Request 48: 1','2012-06-14 17:36:04',NULL,0),(54,'Purchase Request 49: 1','2012-06-14 17:36:04',NULL,0),(55,'Purchase Request 50: 1','2012-06-14 17:36:04',NULL,0),(56,'Purchase Request 51: 1','2012-06-14 17:36:04',NULL,0),(57,'Purchase Request 52: 3','2012-06-14 17:36:04',NULL,0),(58,'Purchase Request 54: 6','2012-06-14 17:36:04',NULL,0),(59,'Purchase Request 55: 6','2012-06-14 17:36:04',NULL,0),(60,'Purchase Request 61: 20 walmart|Amazon|kindle wifi','2012-06-15 23:52:33',NULL,0),(61,'Purchase Request 62: 1 amazon|Bitdefender|None','2012-06-17 23:17:06',NULL,0),(62,'Purchase Request 63: 1 amazon|Intuit, Inc.|QuickBooks Online Simple Start','2012-06-18 00:44:04',NULL,0);
/*!40000 ALTER TABLE `assets_assetgroup` ENABLE KEYS */;
UNLOCK TABLES;

--
-- Table structure for table `assets_assetgroup_assets`
--

DROP TABLE IF EXISTS `assets_assetgroup_assets`;
/*!40101 SET @saved_cs_client     = @@character_set_client */;
/*!40101 SET character_set_client = utf8 */;
CREATE TABLE `assets_assetgroup_assets` (
  `id` int(11) NOT NULL AUTO_INCREMENT,
  `assetgroup_id` int(11) NOT NULL,
  `asset_id` int(11) NOT NULL,
  PRIMARY KEY (`id`),
  UNIQUE KEY `assetgroup_id` (`assetgroup_id`,`asset_id`),
  KEY `assets_assetgroup_assets_54001743` (`assetgroup_id`),
  KEY `assets_assetgroup_assets_89694383` (`asset_id`)
) ENGINE=MyISAM AUTO_INCREMENT=406 DEFAULT CHARSET=utf8;
/*!40101 SET character_set_client = @saved_cs_client */;

--
-- Dumping data for table `assets_assetgroup_assets`
--

LOCK TABLES `assets_assetgroup_assets` WRITE;
/*!40000 ALTER TABLE `assets_assetgroup_assets` DISABLE KEYS */;
INSERT INTO `assets_assetgroup_assets` VALUES (1,2,1),(2,2,2),(3,2,3),(4,2,4),(5,2,5),(6,2,6),(7,2,7),(8,2,8),(9,2,9),(10,2,10),(11,2,11),(12,2,12),(13,2,13),(14,2,14),(15,2,15),(16,2,16),(17,2,17),(18,2,18),(19,2,19),(20,2,20),(21,3,21),(22,3,22),(23,3,23),(24,3,24),(25,3,25),(26,3,26),(27,3,27),(28,3,28),(29,3,29),(30,3,30),(31,3,31),(32,3,32),(33,3,33),(34,3,34),(35,3,35),(36,3,36),(37,3,37),(38,3,38),(39,3,39),(40,3,40),(41,4,41),(42,4,42),(43,4,43),(44,4,44),(45,4,45),(46,4,46),(47,4,47),(48,4,48),(49,4,49),(50,4,50),(51,4,51),(52,4,52),(53,4,53),(54,4,54),(55,4,55),(56,5,56),(57,5,57),(58,5,58),(59,5,59),(60,5,60),(61,5,61),(62,6,62),(63,7,63),(64,7,64),(65,7,65),(66,8,66),(67,9,67),(68,10,68),(69,10,69),(70,10,70),(71,10,71),(72,11,72),(73,11,73),(74,11,74),(75,11,75),(76,12,76),(77,12,77),(78,12,78),(79,12,79),(80,12,80),(81,13,81),(82,14,82),(83,15,83),(84,15,84),(85,15,85),(86,15,86),(87,15,87),(88,15,88),(89,15,89),(90,15,90),(91,15,91),(92,15,92),(93,15,93),(94,15,94),(95,15,95),(96,15,96),(97,15,97),(98,15,98),(99,15,99),(100,15,100),(101,15,101),(102,15,102),(103,16,103),(104,16,104),(105,17,105),(106,17,106),(107,18,107),(108,18,108),(109,18,109),(110,18,110),(111,19,111),(112,19,112),(113,20,113),(114,20,114),(115,20,115),(116,20,116),(117,20,117),(118,20,118),(119,20,119),(120,20,120),(121,20,121),(122,20,122),(123,20,123),(124,20,124),(125,20,125),(126,20,126),(127,20,127),(128,20,128),(129,20,129),(130,20,130),(131,20,131),(132,20,132),(133,21,133),(134,21,134),(135,21,135),(136,21,136),(137,21,137),(138,21,138),(139,21,139),(140,21,140),(141,21,141),(142,21,142),(143,21,143),(144,21,144),(145,21,145),(146,21,146),(147,21,147),(148,21,148),(149,21,149),(150,21,150),(151,21,151),(152,21,152),(153,21,153),(154,21,154),(155,21,155),(156,21,156),(157,21,157),(158,21,158),(159,21,159),(160,21,160),(161,21,161),(162,21,162),(163,22,163),(164,22,164),(165,22,165),(166,22,166),(167,22,167),(168,22,168),(169,22,169),(170,22,170),(171,22,171),(172,22,172),(173,22,173),(174,22,174),(175,22,175),(176,22,176),(177,22,177),(178,22,178),(179,22,179),(180,22,180),(181,22,181),(182,22,182),(183,22,183),(184,23,184),(185,23,185),(186,23,186),(187,23,187),(188,23,188),(189,23,189),(190,23,190),(191,23,191),(192,23,192),(193,23,193),(194,23,194),(195,23,195),(196,23,196),(197,23,197),(198,23,198),(199,23,199),(200,23,200),(201,23,201),(202,23,202),(203,24,203),(204,24,204),(205,24,205),(206,24,206),(207,24,207),(208,24,208),(209,24,209),(210,24,210),(211,24,211),(212,24,212),(213,24,213),(214,24,214),(215,24,215),(216,24,216),(217,24,217),(218,24,218),(219,24,219),(220,24,220),(221,24,221),(222,24,222),(223,24,223),(224,24,224),(225,24,225),(226,24,226),(227,24,227),(228,24,228),(229,24,229),(230,24,230),(231,24,231),(232,24,232),(233,24,233),(234,24,234),(235,24,235),(236,24,236),(237,24,237),(238,24,238),(239,24,239),(240,24,240),(241,24,241),(242,24,242),(243,24,243),(244,24,244),(245,24,245),(246,24,246),(247,25,247),(248,25,248),(249,25,249),(250,25,250),(251,25,251),(252,26,252),(253,26,253),(254,27,254),(255,27,255),(256,27,256),(257,27,257),(258,27,258),(259,27,259),(260,27,260),(261,27,261),(262,28,262),(263,28,263),(264,29,264),(265,29,265),(266,29,266),(267,29,267),(268,29,268),(269,29,269),(270,30,270),(271,30,271),(272,30,272),(273,30,273),(274,30,274),(275,30,275),(276,30,276),(277,30,277),(278,31,278),(279,31,279),(280,32,280),(281,33,281),(282,34,282),(283,35,283),(284,35,284),(285,35,285),(286,35,286),(287,36,287),(288,36,288),(289,37,289),(290,37,290),(291,38,291),(292,39,292),(293,39,293),(294,40,294),(295,40,295),(296,40,296),(297,40,297),(298,40,298),(299,40,299),(300,40,300),(301,40,301),(302,40,302),(303,40,303),(304,40,304),(305,41,305),(306,41,306),(307,41,307),(308,41,308),(309,41,309),(310,41,310),(311,41,311),(312,41,312),(313,41,313),(314,41,314),(315,41,315),(316,41,316),(317,42,317),(318,42,318),(319,42,319),(320,42,320),(321,42,321),(322,43,322),(323,43,323),(324,43,324),(325,43,325),(326,43,326),(327,43,327),(328,43,328),(329,43,329),(330,43,330),(331,43,331),(332,44,332),(333,44,333),(334,44,334),(335,44,335),(336,44,336),(337,45,337),(338,45,338),(339,45,339),(340,45,340),(341,45,341),(342,46,342),(343,46,343),(344,46,344),(345,46,345),(346,46,346),(347,46,347),(348,46,348),(349,46,349),(350,47,350),(351,47,351),(352,47,352),(353,47,353),(354,48,354),(355,48,355),(356,48,356),(357,48,357),(358,49,358),(359,49,359),(360,49,360),(361,50,361),(362,50,362),(363,51,363),(364,52,364),(365,53,365),(366,54,366),(367,55,367),(368,56,368),(369,57,369),(370,57,370),(371,57,371),(372,58,372),(373,58,373),(374,58,374),(375,58,375),(376,58,376),(377,58,377),(378,59,378),(379,59,379),(380,59,380),(381,59,381),(382,59,382),(383,59,383),(384,60,384),(385,60,385),(386,60,386),(387,60,387),(388,60,388),(389,60,389),(390,60,390),(391,60,391),(392,60,392),(393,60,393),(394,60,394),(395,60,395),(396,60,396),(397,60,397),(398,60,398),(399,60,399),(400,60,400),(401,60,401),(402,60,402),(403,60,403),(404,61,404),(405,62,405);
/*!40000 ALTER TABLE `assets_assetgroup_assets` ENABLE KEYS */;
UNLOCK TABLES;

--
-- Table structure for table `assets_assetstorage`
--

DROP TABLE IF EXISTS `assets_assetstorage`;
/*!40101 SET @saved_cs_client     = @@character_set_client */;
/*!40101 SET character_set_client = utf8 */;
CREATE TABLE `assets_assetstorage` (
  `id` int(11) NOT NULL AUTO_INCREMENT,
  `item_id` int(11) NOT NULL,
  `location_id` int(11) NOT NULL,
  `movein` datetime DEFAULT NULL,
  `moveout` datetime DEFAULT NULL,
  PRIMARY KEY (`id`),
  KEY `assets_assetstorage_67b70d25` (`item_id`),
  KEY `assets_assetstorage_319d859` (`location_id`)
) ENGINE=MyISAM AUTO_INCREMENT=548 DEFAULT CHARSET=utf8;
/*!40101 SET character_set_client = @saved_cs_client */;

--
-- Dumping data for table `assets_assetstorage`
--

LOCK TABLES `assets_assetstorage` WRITE;
/*!40000 ALTER TABLE `assets_assetstorage` DISABLE KEYS */;
INSERT INTO `assets_assetstorage` VALUES (1,1,1,'2012-06-12 16:53:46','2012-06-15 13:20:27'),(2,2,1,'2012-06-12 16:53:46','2012-06-15 13:20:27'),(3,3,1,'2012-06-12 16:53:46','2012-06-15 13:20:27'),(4,4,1,'2012-06-12 16:53:46','2012-06-15 13:20:27'),(5,5,1,'2012-06-12 16:53:46','2012-06-15 13:20:27'),(6,6,1,'2012-06-12 16:53:46','2012-06-15 13:20:27'),(7,7,1,'2012-06-12 16:53:46','2012-06-15 13:20:27'),(8,8,1,'2012-06-12 16:53:46','2012-06-15 13:20:27'),(9,9,1,'2012-06-12 16:53:46','2012-06-15 13:20:27'),(10,10,1,'2012-06-12 16:53:46','2012-06-15 13:20:27'),(11,11,1,'2012-06-12 16:53:46','2012-06-15 13:20:27'),(12,12,1,'2012-06-12 16:53:46','2012-06-15 13:20:27'),(13,13,1,'2012-06-12 16:53:46','2012-06-15 13:20:28'),(14,14,1,'2012-06-12 16:53:46','2012-06-15 13:20:28'),(15,15,1,'2012-06-12 16:53:46','2012-06-15 13:20:29'),(16,16,1,'2012-06-12 16:53:46','2012-06-15 13:20:30'),(17,17,1,'2012-06-12 16:53:46','2012-06-15 13:20:30'),(18,18,1,'2012-06-12 16:53:46','2012-06-15 13:20:30'),(19,19,1,'2012-06-12 16:53:46','2012-06-15 13:20:30'),(20,20,1,'2012-06-12 16:53:46','2012-06-15 13:20:30'),(42,21,1,'2012-06-13 15:05:00','2012-06-15 13:20:30'),(43,22,1,'2012-06-13 15:05:00','2012-06-15 13:20:30'),(44,23,1,'2012-06-13 15:05:00','2012-06-15 13:20:30'),(45,24,1,'2012-06-13 15:05:00','2012-06-15 13:20:30'),(46,25,1,'2012-06-13 15:05:00','2012-06-15 13:20:30'),(47,26,1,'2012-06-13 15:05:00','2012-06-15 13:20:30'),(48,27,1,'2012-06-13 15:05:00','2012-06-15 13:20:30'),(49,28,1,'2012-06-13 15:05:00','2012-06-15 13:20:30'),(50,29,1,'2012-06-13 15:05:00','2012-06-15 13:20:31'),(51,30,1,'2012-06-13 15:05:00','2012-06-15 13:20:31'),(52,31,1,'2012-06-13 15:05:00','2012-06-15 13:20:31'),(53,32,1,'2012-06-13 15:05:00','2012-06-15 13:20:31'),(54,33,1,'2012-06-13 15:05:00','2012-06-15 13:20:31'),(55,34,1,'2012-06-13 15:05:00','2012-06-15 13:20:31'),(56,35,1,'2012-06-13 15:05:00','2012-06-15 13:20:31'),(57,36,1,'2012-06-13 15:05:00','2012-06-15 13:20:31'),(58,37,1,'2012-06-13 15:05:00','2012-06-15 13:20:31'),(59,38,1,'2012-06-13 15:05:00','2012-06-15 13:20:31'),(60,39,1,'2012-06-13 15:05:00','2012-06-15 13:20:31'),(61,40,1,'2012-06-13 15:05:00','2012-06-15 13:20:31'),(84,41,2,'2012-06-13 15:31:08','2012-06-15 13:06:31'),(85,42,2,'2012-06-13 15:31:08','2012-06-15 13:06:31'),(86,43,2,'2012-06-13 15:31:08','2012-06-15 13:06:31'),(87,44,2,'2012-06-13 15:31:08','2012-06-15 13:06:32'),(88,45,2,'2012-06-13 15:31:08','2012-06-15 13:06:32'),(89,46,2,'2012-06-13 15:31:08','2012-06-15 13:06:32'),(90,47,2,'2012-06-13 15:31:08','2012-06-15 13:06:32'),(91,48,2,'2012-06-13 15:31:08','2012-06-15 13:06:32'),(92,49,2,'2012-06-13 15:31:08','2012-06-15 13:06:32'),(93,50,2,'2012-06-13 15:31:08','2012-06-15 13:06:32'),(94,51,2,'2012-06-13 15:31:08','2012-06-15 13:06:32'),(95,52,2,'2012-06-13 15:31:08','2012-06-15 13:06:32'),(96,53,2,'2012-06-13 15:31:08','2012-06-15 13:06:32'),(97,54,2,'2012-06-13 15:31:08','2012-06-15 13:06:32'),(98,55,2,'2012-06-13 15:31:08','2012-06-15 13:06:32'),(99,56,2,'2012-06-13 15:31:08','2012-06-17 21:26:39'),(100,57,2,'2012-06-13 15:31:08','2012-06-17 21:26:39'),(101,58,2,'2012-06-13 15:31:08','2012-06-17 21:26:39'),(102,59,2,'2012-06-13 15:31:08','2012-06-17 21:26:39'),(103,60,2,'2012-06-13 15:31:08','2012-06-17 21:26:39'),(104,61,2,'2012-06-13 15:31:08','2012-06-17 21:26:39'),(105,62,1,'2012-06-13 15:31:08','2012-06-17 21:26:39'),(106,63,2,'2012-06-13 15:31:08','2012-06-17 21:26:39'),(107,64,2,'2012-06-13 15:31:08','2012-06-17 21:26:39'),(108,65,2,'2012-06-13 15:31:08','2012-06-12 16:49:15'),(109,66,2,'2012-06-13 15:31:08','2012-06-12 16:49:15'),(110,65,3,'2012-06-13 16:49:15',NULL),(111,66,3,'2012-06-13 16:49:15',NULL),(112,67,1,'2012-06-13 15:31:08','2012-06-13 16:50:07'),(113,67,5,'2012-06-16 00:10:34',NULL),(114,68,1,'2012-06-13 15:31:08','2012-06-17 21:26:39'),(115,69,1,'2012-06-13 15:31:08','2012-06-17 21:26:39'),(116,70,1,'2012-06-13 15:31:08','2012-06-17 21:26:39'),(117,71,1,'2012-06-13 15:31:08','2012-06-17 21:26:39'),(118,72,2,'2012-06-13 15:31:08','2012-06-17 21:26:39'),(119,73,2,'2012-06-13 15:31:08','2012-06-17 21:26:39'),(120,74,2,'2012-06-13 15:31:08','2012-06-17 21:26:39'),(121,75,2,'2012-06-13 15:31:08','2012-06-17 21:26:39'),(122,76,1,'2012-06-13 15:31:08','2012-06-17 21:26:39'),(123,77,1,'2012-06-13 15:31:08','2012-06-17 21:26:39'),(124,78,1,'2012-06-13 15:31:08','2012-06-17 21:26:39'),(125,79,1,'2012-06-13 15:31:08','2012-06-17 21:26:39'),(126,80,1,'2012-06-13 15:31:08','2012-06-17 21:26:39'),(127,81,1,'2012-06-13 15:31:08','2012-06-17 21:26:39'),(128,82,2,'2012-06-13 15:31:08','2012-06-17 21:26:39'),(129,83,1,'2012-06-13 15:31:08','2012-06-17 21:26:39'),(130,84,1,'2012-06-13 15:31:08','2012-06-17 21:26:39'),(131,85,1,'2012-06-13 15:31:08','2012-06-17 21:26:39'),(132,86,1,'2012-06-13 15:31:08','2012-06-17 21:26:40'),(133,87,1,'2012-06-13 15:31:08','2012-06-17 21:26:40'),(134,88,1,'2012-06-13 15:31:08','2012-06-17 21:26:40'),(135,89,1,'2012-06-13 15:31:08','2012-06-17 21:26:40'),(136,90,1,'2012-06-13 15:31:08','2012-06-17 21:26:40'),(137,91,1,'2012-06-13 15:31:08','2012-06-17 21:26:40'),(138,92,1,'2012-06-13 15:31:08','2012-06-17 21:26:40'),(139,93,1,'2012-06-13 15:31:08','2012-06-17 21:26:40'),(140,94,1,'2012-06-13 15:31:08','2012-06-17 21:26:40'),(141,95,1,'2012-06-13 15:31:08','2012-06-17 21:26:40'),(142,96,1,'2012-06-13 15:31:08','2012-06-17 21:26:40'),(143,97,1,'2012-06-13 15:31:08','2012-06-17 21:26:40'),(144,98,1,'2012-06-13 15:31:08','2012-06-17 21:26:40'),(145,99,1,'2012-06-13 15:31:08','2012-06-17 21:26:40'),(146,100,1,'2012-06-13 15:31:08','2012-06-17 21:26:40'),(147,101,1,'2012-06-13 15:31:08','2012-06-17 21:26:40'),(148,102,1,'2012-06-13 15:31:08','2012-06-17 21:26:40'),(149,103,2,'2012-06-14 09:58:01','2012-06-14 10:14:20'),(150,104,2,'2012-06-14 09:58:01','2012-06-14 10:14:20'),(151,105,2,'2012-06-14 09:58:01','2012-06-14 10:14:20'),(152,106,2,'2012-06-14 09:58:01','2012-06-14 10:14:20'),(153,107,3,'2012-06-14 09:58:01','2012-06-14 10:14:21'),(154,108,3,'2012-06-14 09:58:01','2012-06-14 10:14:21'),(155,109,3,'2012-06-14 09:58:01','2012-06-14 10:14:21'),(156,110,3,'2012-06-14 09:58:01','2012-06-14 10:14:21'),(157,111,2,'2012-06-14 09:58:01','2012-06-14 10:14:21'),(158,112,2,'2012-06-14 09:58:01','2012-06-14 10:14:21'),(163,107,2,'2012-06-14 10:14:21',NULL),(164,108,2,'2012-06-14 10:14:21',NULL),(165,109,2,'2012-06-14 10:14:21',NULL),(166,110,2,'2012-06-14 10:14:21',NULL),(169,113,1,'2012-06-14 10:16:24','2012-06-17 21:26:40'),(170,114,1,'2012-06-14 10:16:24','2012-06-17 21:26:40'),(171,115,1,'2012-06-14 10:16:24','2012-06-17 21:26:40'),(172,116,1,'2012-06-14 10:16:24','2012-06-17 21:26:40'),(173,117,1,'2012-06-14 10:16:24','2012-06-17 21:26:40'),(174,118,1,'2012-06-14 10:16:24','2012-06-17 21:26:40'),(175,119,1,'2012-06-14 10:16:24','2012-06-17 21:26:40'),(176,120,1,'2012-06-14 10:16:24','2012-06-17 21:26:40'),(177,121,1,'2012-06-14 10:16:24','2012-06-29 20:53:15'),(178,122,1,'2012-06-14 10:16:24','2012-06-29 20:53:15'),(179,123,1,'2012-06-14 10:16:24','2012-06-29 20:53:15'),(180,124,1,'2012-06-14 10:16:24','2012-06-29 20:53:15'),(181,125,1,'2012-06-14 10:16:24','2012-06-29 20:53:15'),(182,126,1,'2012-06-14 10:16:24','2012-06-29 20:53:15'),(183,127,1,'2012-06-14 10:16:24','2012-06-17 21:26:40'),(184,128,1,'2012-06-14 10:16:24','2012-06-17 21:26:40'),(185,129,1,'2012-06-14 10:16:24','2012-06-17 21:26:40'),(186,130,1,'2012-06-14 10:16:24','2012-06-17 21:26:40'),(187,131,1,'2012-06-14 10:16:24','2012-06-17 21:26:40'),(188,132,1,'2012-06-14 10:16:24','2012-06-17 21:26:40'),(189,133,1,'2012-06-14 10:59:34','2012-06-17 21:26:40'),(190,134,1,'2012-06-14 10:59:34','2012-06-17 21:26:40'),(191,135,1,'2012-06-14 10:59:34','2012-06-17 21:26:40'),(192,136,1,'2012-06-14 10:59:34','2012-06-17 21:26:40'),(193,137,1,'2012-06-14 10:59:34','2012-06-17 21:26:40'),(194,138,1,'2012-06-14 10:59:34','2012-06-17 21:26:40'),(195,139,1,'2012-06-14 10:59:34','2012-06-17 21:26:40'),(196,140,1,'2012-06-14 10:59:34','2012-06-17 21:26:40'),(197,141,1,'2012-06-14 10:59:34','2012-06-17 21:26:40'),(198,142,1,'2012-06-14 10:59:34','2012-06-17 21:26:40'),(199,143,1,'2012-06-14 10:59:34','2012-06-17 21:26:40'),(200,144,1,'2012-06-14 10:59:34','2012-06-17 21:26:40'),(201,145,1,'2012-06-14 10:59:34','2012-06-17 21:26:40'),(202,146,1,'2012-06-14 10:59:34','2012-06-17 21:26:40'),(203,147,1,'2012-06-14 10:59:34','2012-06-17 21:26:40'),(204,148,1,'2012-06-14 10:59:34','2012-06-17 21:26:40'),(205,149,1,'2012-06-14 10:59:34','2012-06-17 21:26:40'),(206,150,1,'2012-06-14 10:59:34','2012-06-17 21:26:40'),(207,151,1,'2012-06-14 10:59:34','2012-06-17 21:26:40'),(208,152,1,'2012-06-14 10:59:34','2012-06-17 21:26:40'),(209,153,1,'2012-06-14 10:59:34','2012-06-17 21:26:41'),(210,154,1,'2012-06-14 10:59:34','2012-06-17 21:26:41'),(211,155,1,'2012-06-14 10:59:34','2012-06-17 21:26:41'),(212,156,1,'2012-06-14 10:59:34','2012-06-17 21:26:41'),(213,157,1,'2012-06-14 10:59:34','2012-06-17 21:26:41'),(214,158,1,'2012-06-14 10:59:34','2012-06-17 21:26:41'),(215,159,1,'2012-06-14 10:59:34','2012-06-17 21:26:41'),(216,160,1,'2012-06-14 10:59:34','2012-06-17 21:26:41'),(217,161,1,'2012-06-14 10:59:34','2012-06-17 21:26:41'),(218,162,1,'2012-06-14 10:59:34','2012-06-17 21:26:41'),(219,163,5,'2012-06-14 11:25:36','2012-06-17 21:26:41'),(220,164,5,'2012-06-14 11:25:36','2012-06-17 21:26:41'),(221,165,5,'2012-06-14 11:25:36','2012-06-17 21:26:41'),(222,166,5,'2012-06-14 11:25:36','2012-06-17 21:26:41'),(223,167,5,'2012-06-14 11:25:36','2012-06-17 21:26:41'),(224,168,5,'2012-06-14 11:25:36','2012-06-17 21:26:41'),(225,169,5,'2012-06-14 11:25:36','2012-06-17 21:26:41'),(226,170,5,'2012-06-14 11:25:36','2012-06-17 21:26:41'),(227,171,5,'2012-06-14 11:25:36','2012-06-17 21:26:41'),(228,172,5,'2012-06-14 11:25:36','2012-06-17 21:26:41'),(229,173,5,'2012-06-14 11:25:36','2012-06-17 21:26:41'),(230,174,5,'2012-06-14 11:25:36','2012-06-17 21:26:41'),(231,175,5,'2012-06-14 11:25:36','2012-06-17 21:26:41'),(232,176,5,'2012-06-14 11:25:36','2012-06-17 21:26:41'),(233,177,5,'2012-06-14 11:25:36','2012-06-17 21:26:41'),(234,178,5,'2012-06-14 11:25:36','2012-06-17 21:26:41'),(235,179,5,'2012-06-14 11:25:36','2012-06-17 21:26:41'),(236,180,5,'2012-06-14 11:25:36','2012-06-17 21:26:41'),(237,181,5,'2012-06-14 11:25:36','2012-06-17 21:26:41'),(238,182,5,'2012-06-14 11:25:36','2012-06-17 21:26:41'),(239,183,5,'2012-06-14 11:25:36','2012-06-17 21:26:41'),(240,184,2,'2012-06-14 11:25:36','2012-06-17 21:26:41'),(241,185,2,'2012-06-14 11:25:36','2012-06-17 21:26:41'),(242,186,2,'2012-06-14 11:25:36','2012-06-17 21:26:41'),(243,187,2,'2012-06-14 11:25:36','2012-06-17 21:26:41'),(244,188,2,'2012-06-14 11:25:36','2012-06-17 21:26:41'),(245,189,2,'2012-06-14 11:25:36','2012-06-17 21:26:41'),(246,190,2,'2012-06-14 11:25:36','2012-06-17 21:26:41'),(247,191,2,'2012-06-14 11:25:36','2012-06-17 21:26:41'),(248,192,2,'2012-06-14 11:25:36','2012-06-17 21:26:41'),(249,193,2,'2012-06-14 11:25:36','2012-06-17 21:26:41'),(250,194,2,'2012-06-14 11:25:36','2012-06-17 21:26:41'),(251,195,2,'2012-06-14 11:25:36','2012-06-17 21:26:41'),(252,196,2,'2012-06-14 11:25:36','2012-06-17 21:26:41'),(253,197,2,'2012-06-14 11:25:36','2012-06-17 21:26:41'),(254,198,2,'2012-06-14 11:25:36','2012-06-17 21:26:41'),(255,199,2,'2012-06-14 11:25:36','2012-06-17 21:26:41'),(256,200,2,'2012-06-14 11:25:36','2012-06-17 21:26:41'),(257,201,2,'2012-06-14 11:25:36','2012-06-17 21:26:41'),(258,202,2,'2012-06-14 11:25:36','2012-06-17 21:26:41'),(259,203,3,'2012-06-14 11:25:36','2012-06-17 21:26:41'),(260,204,3,'2012-06-14 11:25:36','2012-06-17 21:26:41'),(261,205,3,'2012-06-14 11:25:36','2012-06-17 21:26:41'),(262,206,3,'2012-06-14 11:25:36','2012-06-17 21:26:41'),(263,207,3,'2012-06-14 11:25:36','2012-06-17 21:26:41'),(264,208,3,'2012-06-14 11:25:36','2012-06-17 21:26:41'),(265,209,3,'2012-06-14 11:25:36','2012-06-17 21:26:41'),(266,210,3,'2012-06-14 11:25:36','2012-06-17 21:26:41'),(267,211,3,'2012-06-14 11:25:36','2012-06-17 21:26:41'),(268,212,3,'2012-06-14 11:25:36','2012-06-17 21:26:41'),(269,213,3,'2012-06-14 11:25:36','2012-06-17 21:26:41'),(270,214,3,'2012-06-14 11:25:36','2012-06-17 21:26:41'),(271,215,3,'2012-06-14 11:25:36','2012-06-17 21:26:41'),(272,216,3,'2012-06-14 11:25:36','2012-06-17 21:26:41'),(273,217,3,'2012-06-14 11:25:36','2012-06-17 21:26:41'),(274,218,3,'2012-06-14 11:25:36','2012-06-17 21:26:41'),(275,219,3,'2012-06-14 11:25:36','2012-06-17 21:26:41'),(276,220,3,'2012-06-14 11:25:36','2012-06-17 21:26:41'),(277,221,3,'2012-06-14 11:25:36','2012-06-17 21:26:41'),(278,222,3,'2012-06-14 11:25:36','2012-06-17 21:26:41'),(279,223,3,'2012-06-14 11:25:36','2012-06-17 21:26:41'),(280,224,3,'2012-06-14 11:25:36','2012-06-17 21:26:41'),(281,225,3,'2012-06-14 11:25:36','2012-06-17 21:26:41'),(282,226,3,'2012-06-14 11:25:36','2012-06-17 21:26:41'),(283,227,3,'2012-06-14 11:25:36','2012-06-17 21:26:41'),(284,228,3,'2012-06-14 11:25:36','2012-06-17 21:26:41'),(285,229,3,'2012-06-14 11:25:36','2012-06-17 21:26:41'),(286,230,3,'2012-06-14 11:25:36','2012-06-17 21:26:41'),(287,231,3,'2012-06-14 11:25:36','2012-06-17 21:26:41'),(288,232,3,'2012-06-14 11:25:36','2012-06-17 21:26:41'),(289,233,3,'2012-06-14 11:25:36','2012-06-17 21:26:41'),(290,234,3,'2012-06-14 11:25:36','2012-06-17 21:26:41'),(291,235,3,'2012-06-14 11:25:36','2012-06-17 21:26:41'),(292,236,3,'2012-06-14 11:25:36','2012-06-17 21:26:41'),(293,237,3,'2012-06-14 11:25:36','2012-06-17 21:26:41'),(294,238,3,'2012-06-14 11:25:36','2012-06-17 21:26:41'),(295,239,3,'2012-06-14 11:25:36','2012-06-17 21:26:41'),(296,240,3,'2012-06-14 11:25:36','2012-06-17 21:26:41'),(297,241,3,'2012-06-14 11:25:36','2012-06-17 21:26:41'),(298,242,3,'2012-06-14 11:25:36','2012-06-17 21:26:41'),(299,243,3,'2012-06-14 11:25:36','2012-06-17 21:26:41'),(300,244,3,'2012-06-14 11:25:36','2012-06-17 21:26:41'),(301,245,3,'2012-06-14 11:25:36','2012-06-17 21:26:41'),(302,246,3,'2012-06-14 11:25:36','2012-06-17 21:26:41'),(303,247,2,'2012-06-14 12:54:09','2012-06-14 13:01:07'),(304,248,2,'2012-06-14 12:54:09','2012-06-14 13:01:07'),(305,249,2,'2012-06-14 12:54:09','2012-06-14 13:01:07'),(306,250,2,'2012-06-14 12:54:09','2012-06-14 13:01:07'),(307,251,2,'2012-06-14 12:54:09','2012-06-14 13:01:08'),(308,252,1,'2012-06-14 12:54:09','2012-06-29 20:37:45'),(309,253,1,'2012-06-14 12:54:09','2012-06-29 20:37:45'),(310,247,1,'2012-06-14 13:01:07','2012-06-29 20:37:45'),(311,248,1,'2012-06-14 13:01:07','2012-06-29 20:37:45'),(312,249,1,'2012-06-14 13:01:07','2012-06-29 20:37:45'),(313,250,1,'2012-06-14 13:01:08','2012-06-29 20:37:45'),(314,251,1,'2012-06-14 13:01:08','2012-06-29 20:37:45'),(315,254,2,'2012-06-14 12:54:09',NULL),(316,255,2,'2012-06-14 12:54:09',NULL),(317,256,2,'2012-06-14 12:54:09',NULL),(318,257,2,'2012-06-14 12:54:09',NULL),(319,258,2,'2012-06-14 12:54:09',NULL),(320,259,2,'2012-06-14 12:54:09',NULL),(321,260,2,'2012-06-14 12:54:09',NULL),(322,261,2,'2012-06-14 12:54:09',NULL),(323,262,2,'2012-06-14 12:54:09',NULL),(324,263,2,'2012-06-14 12:54:09',NULL),(325,264,1,'2012-06-14 12:54:09',NULL),(326,265,1,'2012-06-14 12:54:09',NULL),(327,266,1,'2012-06-14 12:54:09',NULL),(328,267,1,'2012-06-14 12:54:09',NULL),(329,268,1,'2012-06-14 12:54:09',NULL),(330,269,1,'2012-06-14 12:54:09',NULL),(331,270,3,'2012-06-14 12:54:09',NULL),(332,271,3,'2012-06-14 12:54:09',NULL),(333,272,3,'2012-06-14 12:54:09',NULL),(334,273,3,'2012-06-14 12:54:09',NULL),(335,274,3,'2012-06-14 12:54:09',NULL),(336,275,3,'2012-06-14 12:54:09',NULL),(337,276,3,'2012-06-14 12:54:09',NULL),(338,277,3,'2012-06-14 12:54:09',NULL),(339,278,3,'2012-06-14 12:54:09',NULL),(340,279,3,'2012-06-14 12:54:09',NULL),(341,280,1,'2012-06-14 16:58:18','2012-06-14 17:10:22'),(342,281,2,'2012-06-14 16:58:18','2012-06-17 21:26:42'),(343,280,2,'2012-06-14 17:10:22','2012-06-17 21:26:42'),(344,282,2,'2012-06-14 16:58:18','2012-06-17 20:30:19'),(345,283,3,'2012-06-14 16:58:18',NULL),(346,284,3,'2012-06-14 16:58:18',NULL),(347,285,3,'2012-06-14 16:58:18',NULL),(348,286,3,'2012-06-14 16:58:18',NULL),(349,287,1,'2012-06-14 16:58:18','2012-06-14 17:20:37'),(350,288,1,'2012-06-14 16:58:18','2012-06-14 17:20:37'),(351,287,3,'2012-06-14 17:20:37',NULL),(352,288,3,'2012-06-14 17:20:37',NULL),(353,289,2,'2012-06-14 16:58:18','2012-06-14 17:22:13'),(354,290,2,'2012-06-14 16:58:18','2012-06-14 17:22:13'),(355,291,2,'2012-06-14 16:58:18','2012-06-14 17:22:14'),(356,292,1,'2012-06-14 16:58:18','2012-06-14 17:22:14'),(357,293,1,'2012-06-14 16:58:18','2012-06-14 17:22:14'),(358,289,3,'2012-06-14 17:22:13',NULL),(359,290,3,'2012-06-14 17:22:13',NULL),(360,291,3,'2012-06-14 17:22:14',NULL),(361,292,3,'2012-06-14 17:22:14',NULL),(362,293,3,'2012-06-14 17:22:14',NULL),(363,294,2,'2012-06-14 16:58:18','2012-06-14 17:28:15'),(364,295,2,'2012-06-14 16:58:18','2012-06-14 17:28:15'),(365,296,2,'2012-06-14 16:58:18','2012-06-14 17:28:15'),(366,297,2,'2012-06-14 16:58:18','2012-06-14 17:28:15'),(367,298,2,'2012-06-14 16:58:18','2012-06-14 17:28:15'),(368,299,2,'2012-06-14 16:58:18','2012-06-14 17:28:15'),(369,300,2,'2012-06-14 16:58:18','2012-06-14 17:28:15'),(370,301,2,'2012-06-14 16:58:18','2012-06-14 17:28:03'),(371,302,2,'2012-06-14 16:58:18','2012-06-14 17:28:03'),(372,303,2,'2012-06-14 16:58:18','2012-06-14 17:28:03'),(373,304,2,'2012-06-14 16:58:18','2012-06-14 17:28:03'),(374,305,1,'2012-06-14 16:58:18','2012-06-17 21:26:42'),(375,306,1,'2012-06-14 16:58:18','2012-06-17 21:26:42'),(376,307,1,'2012-06-14 16:58:18','2012-06-17 21:26:42'),(377,308,1,'2012-06-14 16:58:18','2012-06-17 21:26:42'),(378,309,1,'2012-06-14 16:58:18','2012-06-17 21:26:42'),(379,310,1,'2012-06-14 16:58:18','2012-06-17 21:26:42'),(380,311,1,'2012-06-14 16:58:18','2012-06-17 21:26:42'),(381,312,1,'2012-06-14 16:58:18','2012-06-17 21:26:42'),(382,313,1,'2012-06-14 16:58:18','2012-06-17 21:26:42'),(383,314,1,'2012-06-14 16:58:18','2012-06-17 21:26:42'),(384,315,1,'2012-06-14 16:58:18','2012-06-17 21:26:42'),(385,316,1,'2012-06-14 16:58:18','2012-06-17 21:26:42'),(386,301,1,'2012-06-14 17:28:03','2012-06-17 21:26:42'),(387,302,1,'2012-06-14 17:28:03','2012-06-17 21:26:42'),(388,303,1,'2012-06-14 17:28:03','2012-06-17 21:26:42'),(389,304,1,'2012-06-14 17:28:03','2012-06-17 21:26:42'),(390,294,1,'2012-06-14 17:28:15','2012-06-17 21:26:42'),(391,295,1,'2012-06-14 17:28:15','2012-06-17 21:26:42'),(392,296,1,'2012-06-14 17:28:15','2012-06-17 21:26:42'),(393,297,1,'2012-06-14 17:28:15','2012-06-17 21:26:42'),(394,298,1,'2012-06-14 17:28:15','2012-06-17 21:26:42'),(395,299,1,'2012-06-14 17:28:15','2012-06-17 21:26:42'),(396,300,1,'2012-06-14 17:28:15','2012-06-17 21:26:42'),(397,317,2,'2012-06-14 16:58:18','2012-06-29 20:44:08'),(398,318,2,'2012-06-14 16:58:18','2012-06-29 20:44:08'),(399,319,2,'2012-06-14 16:58:18','2012-06-29 20:44:08'),(400,320,2,'2012-06-14 16:58:18','2012-06-29 20:44:08'),(401,321,2,'2012-06-14 16:58:18','2012-06-29 20:44:08'),(402,322,1,'2012-06-14 16:58:18','2012-06-29 20:44:08'),(403,323,1,'2012-06-14 16:58:18','2012-06-29 20:44:08'),(404,324,1,'2012-06-14 16:58:18',NULL),(405,325,1,'2012-06-14 16:58:18',NULL),(406,326,1,'2012-06-14 16:58:18',NULL),(407,327,1,'2012-06-14 16:58:18',NULL),(408,328,1,'2012-06-14 16:58:18',NULL),(409,329,1,'2012-06-14 16:58:18','2012-06-29 20:42:35'),(410,330,1,'2012-06-14 16:58:18','2012-06-29 20:37:45'),(411,331,1,'2012-06-14 16:58:18','2012-06-29 20:37:45'),(412,332,3,'2012-06-14 16:58:18','2012-06-29 20:37:45'),(413,333,3,'2012-06-14 16:58:18','2012-06-29 20:37:45'),(414,334,3,'2012-06-14 16:58:18','2012-06-29 20:37:45'),(415,335,3,'2012-06-14 16:58:18','2012-06-29 20:37:45'),(416,336,3,'2012-06-14 16:58:18','2012-06-29 20:37:45'),(417,337,3,'2012-06-14 16:58:18','2012-06-29 20:37:45'),(418,338,3,'2012-06-14 16:58:18','2012-06-29 20:37:45'),(419,339,3,'2012-06-14 16:58:18','2012-06-29 20:37:45'),(420,340,3,'2012-06-14 16:58:18','2012-06-29 20:37:45'),(421,341,3,'2012-06-14 16:58:18','2012-06-29 20:37:45'),(422,342,2,'2012-06-14 16:58:18',NULL),(423,343,2,'2012-06-14 16:58:18',NULL),(424,344,2,'2012-06-14 16:58:18',NULL),(425,345,2,'2012-06-14 16:58:18',NULL),(426,346,2,'2012-06-14 16:58:18',NULL),(427,347,2,'2012-06-14 16:58:18',NULL),(428,348,2,'2012-06-14 16:58:18',NULL),(429,349,2,'2012-06-14 16:58:18',NULL),(430,350,2,'2012-06-14 16:58:18','2012-06-17 21:26:42'),(431,351,2,'2012-06-14 16:58:18','2012-06-17 21:26:42'),(432,352,2,'2012-06-14 16:58:18','2012-06-17 21:26:42'),(433,353,2,'2012-06-14 16:58:18','2012-06-17 21:26:42'),(434,354,2,'2012-06-14 16:58:18',NULL),(435,355,2,'2012-06-14 16:58:18',NULL),(436,356,2,'2012-06-14 16:58:18',NULL),(437,357,2,'2012-06-14 16:58:18',NULL),(438,358,2,'2012-06-14 16:58:18',NULL),(439,359,2,'2012-06-14 16:58:18',NULL),(440,360,2,'2012-06-14 16:58:18',NULL),(441,361,2,'2012-06-14 16:58:18',NULL),(442,362,2,'2012-06-14 16:58:18',NULL),(443,363,2,'2012-06-14 16:58:18',NULL),(444,364,2,'2012-06-14 16:58:18',NULL),(445,365,2,'2012-06-14 16:58:18',NULL),(446,366,2,'2012-06-14 16:58:18','2012-06-29 06:49:56'),(447,367,2,'2012-06-14 16:58:18',NULL),(448,368,1,'2012-06-14 16:58:18',NULL),(449,369,1,'2012-06-14 16:58:18',NULL),(450,370,1,'2012-06-14 16:58:18',NULL),(451,371,1,'2012-06-14 16:58:18',NULL),(452,372,1,'2012-06-14 16:58:18','2012-06-29 06:49:56'),(453,373,1,'2012-06-14 16:58:18','2012-06-29 06:49:56'),(454,374,1,'2012-06-14 16:58:18','2012-06-29 06:49:56'),(455,375,1,'2012-06-14 16:58:18','2012-06-29 06:49:56'),(456,376,1,'2012-06-14 16:58:18','2012-06-29 06:49:56'),(457,377,1,'2012-06-14 16:58:18','2012-06-29 06:49:56'),(458,378,1,'2012-06-14 16:58:18',NULL),(459,379,1,'2012-06-14 16:58:18',NULL),(460,380,1,'2012-06-14 16:58:18',NULL),(461,381,1,'2012-06-14 16:58:18',NULL),(462,382,1,'2012-06-14 16:58:18',NULL),(463,383,1,'2012-06-14 16:58:18',NULL),(464,41,4,'2012-06-15 13:06:31','2012-06-17 21:26:38'),(465,42,4,'2012-06-15 13:06:31','2012-06-17 21:26:38'),(466,43,4,'2012-06-15 13:06:31','2012-06-17 21:26:38'),(467,44,4,'2012-06-15 13:06:32','2012-06-17 21:26:38'),(468,45,4,'2012-06-15 13:06:32','2012-06-17 21:26:38'),(469,46,4,'2012-06-15 13:06:32','2012-06-17 21:26:39'),(470,47,4,'2012-06-15 13:06:32','2012-06-17 21:26:39'),(471,48,4,'2012-06-15 13:06:32','2012-06-17 21:26:39'),(472,49,4,'2012-06-15 13:06:32','2012-06-17 21:26:39'),(473,50,4,'2012-06-15 13:06:32','2012-06-17 21:26:39'),(474,51,4,'2012-06-15 13:06:32','2012-06-17 21:26:39'),(475,52,4,'2012-06-15 13:06:32','2012-06-17 21:26:39'),(476,53,4,'2012-06-15 13:06:32','2012-06-17 21:26:39'),(477,54,4,'2012-06-15 13:06:32','2012-06-17 21:26:39'),(478,55,4,'2012-06-15 13:06:32','2012-06-17 21:26:39'),(479,1,4,'2012-06-15 13:20:27','2012-06-17 21:26:37'),(480,2,4,'2012-06-15 13:20:27','2012-06-17 21:26:37'),(481,3,4,'2012-06-15 13:20:27','2012-06-17 21:26:37'),(482,4,4,'2012-06-15 13:20:27','2012-06-17 21:26:37'),(483,5,4,'2012-06-15 13:20:27','2012-06-17 21:26:37'),(484,6,4,'2012-06-15 13:20:27','2012-06-17 21:26:37'),(485,7,4,'2012-06-15 13:20:27','2012-06-17 21:26:38'),(486,8,4,'2012-06-15 13:20:27','2012-06-17 21:26:38'),(487,9,4,'2012-06-15 13:20:27','2012-06-17 21:26:38'),(488,10,4,'2012-06-15 13:20:27','2012-06-17 21:26:38'),(489,11,4,'2012-06-15 13:20:27','2012-06-17 21:26:38'),(490,12,4,'2012-06-15 13:20:28','2012-06-17 21:26:38'),(491,13,4,'2012-06-15 13:20:28','2012-06-17 21:26:38'),(492,14,4,'2012-06-15 13:20:29','2012-06-17 21:26:38'),(493,15,4,'2012-06-15 13:20:29','2012-06-17 21:26:38'),(494,16,4,'2012-06-15 13:20:30','2012-06-17 21:26:38'),(495,17,4,'2012-06-15 13:20:30','2012-06-17 21:26:38'),(496,18,4,'2012-06-15 13:20:30','2012-06-17 21:26:38'),(497,19,4,'2012-06-15 13:20:30','2012-06-17 21:26:38'),(498,20,4,'2012-06-15 13:20:30','2012-06-17 21:26:38'),(499,21,4,'2012-06-15 13:20:30','2012-06-17 21:26:38'),(500,22,4,'2012-06-15 13:20:30','2012-06-17 21:26:38'),(501,23,4,'2012-06-15 13:20:30','2012-06-17 21:26:38'),(502,24,4,'2012-06-15 13:20:30','2012-06-17 21:26:38'),(503,25,4,'2012-06-15 13:20:30','2012-06-17 21:26:38'),(504,26,4,'2012-06-15 13:20:30','2012-06-17 21:26:38'),(505,27,4,'2012-06-15 13:20:30','2012-06-17 21:26:38'),(506,28,4,'2012-06-15 13:20:31','2012-06-17 21:26:38'),(507,29,4,'2012-06-15 13:20:31','2012-06-17 21:26:38'),(508,30,4,'2012-06-15 13:20:31','2012-06-17 21:26:38'),(509,31,4,'2012-06-15 13:20:31','2012-06-17 21:26:38'),(510,32,4,'2012-06-15 13:20:31','2012-06-17 21:26:38'),(511,33,4,'2012-06-15 13:20:31','2012-06-17 21:26:38'),(512,34,4,'2012-06-15 13:20:31','2012-06-17 21:26:38'),(513,35,4,'2012-06-15 13:20:31',NULL),(514,36,4,'2012-06-15 13:20:31',NULL),(515,37,4,'2012-06-15 13:20:31',NULL),(516,38,4,'2012-06-15 13:20:31',NULL),(517,39,4,'2012-06-15 13:20:31',NULL),(518,40,4,'2012-06-15 13:20:31',NULL),(519,384,3,'2012-06-15 22:22:33','2012-06-17 21:26:42'),(520,385,3,'2012-06-15 22:22:33','2012-06-17 21:26:42'),(521,386,3,'2012-06-15 22:22:33','2012-06-17 21:26:42'),(522,387,3,'2012-06-15 22:22:33','2012-06-17 21:26:42'),(523,388,3,'2012-06-15 22:22:33','2012-06-17 21:26:42'),(524,389,3,'2012-06-15 22:22:33','2012-06-17 21:26:42'),(525,390,3,'2012-06-15 22:22:33','2012-06-17 21:26:42'),(526,391,3,'2012-06-15 22:22:33','2012-06-17 21:26:42'),(527,392,3,'2012-06-15 22:22:33','2012-06-17 21:26:42'),(528,393,3,'2012-06-15 22:22:33','2012-06-17 21:26:42'),(529,394,3,'2012-06-15 22:22:33','2012-06-17 21:26:42'),(530,395,3,'2012-06-15 22:22:33','2012-06-17 21:26:42'),(531,396,3,'2012-06-15 22:22:33','2012-06-17 21:26:42'),(532,397,3,'2012-06-15 22:22:33','2012-06-17 21:26:42'),(533,398,3,'2012-06-15 22:22:33','2012-06-17 21:26:42'),(534,399,3,'2012-06-15 22:22:33','2012-06-17 21:26:42'),(535,400,3,'2012-06-15 22:22:33','2012-06-17 21:26:42'),(536,401,3,'2012-06-15 22:22:33','2012-06-17 21:26:42'),(537,402,3,'2012-06-15 22:22:33','2012-06-17 21:26:42'),(538,403,3,'2012-06-15 22:22:33','2012-06-17 21:26:42'),(539,404,1,'2012-06-17 21:57:59','2012-06-17 23:20:06'),(540,405,1,'2012-06-17 21:57:59','2012-06-18 00:54:42'),(541,317,3,'2012-06-29 20:44:08',NULL),(542,318,3,'2012-06-29 20:44:08',NULL),(543,319,3,'2012-06-29 20:44:08',NULL),(544,320,3,'2012-06-29 20:44:08',NULL),(545,321,3,'2012-06-29 20:44:08',NULL),(546,322,3,'2012-06-29 20:44:08',NULL),(547,323,3,'2012-06-29 20:44:08',NULL);
/*!40000 ALTER TABLE `assets_assetstorage` ENABLE KEYS */;
UNLOCK TABLES;

--
-- Table structure for table `auth_group`
--

DROP TABLE IF EXISTS `auth_group`;
/*!40101 SET @saved_cs_client     = @@character_set_client */;
/*!40101 SET character_set_client = utf8 */;
CREATE TABLE `auth_group` (
  `id` int(11) NOT NULL AUTO_INCREMENT,
  `name` varchar(80) NOT NULL,
  PRIMARY KEY (`id`),
  UNIQUE KEY `name` (`name`)
) ENGINE=MyISAM DEFAULT CHARSET=utf8;
/*!40101 SET character_set_client = @saved_cs_client */;

--
-- Dumping data for table `auth_group`
--

LOCK TABLES `auth_group` WRITE;
/*!40000 ALTER TABLE `auth_group` DISABLE KEYS */;
/*!40000 ALTER TABLE `auth_group` ENABLE KEYS */;
UNLOCK TABLES;

--
-- Table structure for table `auth_group_permissions`
--

DROP TABLE IF EXISTS `auth_group_permissions`;
/*!40101 SET @saved_cs_client     = @@character_set_client */;
/*!40101 SET character_set_client = utf8 */;
CREATE TABLE `auth_group_permissions` (
  `id` int(11) NOT NULL AUTO_INCREMENT,
  `group_id` int(11) NOT NULL,
  `permission_id` int(11) NOT NULL,
  PRIMARY KEY (`id`),
  UNIQUE KEY `group_id` (`group_id`,`permission_id`),
  KEY `auth_group_permissions_bda51c3c` (`group_id`),
  KEY `auth_group_permissions_1e014c8f` (`permission_id`)
) ENGINE=MyISAM DEFAULT CHARSET=utf8;
/*!40101 SET character_set_client = @saved_cs_client */;

--
-- Dumping data for table `auth_group_permissions`
--

LOCK TABLES `auth_group_permissions` WRITE;
/*!40000 ALTER TABLE `auth_group_permissions` DISABLE KEYS */;
/*!40000 ALTER TABLE `auth_group_permissions` ENABLE KEYS */;
UNLOCK TABLES;

--
-- Table structure for table `auth_message`
--

DROP TABLE IF EXISTS `auth_message`;
/*!40101 SET @saved_cs_client     = @@character_set_client */;
/*!40101 SET character_set_client = utf8 */;
CREATE TABLE `auth_message` (
  `id` int(11) NOT NULL AUTO_INCREMENT,
  `user_id` int(11) NOT NULL,
  `message` longtext NOT NULL,
  PRIMARY KEY (`id`),
  KEY `auth_message_fbfc09f1` (`user_id`)
) ENGINE=MyISAM DEFAULT CHARSET=utf8;
/*!40101 SET character_set_client = @saved_cs_client */;

--
-- Dumping data for table `auth_message`
--

LOCK TABLES `auth_message` WRITE;
/*!40000 ALTER TABLE `auth_message` DISABLE KEYS */;
/*!40000 ALTER TABLE `auth_message` ENABLE KEYS */;
UNLOCK TABLES;

--
-- Table structure for table `auth_permission`
--

DROP TABLE IF EXISTS `auth_permission`;
/*!40101 SET @saved_cs_client     = @@character_set_client */;
/*!40101 SET character_set_client = utf8 */;
CREATE TABLE `auth_permission` (
  `id` int(11) NOT NULL AUTO_INCREMENT,
  `name` varchar(50) NOT NULL,
  `content_type_id` int(11) NOT NULL,
  `codename` varchar(100) NOT NULL,
  PRIMARY KEY (`id`),
  UNIQUE KEY `content_type_id` (`content_type_id`,`codename`),
  KEY `auth_permission_e4470c6e` (`content_type_id`)
) ENGINE=MyISAM AUTO_INCREMENT=151 DEFAULT CHARSET=utf8;
/*!40101 SET character_set_client = @saved_cs_client */;

--
-- Dumping data for table `auth_permission`
--

LOCK TABLES `auth_permission` WRITE;
/*!40000 ALTER TABLE `auth_permission` DISABLE KEYS */;
INSERT INTO `auth_permission` VALUES (1,'Can add permission',1,'add_permission'),(2,'Can change permission',1,'change_permission'),(3,'Can delete permission',1,'delete_permission'),(4,'Can add group',2,'add_group'),(5,'Can change group',2,'change_group'),(6,'Can delete group',2,'delete_group'),(7,'Can add user',3,'add_user'),(8,'Can change user',3,'change_user'),(9,'Can delete user',3,'delete_user'),(10,'Can add message',4,'add_message'),(11,'Can change message',4,'change_message'),(12,'Can delete message',4,'delete_message'),(13,'Can add content type',5,'add_contenttype'),(14,'Can change content type',5,'change_contenttype'),(15,'Can delete content type',5,'delete_contenttype'),(16,'Can add session',6,'add_session'),(17,'Can change session',6,'change_session'),(18,'Can delete session',6,'delete_session'),(19,'Can add site',7,'add_site'),(20,'Can change site',7,'change_site'),(21,'Can delete site',7,'delete_site'),(22,'Can add registration profile',8,'add_registrationprofile'),(23,'Can change registration profile',8,'change_registrationprofile'),(24,'Can delete registration profile',8,'delete_registrationprofile'),(25,'Can add log entry',9,'add_logentry'),(26,'Can change log entry',9,'change_logentry'),(27,'Can delete log entry',9,'delete_logentry'),(28,'Can add migration history',10,'add_migrationhistory'),(29,'Can change migration history',10,'change_migrationhistory'),(30,'Can delete migration history',10,'delete_migrationhistory'),(31,'Can add user profile',11,'add_userprofile'),(32,'Can change user profile',11,'change_userprofile'),(33,'Can delete user profile',11,'delete_userprofile'),(34,'Can add client',12,'add_clients'),(35,'Can change client',12,'change_clients'),(36,'Can delete client',12,'delete_clients'),(37,'Can add test',13,'add_test'),(38,'Can change test',13,'change_test'),(39,'Can delete test',13,'delete_test'),(40,'Can add address',14,'add_address'),(41,'Can change address',14,'change_address'),(42,'Can delete address',14,'delete_address'),(43,'Can add Contact Info',15,'add_social'),(44,'Can change Contact Info',15,'change_social'),(45,'Can delete Contact Info',15,'delete_social'),(46,'Can add account',16,'add_accounts'),(47,'Can change account',16,'change_accounts'),(48,'Can delete account',16,'delete_accounts'),(49,'Can add transaction',17,'add_transactions'),(50,'Can change transaction',17,'change_transactions'),(51,'Can delete transaction',17,'delete_transactions'),(52,'Can add Confirm Debit',18,'add_transactionconfirmdebit'),(53,'Can change Confirm Debit',18,'change_transactionconfirmdebit'),(54,'Can delete Confirm Debit',18,'delete_transactionconfirmdebit'),(55,'Can add Confirm Credit',19,'add_transactionconfirmcredit'),(56,'Can change Confirm Credit',19,'change_transactionconfirmcredit'),(57,'Can delete Confirm Credit',19,'delete_transactionconfirmcredit'),(58,'Can add Account Monthly Summary',20,'add_accountmonthlysummary'),(59,'Can change Account Monthly Summary',20,'change_accountmonthlysummary'),(60,'Can delete Account Monthly Summary',20,'delete_accountmonthlysummary'),(61,'Can add Manufacturer',21,'add_manufacturer'),(62,'Can change Manufacturer',21,'change_manufacturer'),(63,'Can delete Manufacturer',21,'delete_manufacturer'),(64,'Can add product',22,'add_itemproduct'),(65,'Can change product',22,'change_itemproduct'),(66,'Can delete product',22,'delete_itemproduct'),(67,'Can add supplier',23,'add_supplier'),(68,'Can change supplier',23,'change_supplier'),(69,'Can delete supplier',23,'delete_supplier'),(70,'Can add item template',24,'add_itemtemplate'),(71,'Can change item template',24,'change_itemtemplate'),(72,'Can delete item template',24,'delete_itemtemplate'),(73,'Can add item template stock online',25,'add_itemtemplatestockonline'),(74,'Can change item template stock online',25,'change_itemtemplatestockonline'),(75,'Can delete item template stock online',25,'delete_itemtemplatestockonline'),(76,'Can add item template price online',26,'add_itemtemplatepriceonline'),(77,'Can change item template price online',26,'change_itemtemplatepriceonline'),(78,'Can delete item template price online',26,'delete_itemtemplatepriceonline'),(79,'Can add item template price local',27,'add_itemtemplatepricelocal'),(80,'Can change item template price local',27,'change_itemtemplatepricelocal'),(81,'Can delete item template price local',27,'delete_itemtemplatepricelocal'),(82,'Can add Staples store',28,'add_local_stores_staples'),(83,'Can change Staples store',28,'change_local_stores_staples'),(84,'Can delete Staples store',28,'delete_local_stores_staples'),(85,'Can add Bestbuy store',29,'add_local_stores_bestbuy'),(86,'Can change Bestbuy store',29,'change_local_stores_bestbuy'),(87,'Can delete Bestbuy store',29,'delete_local_stores_bestbuy'),(88,'Can add Target store',30,'add_local_stores_target'),(89,'Can change Target store',30,'change_local_stores_target'),(90,'Can delete Target store',30,'delete_local_stores_target'),(91,'Can add Walmart store',31,'add_local_stores_walmart'),(92,'Can change Walmart store',31,'change_local_stores_walmart'),(93,'Can delete Walmart store',31,'delete_local_stores_walmart'),(94,'Can add Inventory Search Result',32,'add_inventory_results'),(95,'Can change Inventory Search Result',32,'change_inventory_results'),(96,'Can delete Inventory Search Result',32,'delete_inventory_results'),(97,'Can add asset',33,'add_asset'),(98,'Can change asset',33,'change_asset'),(99,'Can delete asset',33,'delete_asset'),(100,'Can add asset group',34,'add_assetgroup'),(101,'Can change asset group',34,'change_assetgroup'),(102,'Can delete asset group',34,'delete_assetgroup'),(103,'Can add asset location',35,'add_assetstorage'),(104,'Can change asset location',35,'change_assetstorage'),(105,'Can delete asset location',35,'delete_assetstorage'),(106,'Can add asset estimate',36,'add_assetestimate'),(107,'Can change asset estimate',36,'change_assetestimate'),(108,'Can delete asset estimate',36,'delete_assetestimate'),(109,'Can add shipment',37,'add_shipments'),(110,'Can change shipment',37,'change_shipments'),(111,'Can delete shipment',37,'delete_shipments'),(112,'Can add Purchase Request',38,'add_purchaserequest'),(113,'Can change Purchase Request',38,'change_purchaserequest'),(114,'Can delete Purchase Request',38,'delete_purchaserequest'),(115,'Can add Purchase Document',39,'add_purchasedoc'),(116,'Can change Purchase Document',39,'change_purchasedoc'),(117,'Can delete Purchase Document',39,'delete_purchasedoc'),(118,'Can add Purchase cost',40,'add_purchase_cost'),(119,'Can change Purchase cost',40,'change_purchase_cost'),(120,'Can delete Purchase cost',40,'delete_purchase_cost'),(121,'Can add Sell Request',41,'add_sellrequest'),(122,'Can change Sell Request',41,'change_sellrequest'),(123,'Can delete Sell Request',41,'delete_sellrequest'),(124,'Can add Selling charge',42,'add_sell_cost'),(125,'Can change Selling charge',42,'change_sell_cost'),(126,'Can delete Selling charge',42,'delete_sell_cost'),(127,'Can add Sell Document',43,'add_selldoc'),(128,'Can change Sell Document',43,'change_selldoc'),(129,'Can delete Sell Document',43,'delete_selldoc'),(130,'Can add Platform',44,'add_sellingplatform'),(131,'Can change Platform',44,'change_sellingplatform'),(132,'Can delete Platform',44,'delete_sellingplatform'),(133,'Can add Selling Slot',45,'add_sellingplatformslot'),(134,'Can change Selling Slot',45,'change_sellingplatformslot'),(135,'Can delete Selling Slot',45,'delete_sellingplatformslot'),(136,'Can add storage',46,'add_storage'),(137,'Can change storage',46,'change_storage'),(138,'Can delete storage',46,'delete_storage'),(139,'Can add Postsell Request',47,'add_postsellrequest'),(140,'Can change Postsell Request',47,'change_postsellrequest'),(141,'Can delete Postsell Request',47,'delete_postsellrequest'),(142,'Can add Postsell cost',48,'add_postsell_cost'),(143,'Can change Postsell cost',48,'change_postsell_cost'),(144,'Can delete Postsell cost',48,'delete_postsell_cost'),(145,'Can add PostSell Document',49,'add_postselldoc'),(146,'Can change PostSell Document',49,'change_postselldoc'),(147,'Can delete PostSell Document',49,'delete_postselldoc'),(148,'Can add customer',50,'add_customers'),(149,'Can change customer',50,'change_customers'),(150,'Can delete customer',50,'delete_customers');
/*!40000 ALTER TABLE `auth_permission` ENABLE KEYS */;
UNLOCK TABLES;

--
-- Table structure for table `auth_user`
--

DROP TABLE IF EXISTS `auth_user`;
/*!40101 SET @saved_cs_client     = @@character_set_client */;
/*!40101 SET character_set_client = utf8 */;
CREATE TABLE `auth_user` (
  `id` int(11) NOT NULL AUTO_INCREMENT,
  `username` varchar(30) NOT NULL,
  `first_name` varchar(30) NOT NULL,
  `last_name` varchar(30) NOT NULL,
  `email` varchar(75) NOT NULL,
  `password` varchar(128) NOT NULL,
  `is_staff` tinyint(1) NOT NULL,
  `is_active` tinyint(1) NOT NULL,
  `is_superuser` tinyint(1) NOT NULL,
  `last_login` datetime NOT NULL,
  `date_joined` datetime NOT NULL,
  PRIMARY KEY (`id`),
  UNIQUE KEY `username` (`username`)
) ENGINE=MyISAM AUTO_INCREMENT=7 DEFAULT CHARSET=utf8;
/*!40101 SET character_set_client = @saved_cs_client */;

--
-- Dumping data for table `auth_user`
--

LOCK TABLES `auth_user` WRITE;
/*!40000 ALTER TABLE `auth_user` DISABLE KEYS */;
INSERT INTO `auth_user` VALUES (1,'junlings','','','jun@jun.com','sha1$4a8e3$ead1a9effae7fc4622fd06999a7830424adab3f2',1,1,1,'2012-07-03 10:32:48','2012-06-11 20:44:18'),(2,'lichen','','','','sha1$314e7$e48526182054a8d6f347c8bf645809f0daad8630',0,1,0,'2012-07-01 08:28:08','2012-06-11 20:47:50'),(3,'junhuang','','','','sha1$045dd$eb0ec3c9e3c4bb37de4038f6e65f37af0c0b4435',0,1,0,'2012-06-29 22:16:25','2012-06-11 20:48:07'),(4,'yulinxiao','','','','sha1$e0bc5$e12e7eef024f48541416bc04b78f14893b4d4fec',0,1,0,'2012-06-29 08:17:48','2012-06-11 20:48:27'),(5,'fprimes','','','','sha1$e74d7$c3e506f2e9065e0d142af00262523e630adfa33c',1,1,1,'2012-06-29 22:05:56','2012-06-11 20:49:13'),(6,'junxia','','','','sha1$a2179$cb9333256a7ba9472661f5d05a46a60dea8a78a6',0,1,0,'2012-07-01 08:29:33','2012-06-11 21:10:33');
/*!40000 ALTER TABLE `auth_user` ENABLE KEYS */;
UNLOCK TABLES;

--
-- Table structure for table `auth_user_groups`
--

DROP TABLE IF EXISTS `auth_user_groups`;
/*!40101 SET @saved_cs_client     = @@character_set_client */;
/*!40101 SET character_set_client = utf8 */;
CREATE TABLE `auth_user_groups` (
  `id` int(11) NOT NULL AUTO_INCREMENT,
  `user_id` int(11) NOT NULL,
  `group_id` int(11) NOT NULL,
  PRIMARY KEY (`id`),
  UNIQUE KEY `user_id` (`user_id`,`group_id`),
  KEY `auth_user_groups_fbfc09f1` (`user_id`),
  KEY `auth_user_groups_bda51c3c` (`group_id`)
) ENGINE=MyISAM DEFAULT CHARSET=utf8;
/*!40101 SET character_set_client = @saved_cs_client */;

--
-- Dumping data for table `auth_user_groups`
--

LOCK TABLES `auth_user_groups` WRITE;
/*!40000 ALTER TABLE `auth_user_groups` DISABLE KEYS */;
/*!40000 ALTER TABLE `auth_user_groups` ENABLE KEYS */;
UNLOCK TABLES;

--
-- Table structure for table `auth_user_user_permissions`
--

DROP TABLE IF EXISTS `auth_user_user_permissions`;
/*!40101 SET @saved_cs_client     = @@character_set_client */;
/*!40101 SET character_set_client = utf8 */;
CREATE TABLE `auth_user_user_permissions` (
  `id` int(11) NOT NULL AUTO_INCREMENT,
  `user_id` int(11) NOT NULL,
  `permission_id` int(11) NOT NULL,
  PRIMARY KEY (`id`),
  UNIQUE KEY `user_id` (`user_id`,`permission_id`),
  KEY `auth_user_user_permissions_fbfc09f1` (`user_id`),
  KEY `auth_user_user_permissions_1e014c8f` (`permission_id`)
) ENGINE=MyISAM DEFAULT CHARSET=utf8;
/*!40101 SET character_set_client = @saved_cs_client */;

--
-- Dumping data for table `auth_user_user_permissions`
--

LOCK TABLES `auth_user_user_permissions` WRITE;
/*!40000 ALTER TABLE `auth_user_user_permissions` DISABLE KEYS */;
/*!40000 ALTER TABLE `auth_user_user_permissions` ENABLE KEYS */;
UNLOCK TABLES;

--
-- Table structure for table `contacts_address`
--

DROP TABLE IF EXISTS `contacts_address`;
/*!40101 SET @saved_cs_client     = @@character_set_client */;
/*!40101 SET character_set_client = utf8 */;
CREATE TABLE `contacts_address` (
  `id` int(11) NOT NULL AUTO_INCREMENT,
  `nickname` varchar(100) NOT NULL,
  `country` varchar(100) NOT NULL,
  `state` varchar(100) NOT NULL,
  `city` varchar(100) NOT NULL,
  `address_line1` varchar(100) NOT NULL,
  `address_line2` varchar(100) DEFAULT NULL,
  `zipcode` varchar(100) NOT NULL,
  `notes` longtext,
  PRIMARY KEY (`id`)
) ENGINE=MyISAM DEFAULT CHARSET=utf8;
/*!40101 SET character_set_client = @saved_cs_client */;

--
-- Dumping data for table `contacts_address`
--

LOCK TABLES `contacts_address` WRITE;
/*!40000 ALTER TABLE `contacts_address` DISABLE KEYS */;
/*!40000 ALTER TABLE `contacts_address` ENABLE KEYS */;
UNLOCK TABLES;

--
-- Table structure for table `contacts_social`
--

DROP TABLE IF EXISTS `contacts_social`;
/*!40101 SET @saved_cs_client     = @@character_set_client */;
/*!40101 SET character_set_client = utf8 */;
CREATE TABLE `contacts_social` (
  `id` int(11) NOT NULL AUTO_INCREMENT,
  `nickname` varchar(100) NOT NULL,
  `homephone` varchar(100) DEFAULT NULL,
  `cellphone` varchar(100) DEFAULT NULL,
  `businessphone` varchar(100) DEFAULT NULL,
  `fax` varchar(100) DEFAULT NULL,
  `email` varchar(75) DEFAULT NULL,
  `website` varchar(100) DEFAULT NULL,
  `facebook` varchar(100) DEFAULT NULL,
  `linkedin` varchar(100) DEFAULT NULL,
  `twitter` varchar(100) DEFAULT NULL,
  `sina_weibo` varchar(100) DEFAULT NULL,
  `qq` varchar(20) DEFAULT NULL,
  `mitbbs_id` varchar(100) DEFAULT NULL,
  `notes` longtext,
  PRIMARY KEY (`id`)
) ENGINE=MyISAM DEFAULT CHARSET=utf8;
/*!40101 SET character_set_client = @saved_cs_client */;

--
-- Dumping data for table `contacts_social`
--

LOCK TABLES `contacts_social` WRITE;
/*!40000 ALTER TABLE `contacts_social` DISABLE KEYS */;
/*!40000 ALTER TABLE `contacts_social` ENABLE KEYS */;
UNLOCK TABLES;

--
-- Table structure for table `contacts_test`
--

DROP TABLE IF EXISTS `contacts_test`;
/*!40101 SET @saved_cs_client     = @@character_set_client */;
/*!40101 SET character_set_client = utf8 */;
CREATE TABLE `contacts_test` (
  `id` int(11) NOT NULL AUTO_INCREMENT,
  `nickname` varchar(100) NOT NULL,
  PRIMARY KEY (`id`)
) ENGINE=MyISAM DEFAULT CHARSET=utf8;
/*!40101 SET character_set_client = @saved_cs_client */;

--
-- Dumping data for table `contacts_test`
--

LOCK TABLES `contacts_test` WRITE;
/*!40000 ALTER TABLE `contacts_test` DISABLE KEYS */;
/*!40000 ALTER TABLE `contacts_test` ENABLE KEYS */;
UNLOCK TABLES;

--
-- Table structure for table `customer_customers`
--

DROP TABLE IF EXISTS `customer_customers`;
/*!40101 SET @saved_cs_client     = @@character_set_client */;
/*!40101 SET character_set_client = utf8 */;
CREATE TABLE `customer_customers` (
  `id` int(11) NOT NULL AUTO_INCREMENT,
  `firstname` varchar(100) NOT NULL,
  `middlename` varchar(100) DEFAULT NULL,
  `lastname` varchar(100) DEFAULT NULL,
  `address_id` int(11) DEFAULT NULL,
  `contact_id` int(11) DEFAULT NULL,
  PRIMARY KEY (`id`),
  KEY `customer_customers_b213c1e9` (`address_id`),
  KEY `customer_customers_170b8823` (`contact_id`)
) ENGINE=MyISAM AUTO_INCREMENT=52 DEFAULT CHARSET=utf8;
/*!40101 SET character_set_client = @saved_cs_client */;

--
-- Dumping data for table `customer_customers`
--

LOCK TABLES `customer_customers` WRITE;
/*!40000 ALTER TABLE `customer_customers` DISABLE KEYS */;
INSERT INTO `customer_customers` VALUES (1,'105-5089200-2849836','','Amazon',NULL,NULL),(2,'Unknown','','',NULL,NULL),(3,'mitbbs:pixie','','',NULL,NULL),(4,'mitbbs:guaifei','','',NULL,NULL),(5,'ebay:jimjss','','',NULL,NULL),(6,'ebay:gymmomej','','',NULL,NULL),(7,'ebay:hamadanwahi','','',NULL,NULL),(8,'ebay:aslee001','','',NULL,NULL),(9,'ebay:shagmbg444','','',NULL,NULL),(10,'ebay:mgingras74marc','','',NULL,NULL),(11,'mitbbs:HMC','','',NULL,NULL),(12,'mitbbs:boson','','',NULL,NULL),(13,'ebay:accordman_92','','',NULL,NULL),(14,'ebay:goon_williams','','',NULL,NULL),(15,'ebay:3giovanni9','','',NULL,NULL),(16,'ebay:javi2526','','',NULL,NULL),(17,'ebay:bjohnsen12012','','',NULL,NULL),(18,'ebay:less1995','','',NULL,NULL),(19,'ebay:huskerdjp','','',NULL,NULL),(20,'ebay:mike19975','','',NULL,NULL),(21,'ebay:drewfillups','','',NULL,NULL),(22,'ebay:xxninjaxxtoast','','',NULL,NULL),(23,'ebay:dillman8171','','',NULL,NULL),(24,'ebay:chekkal','','',NULL,NULL),(25,'ebay:str_xt','','',NULL,NULL),(26,'ebay:jbotellojr','','',NULL,NULL),(27,'ebay:andrew1068928','','',NULL,NULL),(28,'ebay:eckleremporium','','',NULL,NULL),(29,'ebay:dynomike4109','','',NULL,NULL),(30,'ebay:bqskooby91','','',NULL,NULL),(31,'ebay:intelligentlady99a','','',NULL,NULL),(32,'ebay:bigant117','','',NULL,NULL),(33,'ebay:jvanvactor','','',NULL,NULL),(34,'ebay:josephedo','','',NULL,NULL),(36,'ebay:dsan4528','','',NULL,NULL),(37,'ebay:semsem80','','',NULL,NULL),(38,'mitbbs:mihu','','',NULL,NULL),(39,'ebay:et6072m','','',NULL,NULL),(40,'ebay:frechette473','','',NULL,NULL),(41,'ebay:cachetworks.usa','','',NULL,NULL),(42,'mitbbs:miles6','','',NULL,NULL),(43,'mitbbs:Tina0929','','',NULL,NULL),(44,'mitbbs:petman','','',NULL,NULL),(45,'mitbbs:gamestop','','',NULL,NULL),(46,'ebay:semsem80','','',NULL,NULL),(48,'mitbbs:venomlord','','',NULL,NULL),(49,'Horselibra','','',NULL,NULL),(50,'mitbbs:Horselibra','','',NULL,NULL),(51,'Qing Wang','','',NULL,NULL);
/*!40000 ALTER TABLE `customer_customers` ENABLE KEYS */;
UNLOCK TABLES;

--
-- Table structure for table `django_admin_log`
--

DROP TABLE IF EXISTS `django_admin_log`;
/*!40101 SET @saved_cs_client     = @@character_set_client */;
/*!40101 SET character_set_client = utf8 */;
CREATE TABLE `django_admin_log` (
  `id` int(11) NOT NULL AUTO_INCREMENT,
  `action_time` datetime NOT NULL,
  `user_id` int(11) NOT NULL,
  `content_type_id` int(11) DEFAULT NULL,
  `object_id` longtext,
  `object_repr` varchar(200) NOT NULL,
  `action_flag` smallint(5) unsigned NOT NULL,
  `change_message` longtext NOT NULL,
  PRIMARY KEY (`id`),
  KEY `django_admin_log_fbfc09f1` (`user_id`),
  KEY `django_admin_log_e4470c6e` (`content_type_id`)
) ENGINE=MyISAM AUTO_INCREMENT=525 DEFAULT CHARSET=utf8;
/*!40101 SET character_set_client = @saved_cs_client */;

--
-- Dumping data for table `django_admin_log`
--

LOCK TABLES `django_admin_log` WRITE;
/*!40000 ALTER TABLE `django_admin_log` DISABLE KEYS */;
INSERT INTO `django_admin_log` VALUES (434,'2012-06-22 07:24:19',1,46,'1','Li House',2,'Changed owner.'),(435,'2012-06-22 07:24:29',1,46,'2','jun xia home',2,'Changed owner.'),(436,'2012-06-22 07:24:34',1,46,'3','jun huang house',2,'Changed owner.'),(437,'2012-06-22 07:24:39',1,46,'4','amazon FBA',2,'Changed owner.'),(438,'2012-06-22 07:24:44',1,46,'5','yulin xiao home',2,'Changed owner.'),(439,'2012-06-22 09:36:10',1,24,'40','newegg|Symantec|None',1,''),(440,'2012-06-22 09:36:39',1,22,'34','Norton 360 6.0 EN - 1 User/ 3PC',2,'Changed shortname.'),(441,'2012-06-22 09:37:23',1,37,'67','Purchase Request 67: 1 newegg|Symantec|Norton 360 6.0',1,''),(442,'2012-06-22 09:37:55',1,37,'68','Purchase Request 68: 1 newegg|Symantec|Norton 360 6.0',1,''),(443,'2012-06-22 09:40:11',1,50,'47','mitvenomlord',1,''),(444,'2012-06-22 09:41:00',1,50,'48','mitbbs:venomlord',1,''),(445,'2012-06-22 09:41:46',1,40,'101','Sell Request: 101 on amazon|Canon|EOS Rebel T3|000049000000|onsale:False',1,''),(446,'2012-06-22 09:49:51',1,40,'101','Sell Request: 101 on amazon|Canon|EOS Rebel T3|000049000000|onsale:False',2,'Added Sell Document \"Docs id=2, upload on 2012-06-22 09:49:51.617000\".'),(447,'2012-06-22 09:50:23',1,50,'47','mitvenomlord',3,''),(448,'2012-06-22 09:50:37',1,50,'46','ebay:semsem80',2,'Changed firstname.'),(449,'2012-06-22 09:50:49',1,50,'21','ebay:drewfillups',2,'Changed firstname.'),(450,'2012-06-22 09:54:40',1,37,'64','Purchase Request 64: 2 walmart|Amazon|kindle wifi',2,'Changed account_commission for Purchase cost \"Purchase Request 64: 2 walmart|Amazon|kindle wifi\".'),(451,'2012-06-22 09:55:22',1,17,'435','Transaction_435',2,'Changed accountB.'),(452,'2012-06-22 11:02:40',5,17,'446','Transaction_446',2,'Changed accountA.'),(453,'2012-06-22 11:09:01',1,17,'455','Transaction_455',1,''),(454,'2012-06-22 11:09:19',1,17,'16','Transaction_16',2,'Changed notes.'),(455,'2012-06-22 11:00:03',1,17,'13','Transaction_13',2,'Changed accountA.'),(456,'2012-06-23 07:06:31',1,37,'1','investment_by_FEDEX',1,''),(457,'2012-06-25 14:53:14',1,36,'9','9',3,''),(458,'2012-06-25 14:53:14',1,36,'10','10',3,''),(459,'2012-06-25 14:53:14',1,36,'11','11',3,''),(460,'2012-06-25 14:53:14',1,36,'12','12',3,''),(461,'2012-06-25 14:53:14',1,36,'13','13',3,''),(462,'2012-06-25 14:53:14',1,36,'14','14',3,''),(463,'2012-06-25 14:53:14',1,36,'15','15',3,''),(464,'2012-06-25 14:53:14',1,36,'16','16',3,''),(465,'2012-06-25 14:53:14',1,36,'17','17',3,''),(466,'2012-06-25 14:53:14',1,36,'18','18',3,''),(467,'2012-06-25 14:53:14',1,36,'19','19',3,''),(468,'2012-06-25 14:53:14',1,36,'20','20',3,''),(469,'2012-06-25 14:53:14',1,36,'21','21',3,''),(470,'2012-06-25 14:53:14',1,36,'22','22',3,''),(471,'2012-06-29 06:47:48',1,41,'102','Sell Request: 102 on target|sony|Sony PRS-T1|000054000000|onsale:False',1,''),(472,'2012-06-29 06:48:07',1,41,'102','Sell Request: 102 on target|sony|Sony PRS-T1|000054000000|onsale:False',2,'Changed sellprice for Selling charge \"Sell Request: 102 on target|sony|Sony PRS-T1|000054000000|onsale:False\".'),(473,'2012-06-29 06:49:06',1,41,'103','Sell Request: 103 on target|sony|Sony PRS-T1|000054000004|onsale:False',1,''),(474,'2012-06-29 07:13:00',1,17,'459','Transaction_459',1,''),(475,'2012-06-29 07:20:05',1,20,'259','AccountMonthlySummary object',3,''),(476,'2012-06-29 07:20:05',1,20,'260','AccountMonthlySummary object',3,''),(477,'2012-06-29 07:20:05',1,20,'261','AccountMonthlySummary object',3,''),(478,'2012-06-29 07:20:05',1,20,'262','AccountMonthlySummary object',3,''),(479,'2012-06-29 07:20:05',1,20,'263','AccountMonthlySummary object',3,''),(480,'2012-06-29 07:20:05',1,20,'264','AccountMonthlySummary object',3,''),(481,'2012-06-29 07:20:05',1,20,'265','AccountMonthlySummary object',3,''),(482,'2012-06-29 07:20:05',1,20,'266','AccountMonthlySummary object',3,''),(483,'2012-06-29 07:20:05',1,20,'267','AccountMonthlySummary object',3,''),(484,'2012-06-29 07:20:05',1,20,'268','AccountMonthlySummary object',3,''),(485,'2012-06-29 07:20:05',1,20,'269','AccountMonthlySummary object',3,''),(486,'2012-06-29 07:20:05',1,20,'270','AccountMonthlySummary object',3,''),(487,'2012-06-29 07:39:20',1,38,'44','Purchase Request 44: 1 amazon|Panasonic| Lumix DMC-GF3CK',2,'Changed quantity.'),(488,'2012-06-29 07:54:32',1,36,'383','383',2,'Changed cost_purchase_product.'),(489,'2012-06-29 20:35:17',1,50,'49','Horselibra',1,''),(490,'2012-06-29 20:35:26',1,50,'50','mitbbs:Horselibra',1,''),(491,'2012-06-29 20:35:29',1,41,'104','Sell Request: 104 on tigerdirect|Hewlett-Pack|HP P1102w|000032000008|onsale:False',1,''),(492,'2012-06-29 20:36:59',1,41,'105','Sell Request: 105 on bestbuy|EA SPORTS|MADDEN 2012|000041000000|onsale:False',1,''),(493,'2012-06-29 20:41:39',1,50,'51','Qing Wang',1,''),(494,'2012-06-29 20:42:16',1,41,'106','Sell Request: 106 on tigerdirect|Hewlett-Pack|HP P1102w|000032000007|onsale:False',1,''),(495,'2012-06-29 20:52:58',1,41,'107','Sell Request: 107 on walmart|Microsoft Software|Xbox LIVE 3-Month|000005000008|onsale:False',1,''),(496,'2012-07-01 07:44:23',1,17,'26','Transaction_26',2,'Changed fieldname.'),(497,'2012-07-01 07:44:31',1,17,'27','Transaction_27',2,'Changed fieldname.'),(498,'2012-07-01 07:47:08',1,17,'28','Transaction_28',2,'Changed fieldname.'),(499,'2012-07-01 07:47:18',1,17,'29','Transaction_29',2,'Changed fieldname.'),(500,'2012-07-01 07:47:36',1,17,'26','Transaction_26',2,'No fields changed.'),(501,'2012-07-01 07:49:09',1,17,'455','Transaction_455',2,'Changed fieldname.'),(502,'2012-07-01 07:49:24',1,17,'1','Transaction_1',2,'Changed fieldname.'),(503,'2012-07-01 07:49:31',1,17,'2','Transaction_2',2,'Changed fieldname.'),(504,'2012-07-01 07:49:42',1,17,'10','Transaction_10',2,'Changed fieldname.'),(505,'2012-07-01 07:49:56',1,17,'11','Transaction_11',2,'Changed fieldname.'),(506,'2012-07-01 07:50:05',1,17,'16','Transaction_16',2,'Changed fieldname.'),(507,'2012-07-01 07:50:52',1,17,'3','Transaction_3',2,'Changed fieldname.'),(508,'2012-07-01 07:51:05',1,17,'4','Transaction_4',2,'Changed fieldname.'),(509,'2012-07-01 07:51:15',1,17,'5','Transaction_5',2,'Changed fieldname.'),(510,'2012-07-01 07:51:26',1,17,'6','Transaction_6',2,'Changed fieldname.'),(511,'2012-07-01 07:51:36',1,17,'7','Transaction_7',2,'Changed fieldname.'),(512,'2012-07-01 07:51:47',1,17,'8','Transaction_8',2,'Changed fieldname.'),(513,'2012-07-01 07:51:56',1,17,'9','Transaction_9',2,'Changed fieldname.'),(514,'2012-07-01 07:52:08',1,17,'12','Transaction_12',2,'Changed fieldname.'),(515,'2012-07-01 07:52:17',1,17,'13','Transaction_13',2,'Changed fieldname.'),(516,'2012-07-01 07:52:24',1,17,'14','Transaction_14',2,'Changed fieldname.'),(517,'2012-07-01 07:52:57',1,17,'15','Transaction_15',2,'Changed fieldname.'),(518,'2012-07-01 07:53:19',1,17,'18','Transaction_18',2,'Changed fieldname.'),(519,'2012-07-01 07:53:34',1,17,'20','Transaction_20',2,'Changed fieldname.'),(520,'2012-07-01 07:53:46',1,17,'21','Transaction_21',2,'Changed fieldname.'),(521,'2012-07-01 07:54:05',1,17,'22','Transaction_22',2,'Changed fieldname.'),(522,'2012-07-01 08:26:18',1,17,'463','Transaction_463',1,''),(523,'2012-07-01 08:29:12',1,17,'463','Transaction_463',2,'Changed notes.'),(524,'2012-07-11 09:02:37',1,17,'464','Transaction_464',1,'');
/*!40000 ALTER TABLE `django_admin_log` ENABLE KEYS */;
UNLOCK TABLES;

--
-- Table structure for table `django_content_type`
--

DROP TABLE IF EXISTS `django_content_type`;
/*!40101 SET @saved_cs_client     = @@character_set_client */;
/*!40101 SET character_set_client = utf8 */;
CREATE TABLE `django_content_type` (
  `id` int(11) NOT NULL AUTO_INCREMENT,
  `name` varchar(100) NOT NULL,
  `app_label` varchar(100) NOT NULL,
  `model` varchar(100) NOT NULL,
  PRIMARY KEY (`id`),
  UNIQUE KEY `app_label` (`app_label`,`model`)
) ENGINE=MyISAM AUTO_INCREMENT=51 DEFAULT CHARSET=utf8;
/*!40101 SET character_set_client = @saved_cs_client */;

--
-- Dumping data for table `django_content_type`
--

LOCK TABLES `django_content_type` WRITE;
/*!40000 ALTER TABLE `django_content_type` DISABLE KEYS */;
INSERT INTO `django_content_type` VALUES (1,'permission','auth','permission'),(2,'group','auth','group'),(3,'user','auth','user'),(4,'message','auth','message'),(5,'content type','contenttypes','contenttype'),(6,'session','sessions','session'),(7,'site','sites','site'),(8,'registration profile','registration','registrationprofile'),(9,'log entry','admin','logentry'),(10,'migration history','south','migrationhistory'),(11,'user profile','accounts','userprofile'),(12,'client','accounts','clients'),(13,'test','contacts','test'),(14,'address','contacts','address'),(15,'Contact Info','contacts','social'),(16,'account','financial','accounts'),(17,'transaction','financial','transactions'),(18,'Confirm Debit','financial','transactionconfirmdebit'),(19,'Confirm Credit','financial','transactionconfirmcredit'),(20,'Account Monthly Summary','financial','accountmonthlysummary'),(21,'Manufacturer','manufacture','manufacturer'),(22,'product','manufacture','itemproduct'),(23,'supplier','supply','supplier'),(24,'item template','supply','itemtemplate'),(25,'item template stock online','supply','itemtemplatestockonline'),(26,'item template price online','supply','itemtemplatepriceonline'),(27,'item template price local','supply','itemtemplatepricelocal'),(28,'Staples store','stores','local_stores_staples'),(29,'Bestbuy store','stores','local_stores_bestbuy'),(30,'Target store','stores','local_stores_target'),(31,'Walmart store','stores','local_stores_walmart'),(32,'Inventory Search Result','product_availbility','inventory_results'),(33,'asset','assets','asset'),(34,'asset group','assets','assetgroup'),(35,'asset location','assets','assetstorage'),(36,'asset estimate','assets','assetestimate'),(37,'shipment','shipping','shipments'),(38,'Purchase Request','vending','purchaserequest'),(39,'Purchase Document','vending','purchasedoc'),(40,'Purchase cost','vending','purchase_cost'),(41,'Sell Request','sellings','sellrequest'),(42,'Selling charge','sellings','sell_cost'),(43,'Sell Document','sellings','selldoc'),(44,'Platform','sellings','sellingplatform'),(45,'Selling Slot','sellings','sellingplatformslot'),(46,'storage','inventory','storage'),(47,'Postsell Request','post_sell','postsellrequest'),(48,'Postsell cost','post_sell','postsell_cost'),(49,'PostSell Document','post_sell','postselldoc'),(50,'customer','customer','customers');
/*!40000 ALTER TABLE `django_content_type` ENABLE KEYS */;
UNLOCK TABLES;

--
-- Table structure for table `django_session`
--

DROP TABLE IF EXISTS `django_session`;
/*!40101 SET @saved_cs_client     = @@character_set_client */;
/*!40101 SET character_set_client = utf8 */;
CREATE TABLE `django_session` (
  `session_key` varchar(40) NOT NULL,
  `session_data` longtext NOT NULL,
  `expire_date` datetime NOT NULL,
  PRIMARY KEY (`session_key`),
  KEY `django_session_c25c2c28` (`expire_date`)
) ENGINE=MyISAM DEFAULT CHARSET=utf8;
/*!40101 SET character_set_client = @saved_cs_client */;

--
-- Dumping data for table `django_session`
--

LOCK TABLES `django_session` WRITE;
/*!40000 ALTER TABLE `django_session` DISABLE KEYS */;
INSERT INTO `django_session` VALUES ('14bcd231f02a735d27be8448dd844f05','OWM4NGQxNTQwYjlmMWRhOGEwZjUwMTFkYTgzZDlkMzA2ZDZlNzdiNTqAAn1xAVUKdGVzdGNvb2tp\nZXECVQZ3b3JrZWRxA3Mu\n','2012-07-04 11:21:08'),('28ebe0d69b9bcebf4f40b93956331212','ZDAzMzNjYzgwYTYyNWJkNjcxNjhiOGRlZjU0ZDM3YmFhZmQ3MjdjMDqAAn1xAShVEl9hdXRoX3Vz\nZXJfYmFja2VuZHECVSlkamFuZ28uY29udHJpYi5hdXRoLmJhY2tlbmRzLk1vZGVsQmFja2VuZHED\nVQ1fYXV0aF91c2VyX2lkcQSKAQZ1Lg==\n','2012-07-03 13:39:17'),('432e444d0cdf6bd49f625b4b6d7890fc','MmNiMWZhZDBlZDI1ZGVkYjA2YjRhMDQ4ODdmNzNlYzhjOTk1MDk4MzqAAn1xAShVEl9hdXRoX3Vz\nZXJfYmFja2VuZHECVSlkamFuZ28uY29udHJpYi5hdXRoLmJhY2tlbmRzLk1vZGVsQmFja2VuZHED\nVQ1fYXV0aF91c2VyX2lkcQSKAQF1Lg==\n','2012-06-26 16:53:59'),('49ddb0d5e2f575631ff83eff50191546','OWM4NGQxNTQwYjlmMWRhOGEwZjUwMTFkYTgzZDlkMzA2ZDZlNzdiNTqAAn1xAVUKdGVzdGNvb2tp\nZXECVQZ3b3JrZWRxA3Mu\n','2012-07-04 11:21:08'),('53fe6f8a9964731964eb754ade2f579e','OWM4NGQxNTQwYjlmMWRhOGEwZjUwMTFkYTgzZDlkMzA2ZDZlNzdiNTqAAn1xAVUKdGVzdGNvb2tp\nZXECVQZ3b3JrZWRxA3Mu\n','2012-07-04 11:21:08'),('60b0874ee1c2c676f551c1bc6a3871b7','MmNiMWZhZDBlZDI1ZGVkYjA2YjRhMDQ4ODdmNzNlYzhjOTk1MDk4MzqAAn1xAShVEl9hdXRoX3Vz\nZXJfYmFja2VuZHECVSlkamFuZ28uY29udHJpYi5hdXRoLmJhY2tlbmRzLk1vZGVsQmFja2VuZHED\nVQ1fYXV0aF91c2VyX2lkcQSKAQF1Lg==\n','2012-07-04 10:22:19'),('6299bcf064d893746dcbc0c96c93cb8c','OWM4NGQxNTQwYjlmMWRhOGEwZjUwMTFkYTgzZDlkMzA2ZDZlNzdiNTqAAn1xAVUKdGVzdGNvb2tp\nZXECVQZ3b3JrZWRxA3Mu\n','2012-07-04 11:21:08'),('646b9dd66f2f691ea162cba1edc3c66d','MmNiMWZhZDBlZDI1ZGVkYjA2YjRhMDQ4ODdmNzNlYzhjOTk1MDk4MzqAAn1xAShVEl9hdXRoX3Vz\nZXJfYmFja2VuZHECVSlkamFuZ28uY29udHJpYi5hdXRoLmJhY2tlbmRzLk1vZGVsQmFja2VuZHED\nVQ1fYXV0aF91c2VyX2lkcQSKAQF1Lg==\n','2012-06-30 14:33:25'),('ab2c0e55d568c7e3f3c850ed2e642496','MmNiMWZhZDBlZDI1ZGVkYjA2YjRhMDQ4ODdmNzNlYzhjOTk1MDk4MzqAAn1xAShVEl9hdXRoX3Vz\nZXJfYmFja2VuZHECVSlkamFuZ28uY29udHJpYi5hdXRoLmJhY2tlbmRzLk1vZGVsQmFja2VuZHED\nVQ1fYXV0aF91c2VyX2lkcQSKAQF1Lg==\n','2012-06-25 20:46:41'),('ce8e37e33081f976302a790345453be6','MmNiMzdlODc1MjIwOGRiNTVmN2E3MzQxNGM3YWI0ODkyMzAxZmQ0MTqAAn1xAShVCnRlc3Rjb29r\naWVxAlUGd29ya2VkcQNVDV9hdXRoX3VzZXJfaWRxBIoBAlUSX2F1dGhfdXNlcl9iYWNrZW5kcQVV\nKWRqYW5nby5jb250cmliLmF1dGguYmFja2VuZHMuTW9kZWxCYWNrZW5kcQZ1Lg==\n','2012-07-03 13:13:05'),('cfe87494672e425fbe4f17c12750559e','OWM4NGQxNTQwYjlmMWRhOGEwZjUwMTFkYTgzZDlkMzA2ZDZlNzdiNTqAAn1xAVUKdGVzdGNvb2tp\nZXECVQZ3b3JrZWRxA3Mu\n','2012-07-04 11:21:08'),('d7241362eb5644c7c4f9609ee0addc5a','OWM4NGQxNTQwYjlmMWRhOGEwZjUwMTFkYTgzZDlkMzA2ZDZlNzdiNTqAAn1xAVUKdGVzdGNvb2tp\nZXECVQZ3b3JrZWRxA3Mu\n','2012-07-04 11:23:10'),('df86afb3b8fa3b2be532cb755a79e089','MmNkMjNmMWIwOWY2YzVhNDBkNzEyMTExNDExNjBiN2NkMTZkZGY0ZDqAAn1xAShVEl9hdXRoX3Vz\nZXJfYmFja2VuZHECVSlkamFuZ28uY29udHJpYi5hdXRoLmJhY2tlbmRzLk1vZGVsQmFja2VuZHED\nVQ1fYXV0aF91c2VyX2lkcQSKAQN1Lg==\n','2012-07-06 11:15:28'),('28d15935ada5751081ae8512b70df264','ZDAzMzNjYzgwYTYyNWJkNjcxNjhiOGRlZjU0ZDM3YmFhZmQ3MjdjMDqAAn1xAShVEl9hdXRoX3Vz\nZXJfYmFja2VuZHECVSlkamFuZ28uY29udHJpYi5hdXRoLmJhY2tlbmRzLk1vZGVsQmFja2VuZHED\nVQ1fYXV0aF91c2VyX2lkcQSKAQZ1Lg==\n','2012-07-06 10:48:44'),('e5e8b89c4c93f4589d9b23b40896c467','ZjQ3MzE4MDNlNmM0OGViNjJlNzc4ZjBlMjVjODk3YWQxODY2NjY4YjqAAn1xAShVDV9hdXRoX3Vz\nZXJfaWRxAooBBFUSX2F1dGhfdXNlcl9iYWNrZW5kcQNVKWRqYW5nby5jb250cmliLmF1dGguYmFj\na2VuZHMuTW9kZWxCYWNrZW5kcQR1Lg==\n','2012-07-13 07:45:57'),('64845cc7d5a7e76b12d9d2d7b3f9adf3','ZDAzMzNjYzgwYTYyNWJkNjcxNjhiOGRlZjU0ZDM3YmFhZmQ3MjdjMDqAAn1xAShVEl9hdXRoX3Vz\nZXJfYmFja2VuZHECVSlkamFuZ28uY29udHJpYi5hdXRoLmJhY2tlbmRzLk1vZGVsQmFja2VuZHED\nVQ1fYXV0aF91c2VyX2lkcQSKAQZ1Lg==\n','2012-07-13 23:07:59'),('270a25e81dfb184b2acc8886fe9c2306','MzA4YWMxYjAxNDQ4YzI3ZGJmMmYzNDg2ODg0NTEzOGU0ZDBjM2ZkNzqAAn1xAShVEl9hdXRoX3Vz\nZXJfYmFja2VuZHECVSlkamFuZ28uY29udHJpYi5hdXRoLmJhY2tlbmRzLk1vZGVsQmFja2VuZHED\nVQ1fYXV0aF91c2VyX2lkcQSKAQR1Lg==\n','2012-07-13 07:59:45'),('bd4e9bfd9323d263b7b8f7b2099650d6','ZDAzMzNjYzgwYTYyNWJkNjcxNjhiOGRlZjU0ZDM3YmFhZmQ3MjdjMDqAAn1xAShVEl9hdXRoX3Vz\nZXJfYmFja2VuZHECVSlkamFuZ28uY29udHJpYi5hdXRoLmJhY2tlbmRzLk1vZGVsQmFja2VuZHED\nVQ1fYXV0aF91c2VyX2lkcQSKAQZ1Lg==\n','2012-07-13 23:03:42'),('e8df597804ce6ae0aa87f3502a231536','MzA4YWMxYjAxNDQ4YzI3ZGJmMmYzNDg2ODg0NTEzOGU0ZDBjM2ZkNzqAAn1xAShVEl9hdXRoX3Vz\nZXJfYmFja2VuZHECVSlkamFuZ28uY29udHJpYi5hdXRoLmJhY2tlbmRzLk1vZGVsQmFja2VuZHED\nVQ1fYXV0aF91c2VyX2lkcQSKAQR1Lg==\n','2012-07-13 08:15:11'),('8ae99a3629f72c895a21af047b659ecb','MmNkMjNmMWIwOWY2YzVhNDBkNzEyMTExNDExNjBiN2NkMTZkZGY0ZDqAAn1xAShVEl9hdXRoX3Vz\nZXJfYmFja2VuZHECVSlkamFuZ28uY29udHJpYi5hdXRoLmJhY2tlbmRzLk1vZGVsQmFja2VuZHED\nVQ1fYXV0aF91c2VyX2lkcQSKAQN1Lg==\n','2012-07-13 22:16:25'),('b1308b8680a18af6eef2915733a47005','MmNkMjNmMWIwOWY2YzVhNDBkNzEyMTExNDExNjBiN2NkMTZkZGY0ZDqAAn1xAShVEl9hdXRoX3Vz\nZXJfYmFja2VuZHECVSlkamFuZ28uY29udHJpYi5hdXRoLmJhY2tlbmRzLk1vZGVsQmFja2VuZHED\nVQ1fYXV0aF91c2VyX2lkcQSKAQN1Lg==\n','2012-07-13 21:56:45'),('d7cd4ab9c7be22be11ee02ab4c05ca3f','OWM4NGQxNTQwYjlmMWRhOGEwZjUwMTFkYTgzZDlkMzA2ZDZlNzdiNTqAAn1xAVUKdGVzdGNvb2tp\nZXECVQZ3b3JrZWRxA3Mu\n','2012-07-19 05:45:43'),('a29465e2f509979e7fba4177657a9504','OWM4NGQxNTQwYjlmMWRhOGEwZjUwMTFkYTgzZDlkMzA2ZDZlNzdiNTqAAn1xAVUKdGVzdGNvb2tp\nZXECVQZ3b3JrZWRxA3Mu\n','2012-07-19 06:33:39'),('3b1bb1cff2dd7180e7824e0ab042e02c','NTI0ODU1MzU5Mzg1MmQxNDViZTU0ODAxOTA0NTBjODMzMTI4NzUwNTqAAn1xAShVEl9hdXRoX3Vz\nZXJfYmFja2VuZHECVSlkamFuZ28uY29udHJpYi5hdXRoLmJhY2tlbmRzLk1vZGVsQmFja2VuZHED\nVQ1fYXV0aF91c2VyX2lkcQSKAQJ1Lg==\n','2012-07-13 20:30:43'),('2b4dd53d8121b4908d7fde5363c6c13e','MmNiMWZhZDBlZDI1ZGVkYjA2YjRhMDQ4ODdmNzNlYzhjOTk1MDk4MzqAAn1xAShVEl9hdXRoX3Vz\nZXJfYmFja2VuZHECVSlkamFuZ28uY29udHJpYi5hdXRoLmJhY2tlbmRzLk1vZGVsQmFja2VuZHED\nVQ1fYXV0aF91c2VyX2lkcQSKAQF1Lg==\n','2012-07-17 10:32:48');
/*!40000 ALTER TABLE `django_session` ENABLE KEYS */;
UNLOCK TABLES;

--
-- Table structure for table `django_site`
--

DROP TABLE IF EXISTS `django_site`;
/*!40101 SET @saved_cs_client     = @@character_set_client */;
/*!40101 SET character_set_client = utf8 */;
CREATE TABLE `django_site` (
  `id` int(11) NOT NULL AUTO_INCREMENT,
  `domain` varchar(100) NOT NULL,
  `name` varchar(50) NOT NULL,
  PRIMARY KEY (`id`)
) ENGINE=MyISAM AUTO_INCREMENT=2 DEFAULT CHARSET=utf8;
/*!40101 SET character_set_client = @saved_cs_client */;

--
-- Dumping data for table `django_site`
--

LOCK TABLES `django_site` WRITE;
/*!40000 ALTER TABLE `django_site` DISABLE KEYS */;
INSERT INTO `django_site` VALUES (1,'example.com','example.com');
/*!40000 ALTER TABLE `django_site` ENABLE KEYS */;
UNLOCK TABLES;

--
-- Table structure for table `financial_accountmonthlysummary`
--

DROP TABLE IF EXISTS `financial_accountmonthlysummary`;
/*!40101 SET @saved_cs_client     = @@character_set_client */;
/*!40101 SET character_set_client = utf8 */;
CREATE TABLE `financial_accountmonthlysummary` (
  `id` int(11) NOT NULL AUTO_INCREMENT,
  `account_id` int(11) NOT NULL,
  `year` varchar(4) NOT NULL,
  `month` varchar(2) NOT NULL,
  `total_debit` decimal(10,2) DEFAULT NULL,
  `total_credit` decimal(10,2) DEFAULT NULL,
  `balance` decimal(10,2) DEFAULT NULL,
  PRIMARY KEY (`id`),
  KEY `financial_accountmonthlysummary_6f2fe10e` (`account_id`)
) ENGINE=MyISAM AUTO_INCREMENT=271 DEFAULT CHARSET=utf8;
/*!40101 SET character_set_client = @saved_cs_client */;

--
-- Dumping data for table `financial_accountmonthlysummary`
--

LOCK TABLES `financial_accountmonthlysummary` WRITE;
/*!40000 ALTER TABLE `financial_accountmonthlysummary` DISABLE KEYS */;
INSERT INTO `financial_accountmonthlysummary` VALUES (19,1,'2012','1','0.00','0.00','0.00'),(20,1,'2012','2','7650.60','1801.49','0.00'),(21,1,'2012','3','1072.09','3697.88','0.00'),(22,1,'2012','4','1213.76','458.83','0.00'),(23,1,'2012','5','1752.83','5261.54','0.00'),(24,1,'2012','6','1.00','981.00','0.00'),(25,1,'2012','7','0.00','0.00','0.00'),(26,1,'2012','8','0.00','0.00','0.00'),(27,1,'2012','9','0.00','0.00','0.00'),(28,1,'2012','10','0.00','0.00','0.00'),(29,1,'2012','11','0.00','0.00','0.00'),(30,1,'2012','12','0.00','0.00','0.00'),(31,2,'2012','1','0.00','0.00','0.00'),(32,2,'2012','2','290.00','21041.92','0.00'),(33,2,'2012','3','4358.86','2073.57','0.00'),(34,2,'2012','4','20387.54','1974.99','0.00'),(35,2,'2012','5','5357.86','6772.84','0.00'),(36,2,'2012','6','1032.85','0.00','0.00'),(37,2,'2012','7','0.00','0.00','0.00'),(38,2,'2012','8','0.00','0.00','0.00'),(39,2,'2012','9','0.00','0.00','0.00'),(40,2,'2012','10','0.00','0.00','0.00'),(41,2,'2012','11','0.00','0.00','0.00'),(42,2,'2012','12','0.00','0.00','0.00'),(43,3,'2012','1','0.00','0.00','0.00'),(44,3,'2012','2','0.00','0.00','0.00'),(45,3,'2012','3','0.00','0.00','0.00'),(46,3,'2012','4','0.00','0.00','0.00'),(47,3,'2012','5','0.00','0.00','0.00'),(48,3,'2012','6','0.00','0.00','0.00'),(49,3,'2012','7','0.00','0.00','0.00'),(50,3,'2012','8','0.00','0.00','0.00'),(51,3,'2012','9','0.00','0.00','0.00'),(52,3,'2012','10','0.00','0.00','0.00'),(53,3,'2012','11','0.00','0.00','0.00'),(54,3,'2012','12','0.00','0.00','0.00'),(55,4,'2012','1','0.00','0.00','0.00'),(56,4,'2012','2','0.00','147.86','0.00'),(57,4,'2012','3','0.00','0.00','0.00'),(58,4,'2012','4','624.98','564.84','0.00'),(59,4,'2012','5','3174.31','57.30','0.00'),(60,4,'2012','6','41.01','3337.41','0.00'),(61,4,'2012','7','0.00','0.00','0.00'),(62,4,'2012','8','0.00','0.00','0.00'),(63,4,'2012','9','0.00','0.00','0.00'),(64,4,'2012','10','0.00','0.00','0.00'),(65,4,'2012','11','0.00','0.00','0.00'),(66,4,'2012','12','0.00','0.00','0.00'),(67,5,'2012','1','0.00','0.00','0.00'),(68,5,'2012','2','3253.60','10050.00','0.00'),(69,5,'2012','3','0.00','134.89','0.00'),(70,5,'2012','4','564.84','1352.07','0.00'),(71,5,'2012','5','57.30','274.64','0.00'),(72,5,'2012','6','3304.54','870.25','0.00'),(73,5,'2012','7','0.00','0.00','0.00'),(74,5,'2012','8','0.00','0.00','0.00'),(75,5,'2012','9','0.00','0.00','0.00'),(76,5,'2012','10','0.00','0.00','0.00'),(77,5,'2012','11','0.00','0.00','0.00'),(78,5,'2012','12','0.00','0.00','0.00'),(79,6,'2012','1','0.00','0.00','0.00'),(80,6,'2012','2','0.00','0.00','0.00'),(81,6,'2012','3','8.98','45.66','0.00'),(82,6,'2012','4','73.86','337.49','0.00'),(83,6,'2012','5','22.06','57.10','0.00'),(84,6,'2012','6','0.00','0.00','0.00'),(85,6,'2012','7','0.00','0.00','0.00'),(86,6,'2012','8','0.00','0.00','0.00'),(87,6,'2012','9','0.00','0.00','0.00'),(88,6,'2012','10','0.00','0.00','0.00'),(89,6,'2012','11','0.00','0.00','0.00'),(90,6,'2012','12','0.00','0.00','0.00'),(91,7,'2012','1','0.00','0.00','0.00'),(92,7,'2012','2','0.00','1059.90','0.00'),(93,7,'2012','3','0.00','319.83','0.00'),(94,7,'2012','4','0.00','377.08','0.00'),(95,7,'2012','5','0.00','362.39','0.00'),(96,7,'2012','6','0.00','340.52','0.00'),(97,7,'2012','7','0.00','0.00','0.00'),(98,7,'2012','8','0.00','0.00','0.00'),(99,7,'2012','9','0.00','0.00','0.00'),(100,7,'2012','10','0.00','0.00','0.00'),(101,7,'2012','11','0.00','0.00','0.00'),(102,7,'2012','12','0.00','0.00','0.00'),(103,8,'2012','1','0.00','0.00','0.00'),(104,8,'2012','2','4609.54','380.00','0.00'),(105,8,'2012','3','1211.76','1152.00','0.00'),(106,8,'2012','4','1255.12','10720.00','0.00'),(107,8,'2012','5','7268.24','1972.00','0.00'),(108,8,'2012','6','0.00','330.00','0.00'),(109,8,'2012','7','0.00','0.00','0.00'),(110,8,'2012','8','0.00','0.00','0.00'),(111,8,'2012','9','0.00','0.00','0.00'),(112,8,'2012','10','0.00','0.00','0.00'),(113,8,'2012','11','0.00','0.00','0.00'),(114,8,'2012','12','0.00','0.00','0.00'),(115,9,'2012','1','0.00','0.00','0.00'),(116,9,'2012','2','7739.00','207.76','0.00'),(117,9,'2012','3','783.88','0.00','0.00'),(118,9,'2012','4','611.26','7612.00','0.00'),(119,9,'2012','5','1567.46','1200.00','0.00'),(120,9,'2012','6','0.00','0.00','0.00'),(121,9,'2012','7','0.00','0.00','0.00'),(122,9,'2012','8','0.00','0.00','0.00'),(123,9,'2012','9','0.00','0.00','0.00'),(124,9,'2012','10','0.00','0.00','0.00'),(125,9,'2012','11','0.00','0.00','0.00'),(126,9,'2012','12','0.00','0.00','0.00'),(127,10,'2012','1','0.00','0.00','0.00'),(128,10,'2012','2','3588.38','129.99','0.00'),(129,10,'2012','3','0.00','0.00','0.00'),(130,10,'2012','4','800.00','1239.23','0.00'),(131,10,'2012','5','0.00','2595.00','0.00'),(132,10,'2012','6','107.15','0.00','0.00'),(133,10,'2012','7','0.00','0.00','0.00'),(134,10,'2012','8','0.00','0.00','0.00'),(135,10,'2012','9','0.00','0.00','0.00'),(136,10,'2012','10','0.00','0.00','0.00'),(137,10,'2012','11','0.00','0.00','0.00'),(138,10,'2012','12','0.00','0.00','0.00'),(139,11,'2012','1','0.00','0.00','0.00'),(140,11,'2012','2','0.00','682.21','0.00'),(141,11,'2012','3','0.00','40.02','0.00'),(142,11,'2012','4','0.00','199.68','0.00'),(143,11,'2012','5','0.00','43.10','0.00'),(144,11,'2012','6','0.00','149.16','0.00'),(145,11,'2012','7','0.00','0.00','0.00'),(146,11,'2012','8','0.00','0.00','0.00'),(147,11,'2012','9','0.00','0.00','0.00'),(148,11,'2012','10','0.00','0.00','0.00'),(149,11,'2012','11','0.00','0.00','0.00'),(150,11,'2012','12','0.00','0.00','0.00'),(151,12,'2012','1','0.00','0.00','0.00'),(152,12,'2012','2','0.00','0.00','0.00'),(153,12,'2012','3','199.57','93.96','0.00'),(154,12,'2012','4','1770.43','1523.34','0.00'),(155,12,'2012','5','485.22','752.38','0.00'),(156,12,'2012','6','921.78','92.86','0.00'),(157,12,'2012','7','0.00','0.00','0.00'),(158,12,'2012','8','0.00','0.00','0.00'),(159,12,'2012','9','0.00','0.00','0.00'),(160,12,'2012','10','0.00','0.00','0.00'),(161,12,'2012','11','0.00','0.00','0.00'),(162,12,'2012','12','0.00','0.00','0.00'),(163,13,'2012','1','0.00','0.00','0.00'),(164,13,'2012','2','0.00','1615.69','0.00'),(165,13,'2012','3','0.00','77.33','0.00'),(166,13,'2012','4','0.00','142.24','0.00'),(167,13,'2012','5','0.00','336.99','0.00'),(168,13,'2012','6','0.00','0.00','0.00'),(169,13,'2012','7','0.00','0.00','0.00'),(170,13,'2012','8','0.00','0.00','0.00'),(171,13,'2012','9','0.00','0.00','0.00'),(172,13,'2012','10','0.00','0.00','0.00'),(173,13,'2012','11','0.00','0.00','0.00'),(174,13,'2012','12','0.00','0.00','0.00'),(175,14,'2012','1','0.00','0.00','0.00'),(176,14,'2012','2','0.00','0.00','0.00'),(177,14,'2012','3','0.00','0.00','0.00'),(178,14,'2012','4','0.00','0.00','0.00'),(179,14,'2012','5','0.00','0.00','0.00'),(180,14,'2012','6','0.00','0.00','0.00'),(181,14,'2012','7','0.00','0.00','0.00'),(182,14,'2012','8','0.00','0.00','0.00'),(183,14,'2012','9','0.00','0.00','0.00'),(184,14,'2012','10','0.00','0.00','0.00'),(185,14,'2012','11','0.00','0.00','0.00'),(186,14,'2012','12','0.00','0.00','0.00'),(187,15,'2012','1','0.00','0.00','0.00'),(188,15,'2012','2','0.00','2500.00','0.00'),(189,15,'2012','3','0.00','0.00','0.00'),(190,15,'2012','4','0.00','0.00','0.00'),(191,15,'2012','5','0.00','0.00','0.00'),(192,15,'2012','6','0.00','0.00','0.00'),(193,15,'2012','7','0.00','0.00','0.00'),(194,15,'2012','8','0.00','0.00','0.00'),(195,15,'2012','9','0.00','0.00','0.00'),(196,15,'2012','10','0.00','0.00','0.00'),(197,15,'2012','11','0.00','0.00','0.00'),(198,15,'2012','12','0.00','0.00','0.00'),(199,16,'2012','1','0.00','0.00','0.00'),(200,16,'2012','2','0.00','2500.00','0.00'),(201,16,'2012','3','0.00','0.00','0.00'),(202,16,'2012','4','0.00','0.00','0.00'),(203,16,'2012','5','0.00','0.00','0.00'),(204,16,'2012','6','0.00','0.00','0.00'),(205,16,'2012','7','0.00','0.00','0.00'),(206,16,'2012','8','0.00','0.00','0.00'),(207,16,'2012','9','0.00','0.00','0.00'),(208,16,'2012','10','0.00','0.00','0.00'),(209,16,'2012','11','0.00','0.00','0.00'),(210,16,'2012','12','0.00','0.00','0.00'),(211,17,'2012','1','0.00','0.00','0.00'),(212,17,'2012','2','0.00','2500.00','0.00'),(213,17,'2012','3','0.00','0.00','0.00'),(214,17,'2012','4','0.00','0.00','0.00'),(215,17,'2012','5','0.00','0.00','0.00'),(216,17,'2012','6','0.00','0.00','0.00'),(217,17,'2012','7','0.00','0.00','0.00'),(218,17,'2012','8','0.00','0.00','0.00'),(219,17,'2012','9','0.00','0.00','0.00'),(220,17,'2012','10','0.00','0.00','0.00'),(221,17,'2012','11','0.00','0.00','0.00'),(222,17,'2012','12','0.00','0.00','0.00'),(223,18,'2012','1','0.00','0.00','0.00'),(224,18,'2012','2','0.00','2500.00','0.00'),(225,18,'2012','3','0.00','0.00','0.00'),(226,18,'2012','4','0.00','0.00','0.00'),(227,18,'2012','5','0.00','0.00','0.00'),(228,18,'2012','6','0.00','0.00','0.00'),(229,18,'2012','7','0.00','0.00','0.00'),(230,18,'2012','8','0.00','0.00','0.00'),(231,18,'2012','9','0.00','0.00','0.00'),(232,18,'2012','10','0.00','0.00','0.00'),(233,18,'2012','11','0.00','0.00','0.00'),(234,18,'2012','12','0.00','0.00','0.00'),(235,19,'2012','1','0.00','0.00','0.00'),(236,19,'2012','2','0.00','50.00','0.00'),(237,19,'2012','3','0.00','0.00','0.00'),(238,19,'2012','4','0.00','0.00','0.00'),(239,19,'2012','5','0.00','0.00','0.00'),(240,19,'2012','6','0.00','32.87','0.00'),(241,19,'2012','7','0.00','0.00','0.00'),(242,19,'2012','8','0.00','0.00','0.00'),(243,19,'2012','9','0.00','0.00','0.00'),(244,19,'2012','10','0.00','0.00','0.00'),(245,19,'2012','11','0.00','0.00','0.00'),(246,19,'2012','12','0.00','0.00','0.00'),(247,20,'2012','1','0.00','0.00','0.00'),(248,20,'2012','2','0.00','800.00','0.00'),(249,20,'2012','3','0.00','0.00','0.00'),(250,20,'2012','4','0.00','800.00','0.00'),(251,20,'2012','5','0.00','0.00','0.00'),(252,20,'2012','6','0.00','0.00','0.00'),(253,20,'2012','7','0.00','0.00','0.00'),(254,20,'2012','8','0.00','0.00','0.00'),(255,20,'2012','9','0.00','0.00','0.00'),(256,20,'2012','10','0.00','0.00','0.00'),(257,20,'2012','11','0.00','0.00','0.00'),(258,20,'2012','12','0.00','0.00','0.00');
/*!40000 ALTER TABLE `financial_accountmonthlysummary` ENABLE KEYS */;
UNLOCK TABLES;

--
-- Table structure for table `financial_accountmonthlysummary_transaction`
--

DROP TABLE IF EXISTS `financial_accountmonthlysummary_transaction`;
/*!40101 SET @saved_cs_client     = @@character_set_client */;
/*!40101 SET character_set_client = utf8 */;
CREATE TABLE `financial_accountmonthlysummary_transaction` (
  `id` int(11) NOT NULL AUTO_INCREMENT,
  `accountmonthlysummary_id` int(11) NOT NULL,
  `transactions_id` int(11) NOT NULL,
  PRIMARY KEY (`id`),
  UNIQUE KEY `accountmonthlysummary_id` (`accountmonthlysummary_id`,`transactions_id`),
  KEY `financial_accountmonthlysummary_transaction_a19a8e27` (`accountmonthlysummary_id`),
  KEY `financial_accountmonthlysummary_transaction_d7a72b9` (`transactions_id`)
) ENGINE=MyISAM AUTO_INCREMENT=6232 DEFAULT CHARSET=utf8;
/*!40101 SET character_set_client = @saved_cs_client */;

--
-- Dumping data for table `financial_accountmonthlysummary_transaction`
--

LOCK TABLES `financial_accountmonthlysummary_transaction` WRITE;
/*!40000 ALTER TABLE `financial_accountmonthlysummary_transaction` DISABLE KEYS */;
INSERT INTO `financial_accountmonthlysummary_transaction` VALUES (5309,20,8),(5306,20,64),(5308,20,7),(5307,20,65),(5312,20,43),(5313,20,44),(5314,20,45),(5315,20,14),(5316,20,17),(5317,20,46),(5318,20,40),(5319,20,56),(5320,20,61),(5310,20,41),(5311,20,42),(5390,21,304),(5324,21,332),(5367,21,329),(5368,21,74),(5369,21,75),(5370,21,76),(5336,21,411),(5337,21,299),(5338,21,300),(5339,21,301),(5328,21,410),(5389,21,330),(5342,21,432),(5343,21,305),(5344,21,306),(5345,21,307),(5346,21,308),(5347,21,309),(5348,21,310),(5349,21,311),(5350,21,312),(5351,21,313),(5352,21,314),(5353,21,315),(5354,21,316),(5355,21,317),(5356,21,318),(5357,21,319),(5358,21,320),(5359,21,321),(5360,21,322),(5361,21,323),(5362,21,324),(5363,21,325),(5364,21,326),(5365,21,327),(5366,21,328),(5388,21,350),(5322,21,331),(5323,21,463),(5372,21,334),(5371,21,77),(5321,21,335),(5373,21,333),(5374,21,336),(5375,21,337),(5376,21,338),(5377,21,339),(5378,21,340),(5379,21,341),(5380,21,342),(5381,21,343),(5382,21,344),(5383,21,345),(5384,21,346),(5385,21,347),(5386,21,348),(5387,21,349),(5325,21,73),(5326,21,408),(5327,21,409),(5335,21,417),(5329,21,303),(5330,21,412),(5331,21,413),(5332,21,414),(5333,21,415),(5334,21,416),(5340,21,302),(5341,21,431),(5392,22,384),(5393,22,385),(5413,22,98),(5414,22,99),(5415,22,100),(5416,22,101),(5447,22,102),(5425,22,103),(5426,22,104),(5417,22,351),(5418,22,352),(5419,22,353),(5420,22,354),(5421,22,355),(5422,22,356),(5423,22,357),(5424,22,358),(5410,22,359),(5412,22,360),(5427,22,361),(5428,22,362),(5429,22,363),(5430,22,364),(5431,22,365),(5432,22,366),(5433,22,367),(5434,22,368),(5435,22,369),(5436,22,370),(5437,22,371),(5438,22,372),(5439,22,373),(5440,22,374),(5441,22,375),(5442,22,376),(5443,22,377),(5444,22,378),(5445,22,379),(5446,22,380),(5411,22,381),(5448,22,382),(5449,22,383),(5394,22,386),(5395,22,387),(5396,22,388),(5397,22,389),(5398,22,390),(5399,22,391),(5400,22,392),(5401,22,393),(5402,22,394),(5403,22,395),(5404,22,396),(5405,22,397),(5406,22,398),(5407,22,26),(5408,22,30),(5409,22,419),(5453,23,134),(5454,23,135),(5455,23,136),(5456,23,137),(5457,23,138),(5458,23,139),(5459,23,140),(5460,23,141),(5461,23,142),(5462,23,143),(5463,23,400),(5464,23,145),(5465,23,402),(5466,23,403),(5467,23,404),(5482,23,144),(5469,23,406),(5475,23,429),(5476,23,430),(5481,23,399),(5468,23,405),(5483,23,401),(5470,23,28),(5471,23,159),(5472,23,160),(5473,23,427),(5474,23,428),(5477,23,31),(5478,23,460),(5479,23,461),(5480,23,462),(5487,24,457),(5494,32,40),(5495,32,42),(5496,32,44),(5497,32,13),(5498,32,47),(5499,32,50),(5500,32,53),(5501,32,56),(5502,32,57),(5503,32,58),(5504,32,61),(5505,32,62),(5488,32,64),(5489,32,65),(5490,32,66),(5491,32,69),(5492,32,422),(5493,32,423),(5518,33,72),(5528,33,75),(5532,33,78),(5530,33,81),(5531,33,83),(5539,33,85),(5533,33,86),(5534,33,87),(5513,33,161),(5508,33,264),(5514,33,298),(5515,33,299),(5516,33,300),(5510,33,303),(5519,33,306),(5520,33,307),(5521,33,311),(5522,33,315),(5523,33,319),(5524,33,323),(5525,33,324),(5526,33,325),(5527,33,328),(5536,33,331),(5529,33,334),(5538,33,337),(5507,33,341),(5535,33,344),(5537,33,348),(5509,33,408),(5511,33,412),(5512,33,415),(5517,33,431),(5575,34,214),(5577,34,218),(5560,34,180),(5580,34,351),(5582,34,225),(5584,34,355),(5548,34,103),(5586,34,359),(5545,34,107),(5546,34,110),(5554,34,166),(5556,34,170),(5557,34,174),(5558,34,433),(5559,34,178),(5561,34,94),(5562,34,183),(5563,34,186),(5564,34,188),(5565,34,190),(5566,34,192),(5567,34,194),(5568,34,196),(5570,34,233),(5571,34,202),(5572,34,205),(5573,34,209),(5574,34,211),(5576,34,88),(5578,34,91),(5581,34,96),(5555,34,227),(5549,34,231),(5569,34,199),(5588,34,363),(5590,34,366),(5592,34,369),(5594,34,372),(5595,34,245),(5597,34,376),(5599,34,380),(5541,34,259),(5579,34,222),(5583,34,98),(5585,34,101),(5587,34,105),(5589,34,237),(5591,34,239),(5593,34,243),(5596,34,247),(5598,34,251),(5540,34,384),(5542,34,388),(5543,34,391),(5544,34,395),(5547,34,407),(5550,34,418),(5551,34,419),(5552,34,420),(5553,34,421),(5600,34,255),(5637,35,462),(5639,35,113),(5640,35,403),(5641,35,116),(5642,35,117),(5644,35,122),(5645,35,127),(5646,35,124),(5643,35,119),(5604,35,131),(5605,35,133),(5606,35,136),(5607,35,139),(5608,35,269),(5609,35,142),(5610,35,271),(5612,35,273),(5614,35,275),(5616,35,279),(5647,35,125),(5620,35,156),(5621,35,285),(5623,35,160),(5625,35,261),(5626,35,295),(5628,35,425),(5635,35,460),(5611,35,144),(5613,35,146),(5615,35,277),(5617,35,152),(5618,35,154),(5619,35,283),(5622,35,159),(5624,35,291),(5634,35,267),(5627,35,424),(5629,35,426),(5636,35,461),(5638,35,399),(5630,35,427),(5631,35,438),(5632,35,439),(5633,35,287),(5648,35,126),(5649,35,149),(5653,36,457),(5654,56,6),(5657,58,450),(5658,58,451),(5659,58,452),(5660,58,453),(5661,58,105),(5662,58,106),(5663,58,21),(5655,58,96),(5656,58,97),(5664,58,22),(5665,58,23),(5666,58,24),(5667,58,91),(5668,58,92),(5669,58,93),(5675,59,124),(5676,59,127),(5677,59,113),(5687,59,125),(5673,59,118),(5680,59,149),(5681,59,150),(5682,59,119),(5683,59,120),(5684,59,122),(5685,59,123),(5686,59,117),(5674,59,454),(5670,59,128),(5671,59,129),(5672,59,130),(5678,59,114),(5679,59,116),(5688,59,126),(5689,59,437),(5690,60,440),(5691,60,441),(5692,60,442),(5693,68,1),(5694,68,2),(5695,68,3),(5696,68,4),(5697,68,5),(5698,68,16),(5699,68,455),(5700,68,8),(5701,68,9),(5702,68,10),(5703,68,7),(5704,68,12),(5705,68,11),(5706,68,17),(5707,68,18),(5708,68,19),(5709,68,20),(5710,68,443),(5711,69,444),(5712,69,445),(5713,70,24),(5714,70,446),(5715,71,448),(5717,71,447),(5716,71,437),(5718,72,440),(5719,72,449),(5721,81,162),(5722,81,163),(5723,81,265),(5725,81,308),(5727,81,312),(5729,81,316),(5720,81,320),(5724,81,338),(5726,81,345),(5728,81,409),(5754,82,212),(5757,82,228),(5744,82,249),(5765,82,229),(5735,82,197),(5736,82,112),(5737,82,167),(5738,82,171),(5739,82,172),(5740,82,175),(5741,82,176),(5742,82,181),(5745,82,100),(5746,82,450),(5747,82,451),(5748,82,452),(5749,82,453),(5750,82,200),(5751,82,203),(5752,82,206),(5755,82,215),(5756,82,216),(5758,82,90),(5753,82,207),(5761,82,93),(5763,82,352),(5764,82,356),(5767,82,234),(5768,82,235),(5770,82,253),(5743,82,184),(5772,82,241),(5766,82,360),(5730,82,256),(5731,82,257),(5759,82,219),(5760,82,220),(5762,82,223),(5769,82,109),(5771,82,240),(5773,82,373),(5732,82,385),(5733,82,392),(5734,82,396),(5774,82,248),(5775,82,377),(5776,82,252),(5777,82,381),(5785,83,404),(5780,83,293),(5786,83,118),(5787,83,280),(5778,83,262),(5779,83,292),(5781,83,454),(5783,83,428),(5784,83,400),(5782,83,296),(5788,83,281),(5791,92,46),(5792,92,49),(5793,92,52),(5794,92,55),(5795,92,60),(5789,92,68),(5790,92,71),(5810,93,74),(5824,93,77),(5826,93,80),(5803,93,164),(5804,93,165),(5796,93,266),(5805,93,301),(5806,93,302),(5807,93,304),(5808,93,305),(5811,93,309),(5812,93,310),(5813,93,313),(5814,93,314),(5815,93,317),(5816,93,318),(5817,93,321),(5818,93,322),(5819,93,326),(5820,93,327),(5821,93,329),(5822,93,330),(5823,93,332),(5825,93,333),(5827,93,335),(5836,93,336),(5828,93,339),(5829,93,340),(5830,93,342),(5831,93,343),(5832,93,346),(5833,93,347),(5834,93,349),(5835,93,350),(5797,93,410),(5798,93,411),(5799,93,413),(5800,93,414),(5801,93,416),(5802,93,417),(5809,93,432),(5847,94,168),(5848,94,169),(5849,94,173),(5850,94,177),(5851,94,179),(5853,94,182),(5854,94,185),(5855,94,187),(5856,94,189),(5858,94,191),(5859,94,193),(5860,94,435),(5862,94,246),(5864,94,242),(5865,94,201),(5868,94,397),(5869,94,208),(5870,94,210),(5871,94,213),(5872,94,217),(5873,94,221),(5866,94,204),(5837,94,230),(5878,94,358),(5852,94,236),(5883,94,365),(5863,94,198),(5888,94,371),(5861,94,195),(5857,94,250),(5889,94,244),(5838,94,258),(5840,94,260),(5874,94,224),(5875,94,353),(5876,94,354),(5877,94,357),(5879,94,232),(5880,94,361),(5881,94,362),(5882,94,364),(5884,94,238),(5885,94,367),(5886,94,368),(5887,94,370),(5890,94,254),(5891,94,374),(5892,94,375),(5893,94,378),(5894,94,379),(5895,94,382),(5845,94,386),(5839,94,387),(5841,94,389),(5842,94,390),(5843,94,393),(5844,94,394),(5867,94,226),(5846,94,398),(5896,94,383),(5923,95,115),(5924,95,121),(5897,95,132),(5899,95,135),(5900,95,138),(5902,95,141),(5921,95,148),(5910,95,151),(5920,95,158),(5917,95,263),(5901,95,268),(5903,95,270),(5904,95,272),(5906,95,274),(5907,95,276),(5909,95,278),(5911,95,282),(5912,95,284),(5913,95,286),(5914,95,288),(5915,95,294),(5916,95,297),(5905,95,401),(5922,95,402),(5908,95,405),(5898,95,406),(5918,95,429),(5919,95,430),(5925,96,290),(5926,96,436),(5933,104,9),(5932,104,15),(5934,104,47),(5935,104,48),(5936,104,49),(5937,104,57),(5938,104,58),(5939,104,59),(5940,104,60),(5941,104,62),(5942,104,63),(5927,104,66),(5928,104,67),(5929,104,68),(5930,104,422),(5931,104,423),(5944,105,78),(5945,105,79),(5946,105,80),(5947,105,81),(5948,105,82),(5949,105,83),(5950,105,84),(5951,105,87),(5943,105,298),(5957,106,407),(5958,106,88),(5955,106,434),(5956,106,435),(5959,106,89),(5960,106,26),(5961,106,27),(5953,106,420),(5954,106,433),(5962,106,90),(5963,106,94),(5964,106,95),(5975,107,154),(5976,107,155),(5969,107,146),(5972,107,438),(5968,107,151),(5965,107,147),(5970,107,115),(5971,107,148),(5973,107,439),(5974,107,121),(5966,107,424),(5967,107,425),(5977,107,28),(5978,107,29),(5979,108,436),(5980,116,19),(5984,116,50),(5985,116,51),(5986,116,52),(5981,116,69),(5982,116,70),(5983,116,71),(5987,117,85),(5988,117,86),(5996,118,27),(5990,118,107),(5991,118,108),(5992,118,109),(5993,118,110),(5994,118,111),(5995,118,112),(5989,118,421),(6001,119,157),(6000,119,156),(5999,119,153),(5998,119,152),(5997,119,426),(6002,119,158),(6004,128,53),(6005,128,54),(6003,128,12),(6006,128,55),(6007,130,25),(6008,130,418),(6009,131,29),(6018,140,443),(6017,140,18),(6016,140,15),(6015,140,14),(6014,140,13),(6013,140,6),(6012,140,5),(6011,140,4),(6020,141,34),(6019,141,33),(6024,142,30),(6022,142,35),(6023,142,21),(6025,142,23),(6021,142,22),(6026,143,36),(6028,143,31),(6027,143,38),(6031,144,37),(6030,144,459),(6029,144,32),(6044,153,445),(6043,153,444),(6039,153,264),(6035,153,163),(6042,153,162),(6041,153,266),(6040,153,265),(6038,153,161),(6037,153,165),(6036,153,164),(6034,153,34),(6033,153,33),(6141,154,446),(6140,154,260),(6139,154,259),(6138,154,258),(6137,154,257),(6136,154,256),(6135,154,255),(6134,154,254),(6133,154,253),(6132,154,252),(6131,154,251),(6130,154,250),(6129,154,249),(6128,154,248),(6127,154,247),(6126,154,246),(6125,154,245),(6124,154,244),(6123,154,243),(6122,154,242),(6121,154,241),(6120,154,240),(6119,154,239),(6118,154,238),(6117,154,237),(6116,154,236),(6115,154,235),(6114,154,234),(6113,154,233),(6112,154,232),(6111,154,231),(6110,154,230),(6109,154,229),(6108,154,228),(6107,154,227),(6106,154,226),(6105,154,225),(6104,154,224),(6103,154,223),(6102,154,222),(6101,154,221),(6100,154,220),(6099,154,219),(6098,154,218),(6097,154,217),(6096,154,216),(6095,154,215),(6094,154,214),(6093,154,213),(6092,154,212),(6091,154,211),(6090,154,210),(6089,154,209),(6088,154,208),(6087,154,207),(6086,154,206),(6085,154,205),(6084,154,204),(6083,154,203),(6082,154,202),(6081,154,201),(6080,154,200),(6079,154,199),(6078,154,198),(6077,154,197),(6076,154,196),(6075,154,195),(6074,154,194),(6073,154,193),(6072,154,192),(6071,154,191),(6070,154,190),(6069,154,189),(6068,154,188),(6067,154,187),(6066,154,186),(6065,154,185),(6064,154,184),(6063,154,183),(6062,154,182),(6061,154,181),(6060,154,180),(6059,154,179),(6058,154,178),(6057,154,177),(6056,154,176),(6055,154,175),(6054,154,174),(6053,154,173),(6052,154,172),(6051,154,171),(6050,154,170),(6049,154,169),(6048,154,168),(6047,154,167),(6046,154,166),(6045,154,35),(6151,155,273),(6149,155,271),(6177,155,294),(6176,155,292),(6175,155,448),(6174,155,447),(6173,155,297),(6172,155,296),(6171,155,295),(6170,155,38),(6169,155,293),(6168,155,36),(6167,155,291),(6166,155,288),(6165,155,287),(6164,155,286),(6163,155,285),(6162,155,284),(6161,155,283),(6160,155,282),(6159,155,281),(6158,155,280),(6157,155,279),(6156,155,278),(6155,155,277),(6154,155,276),(6153,155,275),(6152,155,274),(6145,155,267),(6150,155,272),(6144,155,263),(6148,155,270),(6147,155,269),(6146,155,268),(6142,155,261),(6143,155,262),(6181,156,39),(6180,156,37),(6183,156,441),(6182,156,449),(6179,156,290),(6178,156,289),(6190,164,51),(6189,164,48),(6188,164,45),(6187,164,43),(6186,164,41),(6185,164,70),(6184,164,67),(6192,164,59),(6191,164,54),(6196,165,84),(6197,165,79),(6193,165,76),(6195,165,82),(6194,165,73),(6201,166,104),(6200,166,102),(6199,166,99),(6208,166,95),(6207,166,92),(6206,166,89),(6205,166,434),(6204,166,111),(6203,166,108),(6202,166,106),(6198,166,97),(6215,167,114),(6212,167,140),(6221,167,157),(6220,167,155),(6219,167,153),(6218,167,120),(6217,167,150),(6216,167,147),(6214,167,145),(6213,167,143),(6211,167,137),(6210,167,134),(6209,167,123),(6222,188,16),(6224,200,10),(6223,200,1),(5506,32,63),(6225,212,455),(6227,224,11),(6226,224,2),(6228,236,3),(6229,240,442),(6230,248,20),(6231,250,25),(6010,132,459),(5601,35,128),(5602,35,129),(5603,35,130),(5450,23,131),(5451,23,132),(5452,23,133),(5486,24,458),(5485,24,456),(5484,24,32),(5652,36,458),(5651,36,289),(5650,36,456),(6032,144,39),(5391,21,72),(5952,105,463);
/*!40000 ALTER TABLE `financial_accountmonthlysummary_transaction` ENABLE KEYS */;
UNLOCK TABLES;

--
-- Table structure for table `financial_accounts`
--

DROP TABLE IF EXISTS `financial_accounts`;
/*!40101 SET @saved_cs_client     = @@character_set_client */;
/*!40101 SET character_set_client = utf8 */;
CREATE TABLE `financial_accounts` (
  `id` int(11) NOT NULL AUTO_INCREMENT,
  `owner_id` int(11) NOT NULL,
  `nickname` varchar(100) NOT NULL,
  `type` varchar(100) NOT NULL,
  `endwith` varchar(20) DEFAULT NULL,
  `associate` varchar(40) DEFAULT NULL,
  `expire` varchar(20) DEFAULT NULL,
  `verify` varchar(20) DEFAULT NULL,
  `notes` longtext,
  PRIMARY KEY (`id`),
  KEY `financial_accounts_5d52dd10` (`owner_id`)
) ENGINE=MyISAM AUTO_INCREMENT=21 DEFAULT CHARSET=utf8;
/*!40101 SET character_set_client = @saved_cs_client */;

--
-- Dumping data for table `financial_accounts`
--

LOCK TABLES `financial_accounts` WRITE;
/*!40000 ALTER TABLE `financial_accounts` DISABLE KEYS */;
INSERT INTO `financial_accounts` VALUES (1,2,'personal','generic','',NULL,'','',''),(2,5,'assets','generic','',NULL,'','',''),(3,5,'owner','generic','',NULL,'','',''),(4,5,'AMEX business','checking account','',NULL,'','',''),(5,5,'BOA-checking','checking account','',NULL,'','',''),(6,5,'expanse_shipping','generic','',NULL,'','',''),(7,5,'expanse_commision','generic','',NULL,'','',''),(8,6,'personal','generic','',NULL,'','',''),(9,3,'personal','generic','',NULL,'','',''),(10,4,'personal','generic','',NULL,'','',''),(11,5,'operation','generic','',NULL,'','',''),(12,5,'Amazon','generic','',NULL,'','',''),(13,5,'expanse_tax','generic','',NULL,'','',''),(14,5,'income','generic','',NULL,'','',''),(15,2,'investment','generic','',NULL,'','',''),(16,6,'investment','generic','',NULL,'','',''),(17,3,'investment','generic','',NULL,'','',''),(18,4,'investment','generic','',NULL,'','',''),(19,5,'income-other','generic','',NULL,'','',''),(20,5,'wage and travel expanse','generic','',NULL,'','','');
/*!40000 ALTER TABLE `financial_accounts` ENABLE KEYS */;
UNLOCK TABLES;

--
-- Table structure for table `financial_transactionconfirmcredit`
--

DROP TABLE IF EXISTS `financial_transactionconfirmcredit`;
/*!40101 SET @saved_cs_client     = @@character_set_client */;
/*!40101 SET character_set_client = utf8 */;
CREATE TABLE `financial_transactionconfirmcredit` (
  `id` int(11) NOT NULL AUTO_INCREMENT,
  `transaction_id` int(11) NOT NULL,
  `confirmed` tinyint(1) NOT NULL,
  `lastmodified` datetime NOT NULL,
  PRIMARY KEY (`id`),
  UNIQUE KEY `transaction_id` (`transaction_id`)
) ENGINE=MyISAM AUTO_INCREMENT=405 DEFAULT CHARSET=utf8;
/*!40101 SET character_set_client = @saved_cs_client */;

--
-- Dumping data for table `financial_transactionconfirmcredit`
--

LOCK TABLES `financial_transactionconfirmcredit` WRITE;
/*!40000 ALTER TABLE `financial_transactionconfirmcredit` DISABLE KEYS */;
INSERT INTO `financial_transactionconfirmcredit` VALUES (1,40,0,'2012-06-19 08:12:07'),(2,41,0,'2012-06-19 08:12:07'),(3,42,0,'2012-06-19 08:12:07'),(4,43,0,'2012-06-19 08:12:07'),(5,44,0,'2012-06-19 08:12:07'),(6,45,0,'2012-06-19 08:12:07'),(7,46,0,'2012-06-19 08:12:07'),(8,47,0,'2012-06-19 08:12:07'),(9,48,0,'2012-06-19 08:12:07'),(10,49,0,'2012-06-19 08:12:07'),(11,50,0,'2012-06-19 08:12:07'),(12,51,0,'2012-06-19 08:12:07'),(13,52,0,'2012-06-19 08:12:07'),(14,53,0,'2012-06-19 08:12:07'),(15,54,0,'2012-06-19 08:12:07'),(16,55,0,'2012-06-19 08:12:08'),(17,56,0,'2012-06-19 08:12:08'),(18,57,0,'2012-06-19 08:12:08'),(19,58,0,'2012-06-19 08:12:08'),(20,59,0,'2012-06-19 08:12:08'),(21,60,0,'2012-06-19 08:12:08'),(22,61,0,'2012-06-19 08:12:08'),(23,62,0,'2012-06-19 08:12:08'),(24,63,0,'2012-06-19 08:12:08'),(25,64,0,'2012-06-19 08:12:08'),(26,65,0,'2012-06-19 08:12:08'),(27,66,0,'2012-06-19 08:12:08'),(28,67,0,'2012-06-19 08:12:08'),(29,68,0,'2012-06-19 08:12:08'),(30,69,0,'2012-06-19 08:12:08'),(31,70,0,'2012-06-19 08:12:08'),(32,71,0,'2012-06-19 08:12:08'),(33,72,0,'2012-06-19 08:12:08'),(34,73,0,'2012-06-19 08:12:08'),(35,74,0,'2012-06-19 08:12:08'),(36,75,0,'2012-06-19 08:12:08'),(37,76,0,'2012-06-19 08:12:08'),(38,77,0,'2012-06-19 08:12:08'),(39,78,0,'2012-06-19 08:12:08'),(40,79,0,'2012-06-19 08:12:08'),(41,80,0,'2012-06-19 08:12:08'),(42,81,0,'2012-06-19 08:12:08'),(43,82,0,'2012-06-19 08:12:08'),(44,83,0,'2012-06-19 08:12:08'),(45,84,0,'2012-06-19 08:12:08'),(46,85,0,'2012-06-19 08:12:08'),(47,86,0,'2012-06-19 08:12:08'),(48,87,0,'2012-06-19 08:12:08'),(49,88,0,'2012-06-19 08:12:08'),(50,89,0,'2012-06-19 08:12:08'),(51,90,0,'2012-06-19 08:12:08'),(52,91,0,'2012-06-19 08:12:08'),(53,92,0,'2012-06-19 08:12:08'),(54,93,0,'2012-06-19 08:12:08'),(55,94,0,'2012-06-19 08:12:08'),(56,95,0,'2012-06-19 08:12:08'),(57,96,0,'2012-06-19 08:12:08'),(58,97,0,'2012-06-19 08:12:08'),(59,98,0,'2012-06-19 08:12:08'),(60,99,0,'2012-06-19 08:12:08'),(61,100,0,'2012-06-19 08:12:08'),(62,101,0,'2012-06-19 08:12:08'),(63,102,0,'2012-06-19 08:12:08'),(64,103,0,'2012-06-19 08:12:08'),(65,104,0,'2012-06-19 08:12:08'),(66,105,0,'2012-06-19 08:12:08'),(67,106,0,'2012-06-19 08:12:08'),(68,107,0,'2012-06-19 08:12:08'),(69,108,0,'2012-06-19 08:12:08'),(70,109,0,'2012-06-19 08:12:08'),(71,110,0,'2012-06-19 08:12:08'),(72,111,0,'2012-06-19 08:12:08'),(73,112,0,'2012-06-19 08:12:08'),(74,113,0,'2012-06-19 08:12:08'),(75,114,0,'2012-06-19 08:12:08'),(76,115,0,'2012-06-19 08:12:08'),(77,116,0,'2012-06-19 08:12:08'),(78,117,0,'2012-06-19 08:12:08'),(79,118,0,'2012-06-19 08:12:08'),(80,119,0,'2012-06-19 08:12:08'),(81,120,0,'2012-06-19 08:12:08'),(82,121,0,'2012-06-19 08:12:08'),(83,122,0,'2012-06-19 08:12:08'),(84,123,0,'2012-06-19 08:12:08'),(85,124,0,'2012-06-19 08:12:08'),(86,125,0,'2012-06-19 08:12:08'),(87,126,0,'2012-06-19 08:12:08'),(88,127,0,'2012-06-19 08:12:08'),(89,128,0,'2012-06-19 08:12:08'),(90,129,0,'2012-06-19 08:12:08'),(91,130,0,'2012-06-19 08:12:08'),(92,131,0,'2012-06-19 08:12:08'),(93,132,0,'2012-06-19 08:12:08'),(94,133,0,'2012-06-19 08:12:08'),(95,134,0,'2012-06-19 08:12:08'),(96,135,0,'2012-06-19 08:12:08'),(97,136,0,'2012-06-19 08:12:08'),(98,137,0,'2012-06-19 08:12:08'),(99,138,0,'2012-06-19 08:12:08'),(100,139,0,'2012-06-19 08:12:09'),(101,140,0,'2012-06-19 08:12:09'),(102,141,0,'2012-06-19 08:12:09'),(103,142,0,'2012-06-19 08:12:09'),(104,143,0,'2012-06-19 08:12:09'),(105,144,0,'2012-06-19 08:12:09'),(106,145,0,'2012-06-19 08:12:09'),(107,146,0,'2012-06-19 08:12:09'),(108,147,0,'2012-06-19 08:12:09'),(109,148,0,'2012-06-19 08:12:09'),(110,149,0,'2012-06-19 08:12:09'),(111,150,0,'2012-06-19 08:12:09'),(112,151,0,'2012-06-19 08:12:09'),(113,152,0,'2012-06-19 08:12:09'),(114,153,0,'2012-06-19 08:12:09'),(115,154,0,'2012-06-19 08:12:09'),(116,155,0,'2012-06-19 08:12:09'),(117,156,0,'2012-06-19 08:12:09'),(118,157,0,'2012-06-19 08:12:09'),(119,158,0,'2012-06-19 08:12:09'),(120,159,0,'2012-06-19 08:12:09'),(121,160,0,'2012-06-19 08:12:09'),(122,161,0,'2012-06-19 08:12:22'),(123,162,0,'2012-06-19 08:12:22'),(124,163,0,'2012-06-19 08:12:22'),(125,164,0,'2012-06-19 08:12:22'),(126,165,0,'2012-06-19 08:12:22'),(127,166,0,'2012-06-19 08:12:22'),(128,167,0,'2012-06-19 08:12:22'),(129,168,0,'2012-06-19 08:12:22'),(130,169,0,'2012-06-19 08:12:22'),(131,170,0,'2012-06-19 08:12:22'),(132,171,0,'2012-06-19 08:12:22'),(133,172,0,'2012-06-19 08:12:22'),(134,173,0,'2012-06-19 08:12:22'),(135,174,0,'2012-06-19 08:12:22'),(136,175,0,'2012-06-19 08:12:22'),(137,176,0,'2012-06-19 08:12:22'),(138,177,0,'2012-06-19 08:12:22'),(139,178,0,'2012-06-19 08:12:22'),(140,179,0,'2012-06-19 08:12:22'),(141,180,0,'2012-06-19 08:12:22'),(142,181,0,'2012-06-19 08:12:22'),(143,182,0,'2012-06-19 08:12:22'),(144,183,0,'2012-06-19 08:12:22'),(145,184,0,'2012-06-19 08:12:22'),(146,185,0,'2012-06-19 08:12:22'),(147,186,0,'2012-06-19 08:12:22'),(148,187,0,'2012-06-19 08:12:22'),(149,188,0,'2012-06-19 08:12:22'),(150,189,0,'2012-06-19 08:12:22'),(151,190,0,'2012-06-19 08:12:22'),(152,191,0,'2012-06-19 08:12:22'),(153,192,0,'2012-06-19 08:12:22'),(154,193,0,'2012-06-19 08:12:22'),(155,194,0,'2012-06-19 08:12:22'),(156,195,0,'2012-06-19 08:12:22'),(157,196,0,'2012-06-19 08:12:22'),(158,197,0,'2012-06-19 08:12:22'),(159,198,0,'2012-06-19 08:12:22'),(160,199,0,'2012-06-19 08:12:22'),(161,200,0,'2012-06-19 08:12:22'),(162,201,0,'2012-06-19 08:12:22'),(163,202,0,'2012-06-19 08:12:22'),(164,203,0,'2012-06-19 08:12:22'),(165,204,0,'2012-06-19 08:12:22'),(166,205,0,'2012-06-19 08:12:22'),(167,206,0,'2012-06-19 08:12:22'),(168,207,0,'2012-06-19 08:12:22'),(169,208,0,'2012-06-19 08:12:22'),(170,209,0,'2012-06-19 08:12:22'),(171,210,0,'2012-06-19 08:12:22'),(172,211,0,'2012-06-19 08:12:22'),(173,212,0,'2012-06-19 08:12:22'),(174,213,0,'2012-06-19 08:12:22'),(175,214,0,'2012-06-19 08:12:22'),(176,215,0,'2012-06-19 08:12:22'),(177,216,0,'2012-06-19 08:12:22'),(178,217,0,'2012-06-19 08:12:22'),(179,218,0,'2012-06-19 08:12:23'),(180,219,0,'2012-06-19 08:12:23'),(181,220,0,'2012-06-19 08:12:23'),(182,221,0,'2012-06-19 08:12:23'),(183,222,0,'2012-06-19 08:12:23'),(184,223,0,'2012-06-19 08:12:23'),(185,224,0,'2012-06-19 08:12:23'),(186,225,0,'2012-06-19 08:12:23'),(187,226,0,'2012-06-19 08:12:23'),(188,227,0,'2012-06-19 08:12:23'),(189,228,0,'2012-06-19 08:12:23'),(190,229,0,'2012-06-19 08:12:23'),(191,230,0,'2012-06-19 08:12:23'),(192,231,0,'2012-06-19 08:12:23'),(193,232,0,'2012-06-19 08:12:23'),(194,233,0,'2012-06-19 08:12:23'),(195,234,0,'2012-06-19 08:12:23'),(196,235,0,'2012-06-19 08:12:23'),(197,236,0,'2012-06-19 08:12:23'),(198,237,0,'2012-06-19 08:12:23'),(199,238,0,'2012-06-19 08:12:23'),(200,239,0,'2012-06-19 08:12:23'),(201,240,0,'2012-06-19 08:12:23'),(202,241,0,'2012-06-19 08:12:23'),(203,242,0,'2012-06-19 08:12:23'),(204,243,0,'2012-06-19 08:12:23'),(205,244,0,'2012-06-19 08:12:23'),(206,245,0,'2012-06-19 08:12:23'),(207,246,0,'2012-06-19 08:12:23'),(208,247,0,'2012-06-19 08:12:23'),(209,248,0,'2012-06-19 08:12:23'),(210,249,0,'2012-06-19 08:12:23'),(211,250,0,'2012-06-19 08:12:23'),(212,251,0,'2012-06-19 08:12:23'),(213,252,0,'2012-06-19 08:12:23'),(214,253,0,'2012-06-19 08:12:23'),(215,254,0,'2012-06-19 08:12:23'),(216,255,0,'2012-06-19 08:12:23'),(217,256,0,'2012-06-19 08:12:23'),(218,257,0,'2012-06-19 08:12:23'),(219,258,0,'2012-06-19 08:12:23'),(220,259,0,'2012-06-19 08:12:23'),(221,260,0,'2012-06-19 08:12:23'),(222,261,0,'2012-06-19 08:12:23'),(223,262,0,'2012-06-19 08:12:23'),(224,263,0,'2012-06-19 08:12:23'),(225,264,0,'2012-06-19 08:12:23'),(226,265,0,'2012-06-19 08:12:23'),(227,266,0,'2012-06-19 08:12:23'),(228,267,0,'2012-06-19 08:12:23'),(229,268,0,'2012-06-19 08:12:23'),(230,269,0,'2012-06-19 08:12:23'),(231,270,0,'2012-06-19 08:12:23'),(232,271,0,'2012-06-19 08:12:23'),(233,272,0,'2012-06-19 08:12:23'),(234,273,0,'2012-06-19 08:12:23'),(235,274,0,'2012-06-19 08:12:23'),(236,275,0,'2012-06-19 08:12:23'),(237,276,0,'2012-06-19 08:12:23'),(238,277,0,'2012-06-19 08:12:23'),(239,278,0,'2012-06-19 08:12:23'),(240,279,0,'2012-06-19 08:12:23'),(241,280,0,'2012-06-19 08:12:23'),(242,281,0,'2012-06-19 08:12:23'),(243,282,0,'2012-06-19 08:12:23'),(244,283,0,'2012-06-19 08:12:23'),(245,284,0,'2012-06-19 08:12:23'),(246,285,0,'2012-06-19 08:12:23'),(247,286,0,'2012-06-19 08:12:23'),(248,287,0,'2012-06-19 08:12:23'),(249,288,0,'2012-06-19 08:12:23'),(250,289,0,'2012-06-19 08:12:23'),(251,290,0,'2012-06-19 08:12:23'),(252,291,0,'2012-06-19 08:12:23'),(253,292,0,'2012-06-19 08:12:23'),(254,293,0,'2012-06-19 08:12:23'),(255,294,0,'2012-06-19 08:12:23'),(256,295,0,'2012-06-19 08:12:23'),(257,296,0,'2012-06-19 08:12:23'),(258,297,0,'2012-06-19 08:12:23'),(259,298,0,'2012-06-19 08:12:23'),(260,299,0,'2012-06-19 08:12:23'),(261,300,0,'2012-06-19 08:12:23'),(262,301,0,'2012-06-19 08:12:23'),(263,302,0,'2012-06-19 08:12:23'),(264,303,0,'2012-06-19 08:12:23'),(265,304,0,'2012-06-19 08:12:23'),(266,305,0,'2012-06-19 08:12:23'),(267,306,0,'2012-06-19 08:12:24'),(268,307,0,'2012-06-19 08:12:24'),(269,308,0,'2012-06-19 08:12:24'),(270,309,0,'2012-06-19 08:12:24'),(271,310,0,'2012-06-19 08:12:24'),(272,311,0,'2012-06-19 08:12:24'),(273,312,0,'2012-06-19 08:12:24'),(274,313,0,'2012-06-19 08:12:24'),(275,314,0,'2012-06-19 08:12:24'),(276,315,0,'2012-06-19 08:12:24'),(277,316,0,'2012-06-19 08:12:24'),(278,317,0,'2012-06-19 08:12:24'),(279,318,0,'2012-06-19 08:12:24'),(280,319,0,'2012-06-19 08:12:24'),(281,320,0,'2012-06-19 08:12:24'),(282,321,0,'2012-06-19 08:12:24'),(283,322,0,'2012-06-19 08:12:24'),(284,323,0,'2012-06-19 08:12:24'),(285,324,0,'2012-06-19 08:12:24'),(286,325,0,'2012-06-19 08:12:24'),(287,326,0,'2012-06-19 08:12:24'),(288,327,0,'2012-06-19 08:12:24'),(289,328,0,'2012-06-19 08:12:24'),(290,329,0,'2012-06-19 08:12:24'),(291,330,0,'2012-06-19 08:12:24'),(292,331,0,'2012-06-19 08:12:24'),(293,332,0,'2012-06-19 08:12:24'),(294,333,0,'2012-06-19 08:12:24'),(295,334,0,'2012-06-19 08:12:24'),(296,335,0,'2012-06-19 08:12:24'),(297,336,0,'2012-06-19 08:12:24'),(298,337,0,'2012-06-19 08:12:24'),(299,338,0,'2012-06-19 08:12:24'),(300,339,0,'2012-06-19 08:12:24'),(301,340,0,'2012-06-19 08:12:24'),(302,341,0,'2012-06-19 08:12:24'),(303,342,0,'2012-06-19 08:12:24'),(304,343,0,'2012-06-19 08:12:24'),(305,344,0,'2012-06-19 08:12:24'),(306,345,0,'2012-06-19 08:12:24'),(307,346,0,'2012-06-19 08:12:24'),(308,347,0,'2012-06-19 08:12:24'),(309,348,0,'2012-06-19 08:12:24'),(310,349,0,'2012-06-19 08:12:24'),(311,350,0,'2012-06-19 08:12:24'),(312,351,0,'2012-06-19 08:12:24'),(313,352,0,'2012-06-19 08:12:24'),(314,353,0,'2012-06-19 08:12:24'),(315,354,0,'2012-06-19 08:12:24'),(316,355,0,'2012-06-19 08:12:24'),(317,356,0,'2012-06-19 08:12:24'),(318,357,0,'2012-06-19 08:12:24'),(319,358,0,'2012-06-19 08:12:24'),(320,359,0,'2012-06-19 08:12:24'),(321,360,0,'2012-06-19 08:12:24'),(322,361,0,'2012-06-19 08:12:24'),(323,362,0,'2012-06-19 08:12:24'),(324,363,0,'2012-06-19 08:12:24'),(325,364,0,'2012-06-19 08:12:24'),(326,365,0,'2012-06-19 08:12:24'),(327,366,0,'2012-06-19 08:12:24'),(328,367,0,'2012-06-19 08:12:24'),(329,368,0,'2012-06-19 08:12:24'),(330,369,0,'2012-06-19 08:12:24'),(331,370,0,'2012-06-19 08:12:24'),(332,371,0,'2012-06-19 08:12:24'),(333,372,0,'2012-06-19 08:12:24'),(334,373,0,'2012-06-19 08:12:24'),(335,374,0,'2012-06-19 08:12:24'),(336,375,0,'2012-06-19 08:12:24'),(337,376,0,'2012-06-19 08:12:24'),(338,377,0,'2012-06-19 08:12:24'),(339,378,0,'2012-06-19 08:12:24'),(340,379,0,'2012-06-19 08:12:24'),(341,380,0,'2012-06-19 08:12:24'),(342,381,0,'2012-06-19 08:12:24'),(343,382,0,'2012-06-19 08:12:24'),(344,383,0,'2012-06-19 08:12:24'),(345,384,0,'2012-06-19 08:12:24'),(346,385,0,'2012-06-19 08:12:24'),(347,386,0,'2012-06-19 08:12:24'),(348,387,0,'2012-06-19 08:12:24'),(349,388,0,'2012-06-19 08:12:24'),(350,389,0,'2012-06-19 08:12:24'),(351,390,0,'2012-06-19 08:12:24'),(352,391,0,'2012-06-19 08:12:24'),(353,392,0,'2012-06-19 08:12:24'),(354,393,0,'2012-06-19 08:12:24'),(355,394,0,'2012-06-19 08:12:24'),(356,395,0,'2012-06-19 08:12:24'),(357,396,0,'2012-06-19 08:12:24'),(358,397,0,'2012-06-19 08:12:24'),(359,398,0,'2012-06-19 08:12:24'),(360,399,0,'2012-06-19 08:12:24'),(361,400,0,'2012-06-19 08:12:24'),(362,401,0,'2012-06-19 08:12:24'),(363,402,0,'2012-06-19 08:12:24'),(364,403,0,'2012-06-19 08:12:25'),(365,404,0,'2012-06-19 08:12:25'),(366,405,0,'2012-06-19 08:12:25'),(367,406,0,'2012-06-19 08:12:25'),(368,407,0,'2012-06-19 08:12:25'),(369,408,0,'2012-06-19 08:12:25'),(370,409,0,'2012-06-19 08:12:25'),(371,410,0,'2012-06-19 08:12:25'),(372,411,0,'2012-06-19 08:12:25'),(373,412,0,'2012-06-19 08:12:25'),(374,413,0,'2012-06-19 08:12:25'),(375,414,0,'2012-06-19 08:12:25'),(376,415,0,'2012-06-19 08:12:25'),(377,416,0,'2012-06-19 08:12:25'),(378,417,0,'2012-06-19 08:12:25'),(379,418,0,'2012-06-19 08:12:25'),(380,419,0,'2012-06-19 08:12:25'),(381,420,0,'2012-06-19 08:12:25'),(382,421,0,'2012-06-19 08:12:25'),(383,422,0,'2012-06-19 08:12:25'),(384,423,0,'2012-06-19 08:12:25'),(385,424,0,'2012-06-19 08:12:25'),(386,425,0,'2012-06-19 08:12:25'),(387,426,0,'2012-06-19 08:12:25'),(388,427,0,'2012-06-19 08:12:25'),(389,428,0,'2012-06-19 08:12:25'),(390,429,0,'2012-06-19 08:12:25'),(391,430,0,'2012-06-19 08:12:25'),(392,431,0,'2012-06-19 08:12:25'),(393,432,0,'2012-06-19 08:12:25'),(394,433,0,'2012-06-19 16:11:55'),(395,434,0,'2012-06-19 16:11:55'),(396,435,0,'2012-06-19 16:11:55'),(397,438,0,'2012-06-19 16:32:44'),(398,439,0,'2012-06-19 16:36:01'),(399,456,0,'2012-06-29 06:50:09'),(400,457,0,'2012-06-29 06:50:09'),(401,458,0,'2012-06-29 06:50:09'),(402,460,0,'2012-06-29 20:37:52'),(403,461,0,'2012-06-29 20:37:52'),(404,462,0,'2012-06-29 20:42:40');
/*!40000 ALTER TABLE `financial_transactionconfirmcredit` ENABLE KEYS */;
UNLOCK TABLES;

--
-- Table structure for table `financial_transactionconfirmdebit`
--

DROP TABLE IF EXISTS `financial_transactionconfirmdebit`;
/*!40101 SET @saved_cs_client     = @@character_set_client */;
/*!40101 SET character_set_client = utf8 */;
CREATE TABLE `financial_transactionconfirmdebit` (
  `id` int(11) NOT NULL AUTO_INCREMENT,
  `transaction_id` int(11) NOT NULL,
  `confirmed` tinyint(1) NOT NULL,
  `lastmodified` datetime NOT NULL,
  PRIMARY KEY (`id`),
  UNIQUE KEY `transaction_id` (`transaction_id`)
) ENGINE=MyISAM AUTO_INCREMENT=405 DEFAULT CHARSET=utf8;
/*!40101 SET character_set_client = @saved_cs_client */;

--
-- Dumping data for table `financial_transactionconfirmdebit`
--

LOCK TABLES `financial_transactionconfirmdebit` WRITE;
/*!40000 ALTER TABLE `financial_transactionconfirmdebit` DISABLE KEYS */;
INSERT INTO `financial_transactionconfirmdebit` VALUES (1,40,0,'2012-06-19 08:12:07'),(2,41,0,'2012-06-19 08:12:07'),(3,42,0,'2012-06-19 08:12:07'),(4,43,0,'2012-06-19 08:12:07'),(5,44,0,'2012-06-19 08:12:07'),(6,45,0,'2012-06-19 08:12:07'),(7,46,0,'2012-06-19 08:12:07'),(8,47,0,'2012-06-19 08:12:07'),(9,48,0,'2012-06-19 08:12:07'),(10,49,0,'2012-06-19 08:12:07'),(11,50,0,'2012-06-19 08:12:07'),(12,51,0,'2012-06-19 08:12:07'),(13,52,0,'2012-06-19 08:12:07'),(14,53,0,'2012-06-19 08:12:07'),(15,54,0,'2012-06-19 08:12:07'),(16,55,0,'2012-06-19 08:12:08'),(17,56,0,'2012-06-19 08:12:08'),(18,57,0,'2012-06-19 08:12:08'),(19,58,0,'2012-06-19 08:12:08'),(20,59,0,'2012-06-19 08:12:08'),(21,60,0,'2012-06-19 08:12:08'),(22,61,0,'2012-06-19 08:12:08'),(23,62,0,'2012-06-19 08:12:08'),(24,63,0,'2012-06-19 08:12:08'),(25,64,0,'2012-06-19 08:12:08'),(26,65,0,'2012-06-19 08:12:08'),(27,66,0,'2012-06-19 08:12:08'),(28,67,0,'2012-06-19 08:12:08'),(29,68,0,'2012-06-19 08:12:08'),(30,69,0,'2012-06-19 08:12:08'),(31,70,0,'2012-06-19 08:12:08'),(32,71,0,'2012-06-19 08:12:08'),(33,72,0,'2012-06-19 08:12:08'),(34,73,0,'2012-06-19 08:12:08'),(35,74,0,'2012-06-19 08:12:08'),(36,75,0,'2012-06-19 08:12:08'),(37,76,0,'2012-06-19 08:12:08'),(38,77,0,'2012-06-19 08:12:08'),(39,78,0,'2012-06-19 08:12:08'),(40,79,0,'2012-06-19 08:12:08'),(41,80,0,'2012-06-19 08:12:08'),(42,81,0,'2012-06-19 08:12:08'),(43,82,0,'2012-06-19 08:12:08'),(44,83,0,'2012-06-19 08:12:08'),(45,84,0,'2012-06-19 08:12:08'),(46,85,0,'2012-06-19 08:12:08'),(47,86,0,'2012-06-19 08:12:08'),(48,87,0,'2012-06-19 08:12:08'),(49,88,0,'2012-06-19 08:12:08'),(50,89,0,'2012-06-19 08:12:08'),(51,90,0,'2012-06-19 08:12:08'),(52,91,0,'2012-06-19 08:12:08'),(53,92,0,'2012-06-19 08:12:08'),(54,93,0,'2012-06-19 08:12:08'),(55,94,0,'2012-06-19 08:12:08'),(56,95,0,'2012-06-19 08:12:08'),(57,96,0,'2012-06-19 08:12:08'),(58,97,0,'2012-06-19 08:12:08'),(59,98,0,'2012-06-19 08:12:08'),(60,99,0,'2012-06-19 08:12:08'),(61,100,0,'2012-06-19 08:12:08'),(62,101,0,'2012-06-19 08:12:08'),(63,102,0,'2012-06-19 08:12:08'),(64,103,0,'2012-06-19 08:12:08'),(65,104,0,'2012-06-19 08:12:08'),(66,105,0,'2012-06-19 08:12:08'),(67,106,0,'2012-06-19 08:12:08'),(68,107,0,'2012-06-19 08:12:08'),(69,108,0,'2012-06-19 08:12:08'),(70,109,0,'2012-06-19 08:12:08'),(71,110,0,'2012-06-19 08:12:08'),(72,111,0,'2012-06-19 08:12:08'),(73,112,0,'2012-06-19 08:12:08'),(74,113,0,'2012-06-19 08:12:08'),(75,114,0,'2012-06-19 08:12:08'),(76,115,0,'2012-06-19 08:12:08'),(77,116,0,'2012-06-19 08:12:08'),(78,117,0,'2012-06-19 08:12:08'),(79,118,0,'2012-06-19 08:12:08'),(80,119,0,'2012-06-19 08:12:08'),(81,120,0,'2012-06-19 08:12:08'),(82,121,0,'2012-06-19 08:12:08'),(83,122,0,'2012-06-19 08:12:08'),(84,123,0,'2012-06-19 08:12:08'),(85,124,0,'2012-06-19 08:12:08'),(86,125,0,'2012-06-19 08:12:08'),(87,126,0,'2012-06-19 08:12:08'),(88,127,0,'2012-06-19 08:12:08'),(89,128,0,'2012-06-19 08:12:08'),(90,129,0,'2012-06-19 08:12:08'),(91,130,0,'2012-06-19 08:12:08'),(92,131,0,'2012-06-19 08:12:08'),(93,132,0,'2012-06-19 08:12:08'),(94,133,0,'2012-06-19 08:12:08'),(95,134,0,'2012-06-19 08:12:08'),(96,135,0,'2012-06-19 08:12:08'),(97,136,0,'2012-06-19 08:12:08'),(98,137,0,'2012-06-19 08:12:08'),(99,138,0,'2012-06-19 08:12:08'),(100,139,0,'2012-06-19 08:12:09'),(101,140,0,'2012-06-19 08:12:09'),(102,141,0,'2012-06-19 08:12:09'),(103,142,0,'2012-06-19 08:12:09'),(104,143,0,'2012-06-19 08:12:09'),(105,144,0,'2012-06-19 08:12:09'),(106,145,0,'2012-06-19 08:12:09'),(107,146,0,'2012-06-19 08:12:09'),(108,147,0,'2012-06-19 08:12:09'),(109,148,0,'2012-06-19 08:12:09'),(110,149,0,'2012-06-19 08:12:09'),(111,150,0,'2012-06-19 08:12:09'),(112,151,0,'2012-06-19 08:12:09'),(113,152,0,'2012-06-19 08:12:09'),(114,153,0,'2012-06-19 08:12:09'),(115,154,0,'2012-06-19 08:12:09'),(116,155,0,'2012-06-19 08:12:09'),(117,156,0,'2012-06-19 08:12:09'),(118,157,0,'2012-06-19 08:12:09'),(119,158,0,'2012-06-19 08:12:09'),(120,159,0,'2012-06-19 08:12:09'),(121,160,0,'2012-06-19 08:12:09'),(122,161,0,'2012-06-19 08:12:22'),(123,162,0,'2012-06-19 08:12:22'),(124,163,0,'2012-06-19 08:12:22'),(125,164,0,'2012-06-19 08:12:22'),(126,165,0,'2012-06-19 08:12:22'),(127,166,0,'2012-06-19 08:12:22'),(128,167,0,'2012-06-19 08:12:22'),(129,168,0,'2012-06-19 08:12:22'),(130,169,0,'2012-06-19 08:12:22'),(131,170,0,'2012-06-19 08:12:22'),(132,171,0,'2012-06-19 08:12:22'),(133,172,0,'2012-06-19 08:12:22'),(134,173,0,'2012-06-19 08:12:22'),(135,174,0,'2012-06-19 08:12:22'),(136,175,0,'2012-06-19 08:12:22'),(137,176,0,'2012-06-19 08:12:22'),(138,177,0,'2012-06-19 08:12:22'),(139,178,0,'2012-06-19 08:12:22'),(140,179,0,'2012-06-19 08:12:22'),(141,180,0,'2012-06-19 08:12:22'),(142,181,0,'2012-06-19 08:12:22'),(143,182,0,'2012-06-19 08:12:22'),(144,183,0,'2012-06-19 08:12:22'),(145,184,0,'2012-06-19 08:12:22'),(146,185,0,'2012-06-19 08:12:22'),(147,186,0,'2012-06-19 08:12:22'),(148,187,0,'2012-06-19 08:12:22'),(149,188,0,'2012-06-19 08:12:22'),(150,189,0,'2012-06-19 08:12:22'),(151,190,0,'2012-06-19 08:12:22'),(152,191,0,'2012-06-19 08:12:22'),(153,192,0,'2012-06-19 08:12:22'),(154,193,0,'2012-06-19 08:12:22'),(155,194,0,'2012-06-19 08:12:22'),(156,195,0,'2012-06-19 08:12:22'),(157,196,0,'2012-06-19 08:12:22'),(158,197,0,'2012-06-19 08:12:22'),(159,198,0,'2012-06-19 08:12:22'),(160,199,0,'2012-06-19 08:12:22'),(161,200,0,'2012-06-19 08:12:22'),(162,201,0,'2012-06-19 08:12:22'),(163,202,0,'2012-06-19 08:12:22'),(164,203,0,'2012-06-19 08:12:22'),(165,204,0,'2012-06-19 08:12:22'),(166,205,0,'2012-06-19 08:12:22'),(167,206,0,'2012-06-19 08:12:22'),(168,207,0,'2012-06-19 08:12:22'),(169,208,0,'2012-06-19 08:12:22'),(170,209,0,'2012-06-19 08:12:22'),(171,210,0,'2012-06-19 08:12:22'),(172,211,0,'2012-06-19 08:12:22'),(173,212,0,'2012-06-19 08:12:22'),(174,213,0,'2012-06-19 08:12:22'),(175,214,0,'2012-06-19 08:12:22'),(176,215,0,'2012-06-19 08:12:22'),(177,216,0,'2012-06-19 08:12:22'),(178,217,0,'2012-06-19 08:12:22'),(179,218,0,'2012-06-19 08:12:23'),(180,219,0,'2012-06-19 08:12:23'),(181,220,0,'2012-06-19 08:12:23'),(182,221,0,'2012-06-19 08:12:23'),(183,222,0,'2012-06-19 08:12:23'),(184,223,0,'2012-06-19 08:12:23'),(185,224,0,'2012-06-19 08:12:23'),(186,225,0,'2012-06-19 08:12:23'),(187,226,0,'2012-06-19 08:12:23'),(188,227,0,'2012-06-19 08:12:23'),(189,228,0,'2012-06-19 08:12:23'),(190,229,0,'2012-06-19 08:12:23'),(191,230,0,'2012-06-19 08:12:23'),(192,231,0,'2012-06-19 08:12:23'),(193,232,0,'2012-06-19 08:12:23'),(194,233,0,'2012-06-19 08:12:23'),(195,234,0,'2012-06-19 08:12:23'),(196,235,0,'2012-06-19 08:12:23'),(197,236,0,'2012-06-19 08:12:23'),(198,237,0,'2012-06-19 08:12:23'),(199,238,0,'2012-06-19 08:12:23'),(200,239,0,'2012-06-19 08:12:23'),(201,240,0,'2012-06-19 08:12:23'),(202,241,0,'2012-06-19 08:12:23'),(203,242,0,'2012-06-19 08:12:23'),(204,243,0,'2012-06-19 08:12:23'),(205,244,0,'2012-06-19 08:12:23'),(206,245,0,'2012-06-19 08:12:23'),(207,246,0,'2012-06-19 08:12:23'),(208,247,0,'2012-06-19 08:12:23'),(209,248,0,'2012-06-19 08:12:23'),(210,249,0,'2012-06-19 08:12:23'),(211,250,0,'2012-06-19 08:12:23'),(212,251,0,'2012-06-19 08:12:23'),(213,252,0,'2012-06-19 08:12:23'),(214,253,0,'2012-06-19 08:12:23'),(215,254,0,'2012-06-19 08:12:23'),(216,255,0,'2012-06-19 08:12:23'),(217,256,0,'2012-06-19 08:12:23'),(218,257,0,'2012-06-19 08:12:23'),(219,258,0,'2012-06-19 08:12:23'),(220,259,0,'2012-06-19 08:12:23'),(221,260,0,'2012-06-19 08:12:23'),(222,261,0,'2012-06-19 08:12:23'),(223,262,0,'2012-06-19 08:12:23'),(224,263,0,'2012-06-19 08:12:23'),(225,264,0,'2012-06-19 08:12:23'),(226,265,0,'2012-06-19 08:12:23'),(227,266,0,'2012-06-19 08:12:23'),(228,267,0,'2012-06-19 08:12:23'),(229,268,0,'2012-06-19 08:12:23'),(230,269,0,'2012-06-19 08:12:23'),(231,270,0,'2012-06-19 08:12:23'),(232,271,0,'2012-06-19 08:12:23'),(233,272,0,'2012-06-19 08:12:23'),(234,273,0,'2012-06-19 08:12:23'),(235,274,0,'2012-06-19 08:12:23'),(236,275,0,'2012-06-19 08:12:23'),(237,276,0,'2012-06-19 08:12:23'),(238,277,0,'2012-06-19 08:12:23'),(239,278,0,'2012-06-19 08:12:23'),(240,279,0,'2012-06-19 08:12:23'),(241,280,0,'2012-06-19 08:12:23'),(242,281,0,'2012-06-19 08:12:23'),(243,282,0,'2012-06-19 08:12:23'),(244,283,0,'2012-06-19 08:12:23'),(245,284,0,'2012-06-19 08:12:23'),(246,285,0,'2012-06-19 08:12:23'),(247,286,0,'2012-06-19 08:12:23'),(248,287,0,'2012-06-19 08:12:23'),(249,288,0,'2012-06-19 08:12:23'),(250,289,0,'2012-06-19 08:12:23'),(251,290,0,'2012-06-19 08:12:23'),(252,291,0,'2012-06-19 08:12:23'),(253,292,0,'2012-06-19 08:12:23'),(254,293,0,'2012-06-19 08:12:23'),(255,294,0,'2012-06-19 08:12:23'),(256,295,0,'2012-06-19 08:12:23'),(257,296,0,'2012-06-19 08:12:23'),(258,297,0,'2012-06-19 08:12:23'),(259,298,0,'2012-06-19 08:12:23'),(260,299,0,'2012-06-19 08:12:23'),(261,300,0,'2012-06-19 08:12:23'),(262,301,0,'2012-06-19 08:12:23'),(263,302,0,'2012-06-19 08:12:23'),(264,303,0,'2012-06-19 08:12:23'),(265,304,0,'2012-06-19 08:12:23'),(266,305,0,'2012-06-19 08:12:23'),(267,306,0,'2012-06-19 08:12:24'),(268,307,0,'2012-06-19 08:12:24'),(269,308,0,'2012-06-19 08:12:24'),(270,309,0,'2012-06-19 08:12:24'),(271,310,0,'2012-06-19 08:12:24'),(272,311,0,'2012-06-19 08:12:24'),(273,312,0,'2012-06-19 08:12:24'),(274,313,0,'2012-06-19 08:12:24'),(275,314,0,'2012-06-19 08:12:24'),(276,315,0,'2012-06-19 08:12:24'),(277,316,0,'2012-06-19 08:12:24'),(278,317,0,'2012-06-19 08:12:24'),(279,318,0,'2012-06-19 08:12:24'),(280,319,0,'2012-06-19 08:12:24'),(281,320,0,'2012-06-19 08:12:24'),(282,321,0,'2012-06-19 08:12:24'),(283,322,0,'2012-06-19 08:12:24'),(284,323,0,'2012-06-19 08:12:24'),(285,324,0,'2012-06-19 08:12:24'),(286,325,0,'2012-06-19 08:12:24'),(287,326,0,'2012-06-19 08:12:24'),(288,327,0,'2012-06-19 08:12:24'),(289,328,0,'2012-06-19 08:12:24'),(290,329,0,'2012-06-19 08:12:24'),(291,330,0,'2012-06-19 08:12:24'),(292,331,0,'2012-06-19 08:12:24'),(293,332,0,'2012-06-19 08:12:24'),(294,333,0,'2012-06-19 08:12:24'),(295,334,0,'2012-06-19 08:12:24'),(296,335,0,'2012-06-19 08:12:24'),(297,336,0,'2012-06-19 08:12:24'),(298,337,0,'2012-06-19 08:12:24'),(299,338,0,'2012-06-19 08:12:24'),(300,339,0,'2012-06-19 08:12:24'),(301,340,0,'2012-06-19 08:12:24'),(302,341,0,'2012-06-19 08:12:24'),(303,342,0,'2012-06-19 08:12:24'),(304,343,0,'2012-06-19 08:12:24'),(305,344,0,'2012-06-19 08:12:24'),(306,345,0,'2012-06-19 08:12:24'),(307,346,0,'2012-06-19 08:12:24'),(308,347,0,'2012-06-19 08:12:24'),(309,348,0,'2012-06-19 08:12:24'),(310,349,0,'2012-06-19 08:12:24'),(311,350,0,'2012-06-19 08:12:24'),(312,351,0,'2012-06-19 08:12:24'),(313,352,0,'2012-06-19 08:12:24'),(314,353,0,'2012-06-19 08:12:24'),(315,354,0,'2012-06-19 08:12:24'),(316,355,0,'2012-06-19 08:12:24'),(317,356,0,'2012-06-19 08:12:24'),(318,357,0,'2012-06-19 08:12:24'),(319,358,0,'2012-06-19 08:12:24'),(320,359,0,'2012-06-19 08:12:24'),(321,360,0,'2012-06-19 08:12:24'),(322,361,0,'2012-06-19 08:12:24'),(323,362,0,'2012-06-19 08:12:24'),(324,363,0,'2012-06-19 08:12:24'),(325,364,0,'2012-06-19 08:12:24'),(326,365,0,'2012-06-19 08:12:24'),(327,366,0,'2012-06-19 08:12:24'),(328,367,0,'2012-06-19 08:12:24'),(329,368,0,'2012-06-19 08:12:24'),(330,369,0,'2012-06-19 08:12:24'),(331,370,0,'2012-06-19 08:12:24'),(332,371,0,'2012-06-19 08:12:24'),(333,372,0,'2012-06-19 08:12:24'),(334,373,0,'2012-06-19 08:12:24'),(335,374,0,'2012-06-19 08:12:24'),(336,375,0,'2012-06-19 08:12:24'),(337,376,0,'2012-06-19 08:12:24'),(338,377,0,'2012-06-19 08:12:24'),(339,378,0,'2012-06-19 08:12:24'),(340,379,0,'2012-06-19 08:12:24'),(341,380,0,'2012-06-19 08:12:24'),(342,381,0,'2012-06-19 08:12:24'),(343,382,0,'2012-06-19 08:12:24'),(344,383,0,'2012-06-19 08:12:24'),(345,384,0,'2012-06-19 08:12:24'),(346,385,0,'2012-06-19 08:12:24'),(347,386,0,'2012-06-19 08:12:24'),(348,387,0,'2012-06-19 08:12:24'),(349,388,0,'2012-06-19 08:12:24'),(350,389,0,'2012-06-19 08:12:24'),(351,390,0,'2012-06-19 08:12:24'),(352,391,0,'2012-06-19 08:12:24'),(353,392,0,'2012-06-19 08:12:24'),(354,393,0,'2012-06-19 08:12:24'),(355,394,0,'2012-06-19 08:12:24'),(356,395,0,'2012-06-19 08:12:24'),(357,396,0,'2012-06-19 08:12:24'),(358,397,0,'2012-06-19 08:12:24'),(359,398,0,'2012-06-19 08:12:24'),(360,399,0,'2012-06-19 08:12:24'),(361,400,0,'2012-06-19 08:12:24'),(362,401,0,'2012-06-19 08:12:24'),(363,402,0,'2012-06-19 08:12:24'),(364,403,0,'2012-06-19 08:12:25'),(365,404,0,'2012-06-19 08:12:25'),(366,405,0,'2012-06-19 08:12:25'),(367,406,0,'2012-06-19 08:12:25'),(368,407,0,'2012-06-19 08:12:25'),(369,408,0,'2012-06-19 08:12:25'),(370,409,0,'2012-06-19 08:12:25'),(371,410,0,'2012-06-19 08:12:25'),(372,411,0,'2012-06-19 08:12:25'),(373,412,0,'2012-06-19 08:12:25'),(374,413,0,'2012-06-19 08:12:25'),(375,414,0,'2012-06-19 08:12:25'),(376,415,0,'2012-06-19 08:12:25'),(377,416,0,'2012-06-19 08:12:25'),(378,417,0,'2012-06-19 08:12:25'),(379,418,0,'2012-06-19 08:12:25'),(380,419,0,'2012-06-19 08:12:25'),(381,420,0,'2012-06-19 08:12:25'),(382,421,0,'2012-06-19 08:12:25'),(383,422,0,'2012-06-19 08:12:25'),(384,423,0,'2012-06-19 08:12:25'),(385,424,0,'2012-06-19 08:12:25'),(386,425,0,'2012-06-19 08:12:25'),(387,426,0,'2012-06-19 08:12:25'),(388,427,0,'2012-06-19 08:12:25'),(389,428,0,'2012-06-19 08:12:25'),(390,429,0,'2012-06-19 08:12:25'),(391,430,0,'2012-06-19 08:12:25'),(392,431,0,'2012-06-19 08:12:25'),(393,432,0,'2012-06-19 08:12:25'),(394,433,0,'2012-06-19 16:11:55'),(395,434,0,'2012-06-19 16:11:55'),(396,435,0,'2012-06-19 16:11:55'),(397,438,0,'2012-06-19 16:32:44'),(398,439,0,'2012-06-19 16:36:01'),(399,456,0,'2012-06-29 06:50:09'),(400,457,0,'2012-06-29 06:50:09'),(401,458,0,'2012-06-29 06:50:09'),(402,460,0,'2012-06-29 20:37:52'),(403,461,0,'2012-06-29 20:37:52'),(404,462,0,'2012-06-29 20:42:40');
/*!40000 ALTER TABLE `financial_transactionconfirmdebit` ENABLE KEYS */;
UNLOCK TABLES;

--
-- Table structure for table `financial_transactions`
--

DROP TABLE IF EXISTS `financial_transactions`;
/*!40101 SET @saved_cs_client     = @@character_set_client */;
/*!40101 SET character_set_client = utf8 */;
CREATE TABLE `financial_transactions` (
  `id` int(11) NOT NULL AUTO_INCREMENT,
  `accountA_id` int(11) NOT NULL,
  `accountB_id` int(11) NOT NULL,
  `modeA` varchar(10) NOT NULL,
  `modeB` varchar(10) NOT NULL,
  `amount` decimal(10,2) NOT NULL,
  `notes` longtext,
  `content_type_id` int(11) DEFAULT NULL,
  `object_id` int(10) unsigned DEFAULT NULL,
  `fieldname` varchar(100) DEFAULT NULL,
  `fullfilled` tinyint(1) NOT NULL,
  `lastmodified` datetime NOT NULL,
  PRIMARY KEY (`id`),
  KEY `financial_transactions_4bee9706` (`accountA_id`),
  KEY `financial_transactions_819e1e69` (`accountB_id`),
  KEY `financial_transactions_e4470c6e` (`content_type_id`)
) ENGINE=MyISAM AUTO_INCREMENT=465 DEFAULT CHARSET=utf8;
/*!40101 SET character_set_client = @saved_cs_client */;

--
-- Dumping data for table `financial_transactions`
--

LOCK TABLES `financial_transactions` WRITE;
/*!40000 ALTER TABLE `financial_transactions` DISABLE KEYS */;
INSERT INTO `financial_transactions` VALUES (1,16,5,'credit','credit','1500.00','',NULL,NULL,'investment',0,'2012-02-17 08:28:54'),(2,18,5,'credit','credit','1500.00','',NULL,NULL,'investment',0,'2012-02-17 08:28:54'),(3,19,5,'credit','credit','50.00','BOA Checking account open bonus',NULL,NULL,'income_other',0,'2012-02-17 08:28:54'),(4,11,5,'credit','debit','130.00','company registration -initial',NULL,NULL,'operation',0,'2012-02-17 08:28:54'),(5,11,5,'credit','debit','107.40','web hosting 2011-10 to 2012-10',NULL,NULL,'operation',0,'2012-02-17 08:28:54'),(6,11,4,'credit','credit','147.86','tampa meeting fees',NULL,NULL,'operation',0,'2012-02-17 08:28:54'),(7,1,5,'credit','debit','53.99','reimburse of obi110',NULL,NULL,'operation',0,'2012-02-19 08:39:33'),(8,1,5,'credit','debit','45.00','virtual reimbursement of norton 3',NULL,NULL,'operation',0,'2012-02-19 08:39:33'),(9,8,5,'credit','debit','45.00','virtual reimbursement of norton 360',NULL,NULL,'operation',0,'2012-02-19 08:39:33'),(10,16,5,'credit','credit','1000.00','',NULL,NULL,'investment',0,'2012-02-21 08:39:33'),(11,18,5,'credit','credit','1000.00','',NULL,NULL,'investment',0,'2012-02-21 08:39:33'),(12,10,5,'credit','debit','129.99','virtual reimburse of the quickbook simple',NULL,NULL,'operation',0,'2012-02-22 08:39:33'),(13,2,11,'credit','credit','129.99','count as software expanse',NULL,NULL,'operation',0,'2012-02-22 08:39:33'),(14,1,11,'credit','credit','45.00','count as software expanse',NULL,NULL,'operation',0,'2012-02-22 08:39:33'),(15,8,11,'credit','credit','45.00','',NULL,NULL,'operation',0,'2012-02-22 08:39:33'),(16,15,5,'credit','credit','2500.00','li Chen investment',NULL,NULL,'investment',0,'2012-02-29 08:39:33'),(17,1,5,'credit','debit','1657.50','reimburse of xbox headset , 40 total \r\ncheck N: 101',NULL,NULL,'id',0,'2012-02-29 08:39:33'),(18,11,5,'credit','debit','23.00','order more check online',NULL,NULL,'operation',0,'2012-02-29 08:39:33'),(19,9,5,'credit','debit','207.76','reimburse for kodak playspot\r\nCheck N: 102',NULL,NULL,'id',0,'2012-02-29 08:39:33'),(20,20,5,'credit','debit','800.00','pay to yulin xiao for April, 2012, china travel\r\nCheck N: 103',NULL,NULL,'operation',0,'2012-02-29 08:59:03'),(21,4,11,'debit','credit','143.57','annual report fee',NULL,NULL,'operation',0,'2012-04-03 08:59:03'),(22,4,11,'debit','credit','8.29','ipad buy and return tax lost at walmart',NULL,NULL,'operation',0,'2012-04-03 08:59:03'),(23,4,11,'debit','credit','3.83','purchase officemax receipt ',NULL,NULL,'id',0,'2012-04-03 08:59:03'),(24,4,5,'credit','debit','564.84','creditcard payment',NULL,NULL,'id',0,'2012-04-03 08:59:03'),(25,20,10,'credit','debit','800.00','travel expanse paid from personal account',NULL,NULL,'id',0,'2012-04-03 08:59:03'),(26,1,8,'debit','credit','400.00','internal transfer from Li chen to Jun Xia',NULL,NULL,'internal_transfer',0,'2012-04-03 08:59:03'),(27,8,9,'debit','credit','692.00','internal transfer from jun xia to jun huang',NULL,NULL,'internal_transfer',0,'2012-04-03 08:59:03'),(28,8,1,'debit','credit','3806.00','internal transfer from Jun xia to Li chen',NULL,NULL,'internal_transfer',0,'2012-05-04 08:59:03'),(29,8,10,'debit','credit','2595.00','internal transfer from Jun xia to yulin Xiao',NULL,NULL,'internal_transfer',0,'2012-05-04 08:59:03'),(30,1,11,'debit','credit','4.00','ebay listing fee, 2012-3',NULL,NULL,'id',0,'2012-04-15 11:59:45'),(31,1,11,'debit','credit','1.50','ebay listing fee, 2012-4',NULL,NULL,'id',0,'2012-05-15 11:59:45'),(32,1,11,'debit','credit','1.00','ebay listing fee: 2012-5',NULL,NULL,'id',0,'2012-06-18 11:59:45'),(33,12,11,'debit','credit','39.99','amazon monthly subscription fee: 2012-2',NULL,NULL,'id',0,'2012-03-15 11:59:45'),(34,12,11,'debit','credit','0.03','Amazon FAB storage fee:2012-2',NULL,NULL,'id',0,'2012-03-15 11:59:45'),(35,12,11,'debit','credit','39.99','Amazon monthly subscription fee: 2012-3',NULL,NULL,'id',0,'2012-04-15 11:59:45'),(36,12,11,'debit','credit','39.99','amazon monthly subscription fee: 2012-4',NULL,NULL,'id',0,'2012-05-15 11:59:45'),(37,12,11,'debit','credit','39.99','amazon monthly subscription fee: 2012-5',NULL,NULL,'id',0,'2012-06-15 11:59:45'),(38,12,11,'debit','credit','1.61','Amazon FBA storage fee: 2012-4',NULL,NULL,'id',0,'2012-05-15 11:59:45'),(39,12,11,'debit','credit','1.02','Amazon FBA storage fee: 2012-5',NULL,NULL,'id',0,'2012-06-15 11:59:45'),(40,2,1,'credit','debit','780.00','',40,2,'productcost',0,'2012-02-17 20:14:29'),(41,13,1,'credit','debit','46.80','',40,2,'tax',0,'2012-02-17 20:14:29'),(42,2,1,'credit','debit','780.00','',40,3,'productcost',0,'2012-02-17 20:15:19'),(43,13,1,'credit','debit','50.70','',40,3,'tax',0,'2012-02-17 20:15:19'),(44,2,1,'credit','debit','4470.00','',40,6,'productcost',0,'2012-02-17 20:16:13'),(45,13,1,'credit','debit','388.05','',40,6,'tax',0,'2012-02-17 20:16:13'),(46,7,1,'credit','debit','268.20','',40,6,'commission',0,'2012-02-17 20:16:13'),(47,2,8,'credit','debit','2831.00','',40,7,'productcost',0,'2012-02-17 20:16:30'),(48,13,8,'credit','debit','245.77','',40,7,'tax',0,'2012-02-17 20:16:30'),(49,7,8,'credit','debit','169.86','',40,7,'commission',0,'2012-02-17 20:16:30'),(50,2,9,'credit','debit','6556.00','',40,8,'productcost',0,'2012-02-17 20:16:46'),(51,13,9,'credit','debit','569.14','',40,8,'tax',0,'2012-02-17 20:16:46'),(52,7,9,'credit','debit','393.36','',40,8,'commission',0,'2012-02-17 20:16:46'),(53,2,10,'credit','debit','3129.00','',40,9,'productcost',0,'2012-02-17 20:17:03'),(54,13,10,'credit','debit','271.64','',40,9,'tax',0,'2012-02-17 20:17:03'),(55,7,10,'credit','debit','187.74','',40,9,'commission',0,'2012-02-17 20:17:03'),(56,2,1,'credit','debit','45.00','',40,10,'productcost',0,'2012-02-17 20:17:28'),(57,2,8,'credit','debit','45.00','',40,11,'productcost',0,'2012-02-17 20:17:44'),(58,2,8,'credit','debit','129.50','',40,12,'productcost',0,'2012-02-18 20:18:16'),(59,13,8,'credit','debit','8.42','',40,12,'tax',0,'2012-02-18 20:18:16'),(60,7,8,'credit','debit','8.28','',40,12,'commission',0,'2012-02-18 20:18:16'),(61,2,1,'credit','debit','53.99','',40,13,'productcost',0,'2012-02-19 20:18:32'),(62,2,8,'credit','debit','639.62','',40,14,'productcost',0,'2012-02-21 20:19:01'),(63,2,8,'credit','debit','143.96','',40,15,'productcost',0,'2012-02-21 20:19:15'),(64,2,1,'credit','debit','479.94','',40,16,'productcost',0,'2012-02-21 20:19:31'),(65,2,1,'credit','debit','287.92','',40,17,'productcost',0,'2012-02-21 20:19:45'),(66,2,8,'credit','debit','345.00','',40,18,'productcost',0,'2012-02-29 20:20:21'),(67,13,8,'credit','debit','22.43','',40,18,'tax',0,'2012-02-29 20:20:21'),(68,7,8,'credit','debit','20.70','',40,18,'commission',0,'2012-02-29 20:20:21'),(69,2,9,'credit','debit','196.00','',40,19,'productcost',0,'2012-02-29 20:20:40'),(70,13,9,'credit','debit','12.74','',40,19,'tax',0,'2012-02-29 20:20:40'),(71,7,9,'credit','debit','11.76','',40,19,'commission',0,'2012-02-29 20:20:40'),(72,2,1,'credit','debit','57.50','',40,20,'productcost',0,'2012-03-01 20:21:04'),(73,13,1,'credit','debit','3.74','',40,20,'tax',0,'2012-03-01 20:21:04'),(74,7,1,'credit','debit','3.45','',40,20,'commission',0,'2012-03-01 20:21:04'),(75,2,1,'credit','debit','98.00','',40,21,'productcost',0,'2012-03-01 20:21:31'),(76,13,1,'credit','debit','6.37','',40,21,'tax',0,'2012-03-01 20:21:31'),(77,7,1,'credit','debit','5.88','',40,21,'commission',0,'2012-03-01 20:21:31'),(78,2,8,'credit','debit','172.50','',40,22,'productcost',0,'2012-03-01 20:21:49'),(79,13,8,'credit','debit','11.21','',40,22,'tax',0,'2012-03-01 20:21:49'),(80,7,8,'credit','debit','10.35','',40,22,'commission',0,'2012-03-01 20:21:49'),(81,2,8,'credit','debit','596.00','',40,23,'productcost',0,'2012-03-05 20:22:16'),(82,13,8,'credit','debit','35.76','',40,23,'tax',0,'2012-03-05 20:22:16'),(83,2,8,'credit','debit','299.85','',40,24,'productcost',0,'2012-03-13 20:22:41'),(84,13,8,'credit','debit','20.25','',40,24,'tax',0,'2012-03-13 20:22:41'),(85,2,9,'credit','debit','639.92','',40,25,'productcost',0,'2012-03-21 20:23:12'),(86,2,9,'credit','debit','143.96','',40,26,'productcost',0,'2012-03-21 20:23:27'),(87,2,8,'credit','debit','65.84','',40,27,'productcost',0,'2012-03-21 20:23:51'),(88,2,8,'credit','debit','249.95','',40,28,'productcost',0,'2012-04-01 20:24:19'),(89,13,8,'credit','debit','17.22','',40,28,'tax',0,'2012-04-01 20:24:19'),(90,6,8,'credit','debit','37.02','',40,28,'shipping',0,'2012-04-01 20:24:19'),(91,2,4,'credit','debit','249.95','',40,29,'productcost',0,'2012-04-01 20:24:35'),(92,13,4,'credit','debit','18.66','',40,29,'tax',0,'2012-04-01 20:24:35'),(93,6,4,'credit','debit','37.02','',40,29,'shipping',0,'2012-04-01 20:24:35'),(94,2,8,'credit','debit','79.98','',40,30,'productcost',0,'2012-04-01 20:24:56'),(95,13,8,'credit','debit','4.80','',40,30,'tax',0,'2012-04-01 20:24:56'),(96,2,4,'credit','debit','39.99','',40,31,'productcost',0,'2012-04-01 20:25:12'),(97,13,4,'credit','debit','2.40','',40,31,'tax',0,'2012-04-01 20:25:12'),(98,2,1,'credit','debit','499.90','',40,32,'productcost',0,'2012-04-01 20:25:32'),(99,13,1,'credit','debit','37.32','',40,32,'tax',0,'2012-04-01 20:25:32'),(100,6,1,'credit','debit','74.04','',40,32,'shipping',0,'2012-04-01 20:25:32'),(101,2,1,'credit','debit','59.84','',40,33,'productcost',0,'2012-04-01 20:25:48'),(102,13,1,'credit','debit','6.00','',40,33,'tax',0,'2012-04-01 20:25:48'),(103,2,1,'credit','debit','79.98','',40,34,'productcost',0,'2012-04-01 20:26:03'),(104,13,1,'credit','debit','4.80','',40,34,'tax',0,'2012-04-01 20:26:03'),(105,2,4,'credit','debit','57.50','',40,35,'productcost',0,'2012-04-03 20:26:28'),(106,13,4,'credit','debit','3.45','',40,35,'tax',0,'2012-04-03 20:26:28'),(107,2,9,'credit','debit','249.95','',40,36,'productcost',0,'2012-04-03 20:27:15'),(108,13,9,'credit','debit','18.66','',40,36,'tax',0,'2012-04-03 20:27:15'),(109,6,9,'credit','debit','37.02','',40,36,'shipping',0,'2012-04-03 20:27:15'),(110,2,9,'credit','debit','249.95','',40,37,'productcost',0,'2012-04-03 20:27:36'),(111,13,9,'credit','debit','18.66','',40,37,'tax',0,'2012-04-03 20:27:36'),(112,6,9,'credit','debit','37.02','',40,37,'shipping',0,'2012-04-03 20:27:36'),(113,2,4,'credit','debit','711.00','',40,38,'productcost',0,'2012-05-16 20:28:24'),(114,13,4,'credit','debit','49.77','',40,38,'tax',0,'2012-05-16 20:28:24'),(115,7,8,'credit','debit','26.46','',40,38,'commission',0,'2012-05-16 20:28:24'),(116,2,4,'credit','debit','180.00','',40,39,'productcost',0,'2012-05-16 20:28:47'),(117,2,4,'credit','debit','403.96','',40,40,'productcost',0,'2012-05-16 20:29:05'),(118,6,4,'credit','debit','31.80','',40,40,'shipping',0,'2012-05-16 20:29:05'),(119,2,4,'credit','debit','49.95','',40,41,'productcost',0,'2012-05-16 20:29:17'),(120,13,4,'credit','debit','3.00','',40,41,'tax',0,'2012-05-16 20:29:17'),(121,7,8,'credit','debit','3.00','',40,41,'commission',0,'2012-05-16 20:29:17'),(122,2,4,'credit','debit','199.96','',40,42,'productcost',0,'2012-05-16 20:29:31'),(123,13,4,'credit','debit','12.00','',40,42,'tax',0,'2012-05-16 20:29:31'),(124,2,4,'credit','debit','160.00','',40,43,'productcost',0,'2012-05-16 20:29:46'),(125,2,4,'credit','debit','319.58','',40,44,'productcost',0,'2012-05-16 20:29:58'),(126,2,4,'credit','debit','135.63','',40,46,'productcost',0,'2012-05-16 20:30:16'),(127,2,4,'credit','debit','99.95','',40,47,'productcost',0,'2012-05-16 20:30:29'),(128,2,4,'credit','debit','280.50','',40,48,'productcost',0,'2012-05-16 20:30:46'),(129,2,4,'credit','debit','311.74','',40,49,'productcost',0,'2012-05-16 20:30:59'),(130,2,4,'credit','debit','4.53','',40,50,'productcost',0,'2012-05-16 20:31:13'),(131,2,1,'credit','debit','60.34','',40,51,'productcost',0,'2012-05-16 20:31:25'),(132,7,1,'credit','debit','8.00','',40,51,'commission',0,'2012-05-16 20:31:25'),(133,2,1,'credit','debit','29.94','',40,52,'productcost',0,'2012-05-16 20:31:40'),(134,13,1,'credit','debit','1.80','',40,52,'tax',0,'2012-05-16 20:31:40'),(135,7,1,'credit','debit','1.80','',40,52,'commission',0,'2012-05-16 20:31:40'),(136,2,1,'credit','debit','588.00','',40,53,'productcost',0,'2012-05-16 20:31:56'),(137,13,1,'credit','debit','61.62','',40,53,'tax',0,'2012-05-16 20:31:56'),(138,7,1,'credit','debit','35.28','',40,53,'commission',0,'2012-05-16 20:31:56'),(139,2,1,'credit','debit','389.88','',40,54,'productcost',0,'2012-05-16 20:32:10'),(140,13,1,'credit','debit','23.40','',40,54,'tax',0,'2012-05-16 20:32:10'),(141,7,1,'credit','debit','23.40','',40,54,'commission',0,'2012-05-16 20:32:10'),(142,2,1,'credit','debit','299.94','',40,55,'productcost',0,'2012-05-16 20:32:22'),(143,13,1,'credit','debit','19.50','',40,55,'tax',0,'2012-05-16 20:32:22'),(144,2,1,'credit','debit','19.98','',40,56,'productcost',0,'2012-05-16 20:32:34'),(145,13,1,'credit','debit','1.20','',40,56,'tax',0,'2012-05-16 20:32:34'),(146,2,8,'credit','debit','198.00','',40,57,'productcost',0,'2012-05-16 20:32:47'),(147,13,8,'credit','debit','12.00','',40,57,'tax',0,'2012-05-16 20:32:47'),(148,7,8,'credit','debit','11.90','',40,57,'commission',0,'2012-05-16 20:32:47'),(149,2,4,'credit','debit','198.00','',40,58,'productcost',0,'2012-05-16 20:33:01'),(150,13,4,'credit','debit','12.00','',40,58,'tax',0,'2012-05-16 20:33:01'),(151,7,8,'credit','debit','11.88','',40,58,'commission',0,'2012-05-16 20:33:01'),(152,2,9,'credit','debit','399.96','',40,59,'productcost',0,'2012-05-16 20:33:12'),(153,13,9,'credit','debit','26.00','',40,59,'tax',0,'2012-05-16 20:33:12'),(154,2,8,'credit','debit','198.00','',40,60,'productcost',0,'2012-05-16 20:33:24'),(155,13,8,'credit','debit','12.00','',40,60,'tax',0,'2012-05-16 20:33:24'),(156,2,9,'credit','debit','980.00','',40,61,'productcost',0,'2012-05-16 20:33:43'),(157,13,9,'credit','debit','102.70','',40,61,'tax',0,'2012-05-16 20:33:43'),(158,7,9,'credit','debit','58.80','',40,61,'commission',0,'2012-05-16 20:33:43'),(159,2,1,'credit','debit','60.00','',40,62,'productcost',0,'2012-05-16 20:33:57'),(160,2,1,'credit','debit','100.00','',40,63,'productcost',0,'2012-05-16 20:34:09'),(161,12,2,'credit','debit','34.99','',42,1,'sellprice',0,'2012-03-25 11:27:54'),(162,12,6,'credit','debit','3.99','',42,1,'shipping_handling',0,'2012-03-25 11:27:54'),(163,6,12,'credit','debit','3.35','',42,1,'shipping',0,'2012-03-25 11:27:54'),(164,7,12,'credit','debit','6.60','',42,1,'commission',0,'2012-03-25 11:27:54'),(165,7,12,'credit','debit','6.71','',42,1,'financialcharge',0,'2012-03-25 11:27:54'),(166,12,2,'credit','debit','44.99','',42,2,'sellprice',0,'2012-04-07 11:37:20'),(167,12,6,'credit','debit','2.16','',42,2,'shipping_handling',0,'2012-04-07 11:37:20'),(168,7,12,'credit','debit','9.47','',42,2,'commission',0,'2012-04-07 11:37:20'),(169,7,12,'credit','debit','2.16','',42,2,'financialcharge',0,'2012-04-07 11:37:20'),(170,12,2,'credit','debit','44.99','',42,3,'sellprice',0,'2012-04-07 14:16:41'),(171,12,6,'credit','debit','4.49','',42,3,'shipping_handling',0,'2012-04-07 14:16:41'),(172,6,12,'credit','debit','4.49','',42,3,'shipping',0,'2012-04-07 14:16:41'),(173,7,12,'credit','debit','9.47','',42,3,'commission',0,'2012-04-07 14:16:41'),(174,12,2,'credit','debit','44.99','',42,4,'sellprice',0,'2012-04-08 14:18:07'),(175,12,6,'credit','debit','2.16','',42,4,'shipping_handling',0,'2012-04-08 14:18:07'),(176,6,12,'credit','debit','2.16','',42,4,'shipping',0,'2012-04-08 14:18:07'),(177,7,12,'credit','debit','9.47','',42,4,'commission',0,'2012-04-08 14:18:07'),(178,12,2,'credit','debit','44.99','',42,5,'sellprice',0,'2012-04-09 14:19:50'),(179,7,12,'credit','debit','9.47','',42,5,'commission',0,'2012-04-09 14:19:50'),(180,12,2,'credit','debit','44.99','',42,6,'sellprice',0,'2012-04-09 14:21:14'),(181,12,6,'credit','debit','4.98','',42,6,'shipping_handling',0,'2012-04-09 14:21:14'),(182,7,12,'credit','debit','14.45','',42,6,'commission',0,'2012-04-09 14:21:14'),(183,12,2,'credit','debit','44.99','',42,7,'sellprice',0,'2012-04-09 14:23:10'),(184,12,6,'credit','debit','4.98','',42,7,'shipping_handling',0,'2012-04-09 14:23:10'),(185,7,12,'credit','debit','14.45','',42,7,'commission',0,'2012-04-09 14:23:10'),(186,12,2,'credit','debit','44.99','',42,8,'sellprice',0,'2012-04-09 14:24:18'),(187,7,12,'credit','debit','9.47','',42,8,'commission',0,'2012-04-09 14:24:18'),(188,12,2,'credit','debit','44.99','',42,9,'sellprice',0,'2012-04-09 14:25:29'),(189,7,12,'credit','debit','9.47','',42,9,'commission',0,'2012-04-09 14:25:29'),(190,12,2,'credit','debit','44.99','',42,10,'sellprice',0,'2012-04-09 14:26:15'),(191,7,12,'credit','debit','9.47','',42,10,'commission',0,'2012-04-09 14:26:15'),(192,12,2,'credit','debit','44.99','',42,11,'sellprice',0,'2012-04-09 14:27:17'),(193,7,12,'credit','debit','9.47','',42,11,'commission',0,'2012-04-09 14:27:17'),(194,12,2,'credit','debit','44.99','',42,12,'sellprice',0,'2012-04-09 14:28:20'),(195,7,12,'credit','debit','9.47','',42,12,'commission',0,'2012-04-09 14:28:20'),(196,12,2,'credit','debit','44.99','',42,13,'sellprice',0,'2012-04-09 14:29:06'),(197,12,6,'credit','debit','3.99','',42,13,'shipping_handling',0,'2012-04-09 14:29:06'),(198,7,12,'credit','debit','13.46','',42,13,'commission',0,'2012-04-09 14:29:06'),(199,12,2,'credit','debit','44.99','',42,14,'sellprice',0,'2012-04-09 14:30:21'),(200,12,6,'credit','debit','3.99','',42,14,'shipping_handling',0,'2012-04-09 14:30:21'),(201,7,12,'credit','debit','13.46','',42,14,'commission',0,'2012-04-09 14:30:21'),(202,12,2,'credit','debit','44.99','',42,15,'sellprice',0,'2012-04-10 14:31:38'),(203,12,6,'credit','debit','3.99','',42,15,'shipping_handling',0,'2012-04-10 14:31:38'),(204,7,12,'credit','debit','13.46','',42,15,'commission',0,'2012-04-10 14:31:38'),(205,12,2,'credit','debit','45.39','',42,16,'sellprice',0,'2012-04-10 14:32:46'),(206,12,6,'credit','debit','4.49','',42,16,'shipping_handling',0,'2012-04-10 14:32:46'),(207,6,12,'credit','debit','4.49','',42,16,'shipping',0,'2012-04-10 14:32:46'),(208,7,12,'credit','debit','9.53','',42,16,'commission',0,'2012-04-10 14:32:46'),(209,12,2,'credit','debit','45.39','',42,17,'sellprice',0,'2012-04-10 14:34:01'),(210,7,12,'credit','debit','9.53','',42,17,'commission',0,'2012-04-10 14:34:01'),(211,12,2,'credit','debit','44.99','',42,18,'sellprice',0,'2012-04-10 14:35:03'),(212,12,6,'credit','debit','4.98','',42,18,'shipping_handling',0,'2012-04-10 14:35:03'),(213,7,12,'credit','debit','14.45','',42,18,'commission',0,'2012-04-10 14:35:03'),(214,12,2,'credit','debit','44.99','',42,19,'sellprice',0,'2012-04-10 14:36:11'),(215,12,6,'credit','debit','4.49','',42,19,'shipping_handling',0,'2012-04-10 14:36:11'),(216,6,12,'credit','debit','4.49','',42,19,'shipping',0,'2012-04-10 14:36:11'),(217,7,12,'credit','debit','9.47','',42,19,'commission',0,'2012-04-10 14:36:11'),(218,12,2,'credit','debit','44.99','',42,20,'sellprice',0,'2012-04-10 14:37:30'),(219,12,6,'credit','debit','4.49','',42,20,'shipping_handling',0,'2012-04-10 14:37:30'),(220,6,12,'credit','debit','4.49','',42,20,'shipping',0,'2012-04-10 14:37:30'),(221,7,12,'credit','debit','9.47','',42,20,'commission',0,'2012-04-10 14:37:30'),(222,12,2,'credit','debit','45.39','',42,21,'sellprice',0,'2012-04-10 15:06:42'),(223,12,6,'credit','debit','4.98','',42,21,'shipping_handling',0,'2012-04-10 15:06:42'),(224,7,12,'credit','debit','14.51','',42,21,'commission',0,'2012-04-10 15:06:42'),(225,12,2,'credit','debit','45.39','',42,22,'sellprice',0,'2012-04-10 15:13:42'),(226,7,12,'credit','debit','9.53','',42,22,'commission',0,'2012-04-10 15:13:42'),(227,12,2,'credit','debit','45.39','',42,23,'sellprice',0,'2012-04-11 15:15:48'),(228,12,6,'credit','debit','2.39','',42,23,'shipping_handling',0,'2012-04-11 15:15:48'),(229,6,12,'credit','debit','2.39','',42,23,'shipping',0,'2012-04-11 15:15:48'),(230,7,12,'credit','debit','9.53','',42,23,'commission',0,'2012-04-11 15:15:48'),(231,12,2,'credit','debit','45.39','',42,24,'sellprice',0,'2012-04-11 15:16:50'),(232,7,12,'credit','debit','9.53','',42,24,'commission',0,'2012-04-11 15:16:50'),(233,12,2,'credit','debit','45.39','',42,25,'sellprice',0,'2012-04-11 15:18:13'),(234,12,6,'credit','debit','4.49','',42,25,'shipping_handling',0,'2012-04-11 15:18:13'),(235,6,12,'credit','debit','4.49','',42,25,'shipping',0,'2012-04-11 15:18:13'),(236,7,12,'credit','debit','9.53','',42,25,'commission',0,'2012-04-11 15:18:13'),(237,12,2,'credit','debit','45.39','',42,26,'sellprice',0,'2012-04-11 15:19:48'),(238,7,12,'credit','debit','9.53','',42,26,'commission',0,'2012-04-11 15:19:48'),(239,12,2,'credit','debit','45.39','',42,27,'sellprice',0,'2012-04-11 15:20:41'),(240,12,6,'credit','debit','4.49','',42,27,'shipping_handling',0,'2012-04-11 15:20:41'),(241,6,12,'credit','debit','4.49','',42,27,'shipping',0,'2012-04-11 15:20:41'),(242,7,12,'credit','debit','9.53','',42,27,'commission',0,'2012-04-11 15:20:41'),(243,12,2,'credit','debit','44.99','',42,28,'sellprice',0,'2012-04-11 15:21:53'),(244,7,12,'credit','debit','9.47','',42,28,'commission',0,'2012-04-11 15:21:53'),(245,12,2,'credit','debit','45.39','',42,29,'sellprice',0,'2012-04-11 15:22:50'),(246,7,12,'credit','debit','9.53','',42,29,'commission',0,'2012-04-11 15:22:50'),(247,12,2,'credit','debit','45.39','',42,30,'sellprice',0,'2012-04-13 15:24:04'),(248,12,6,'credit','debit','2.74','',42,30,'shipping_handling',0,'2012-04-13 15:24:04'),(249,6,12,'credit','debit','2.74','',42,30,'shipping',0,'2012-04-13 15:24:04'),(250,7,12,'credit','debit','9.53','',42,30,'commission',0,'2012-04-13 15:24:04'),(251,12,2,'credit','debit','44.99','',42,31,'sellprice',0,'2012-04-15 15:25:08'),(252,12,6,'credit','debit','2.16','',42,31,'shipping_handling',0,'2012-04-15 15:25:08'),(253,6,12,'credit','debit','2.16','',42,31,'shipping',0,'2012-04-15 15:25:08'),(254,7,12,'credit','debit','9.47','',42,31,'commission',0,'2012-04-15 15:25:08'),(255,12,2,'credit','debit','45.39','',42,32,'sellprice',0,'2012-04-15 15:26:37'),(256,12,6,'credit','debit','3.42','',42,32,'shipping_handling',0,'2012-04-15 15:26:37'),(257,6,12,'credit','debit','3.42','',42,32,'shipping',0,'2012-04-15 15:26:37'),(258,7,12,'credit','debit','9.53','',42,32,'commission',0,'2012-04-15 15:26:37'),(259,12,2,'credit','debit','49.99','',42,33,'sellprice',0,'2012-04-19 15:28:07'),(260,7,12,'credit','debit','10.22','',42,33,'commission',0,'2012-04-19 15:28:07'),(261,12,2,'credit','debit','49.99','',42,34,'sellprice',0,'2012-05-01 15:29:00'),(262,12,6,'credit','debit','9.98','',42,34,'shipping_handling',0,'2012-05-01 15:29:00'),(263,7,12,'credit','debit','20.20','',42,34,'commission',0,'2012-05-01 15:29:00'),(264,12,2,'credit','debit','49.99','',42,35,'sellprice',0,'2012-03-27 15:42:35'),(265,12,6,'credit','debit','4.99','',42,35,'shipping_handling',0,'2012-03-27 15:42:35'),(266,7,12,'credit','debit','8.00','',42,35,'commission',0,'2012-03-27 15:42:35'),(267,12,2,'credit','debit','54.99','',42,36,'sellprice',0,'2012-05-12 15:44:10'),(268,7,12,'credit','debit','10.99','',42,36,'commission',0,'2012-05-12 15:44:10'),(269,12,2,'credit','debit','54.99','',42,37,'sellprice',0,'2012-05-12 15:45:29'),(270,7,12,'credit','debit','10.99','',42,37,'commission',0,'2012-05-12 15:45:29'),(271,12,2,'credit','debit','51.85','',42,38,'sellprice',0,'2012-05-11 15:46:33'),(272,7,12,'credit','debit','10.52','',42,38,'commission',0,'2012-05-11 15:46:33'),(273,12,2,'credit','debit','51.85','',42,39,'sellprice',0,'2012-05-11 15:47:49'),(274,7,12,'credit','debit','10.52','',42,39,'commission',0,'2012-05-11 15:47:49'),(275,12,2,'credit','debit','51.85','',42,40,'sellprice',0,'2012-05-11 15:48:52'),(276,7,12,'credit','debit','10.52','',42,40,'commission',0,'2012-05-11 15:48:52'),(277,12,2,'credit','debit','51.85','',42,41,'sellprice',0,'2012-05-11 15:50:16'),(278,7,12,'credit','debit','10.52','',42,41,'commission',0,'2012-05-11 15:50:16'),(279,12,2,'credit','debit','51.85','',42,42,'sellprice',0,'2012-05-13 15:51:08'),(280,12,6,'credit','debit','5.58','',42,42,'shipping_handling',0,'2012-05-13 15:51:08'),(281,6,12,'credit','debit','5.58','',42,42,'shipping',0,'2012-05-13 15:51:08'),(282,7,12,'credit','debit','10.52','',42,42,'commission',0,'2012-05-13 15:51:08'),(283,12,2,'credit','debit','103.70','',42,43,'sellprice',0,'2012-05-13 15:52:13'),(284,7,12,'credit','debit','20.04','',42,43,'commission',0,'2012-05-13 15:52:13'),(285,12,2,'credit','debit','51.85','',42,44,'sellprice',0,'2012-05-13 15:54:27'),(286,7,12,'credit','debit','10.52','',42,44,'commission',0,'2012-05-13 15:54:27'),(287,12,2,'credit','debit','51.85','',42,45,'sellprice',0,'2012-05-14 15:55:33'),(288,7,12,'credit','debit','10.52','',42,45,'commission',0,'2012-05-14 15:55:33'),(289,12,2,'credit','debit','51.85','',42,46,'sellprice',0,'2012-06-13 15:56:39'),(290,7,12,'credit','debit','10.52','',42,46,'commission',0,'2012-06-13 15:56:39'),(291,12,2,'credit','debit','51.85','',42,47,'sellprice',0,'2012-05-15 15:57:51'),(292,12,6,'credit','debit','2.51','',42,47,'shipping_handling',0,'2012-05-15 15:57:51'),(293,6,12,'credit','debit','2.51','',42,47,'shipping',0,'2012-05-15 15:57:51'),(294,7,12,'credit','debit','10.52','',42,47,'commission',0,'2012-05-15 15:57:51'),(295,12,2,'credit','debit','51.85','',42,48,'sellprice',0,'2012-05-15 15:59:22'),(296,12,6,'credit','debit','3.99','',42,48,'shipping_handling',0,'2012-05-15 15:59:22'),(297,7,12,'credit','debit','14.51','',42,48,'commission',0,'2012-05-15 15:59:22'),(298,8,2,'credit','debit','576.00','',42,49,'sellprice',0,'2012-03-01 16:40:10'),(299,1,2,'credit','debit','95.00','',42,50,'sellprice',0,'2012-03-01 16:43:34'),(300,1,2,'credit','debit','124.00','',42,51,'sellprice',0,'2012-03-28 16:45:34'),(301,7,1,'credit','debit','7.20','',42,51,'commission',0,'2012-03-28 16:45:34'),(302,7,1,'credit','debit','3.90','',42,51,'financialcharge',0,'2012-03-28 16:45:34'),(303,1,2,'credit','debit','124.00','',42,52,'sellprice',0,'2012-03-28 16:47:27'),(304,7,1,'credit','debit','7.20','',42,52,'commission',0,'2012-03-28 16:47:27'),(305,7,1,'credit','debit','3.90','',42,52,'financialcharge',0,'2012-03-28 16:47:27'),(306,1,2,'credit','debit','360.00','',42,53,'sellprice',0,'2012-03-01 16:52:23'),(307,1,2,'credit','debit','219.50','',42,54,'sellprice',0,'2012-03-13 16:55:08'),(308,6,1,'credit','debit','4.90','',42,54,'shipping',0,'2012-03-13 16:55:08'),(309,7,1,'credit','debit','19.76','',42,54,'commission',0,'2012-03-13 16:55:08'),(310,7,1,'credit','debit','8.86','',42,54,'financialcharge',0,'2012-03-13 16:55:08'),(311,1,2,'credit','debit','220.00','',42,55,'sellprice',0,'2012-03-13 16:56:37'),(312,6,1,'credit','debit','4.90','',42,55,'shipping',0,'2012-03-13 16:56:37'),(313,7,1,'credit','debit','19.80','',42,55,'commission',0,'2012-03-13 16:56:37'),(314,7,1,'credit','debit','6.68','',42,55,'financialcharge',0,'2012-03-13 16:56:37'),(315,1,2,'credit','debit','220.00','',42,56,'sellprice',0,'2012-03-26 16:57:41'),(316,6,1,'credit','debit','4.90','',42,56,'shipping',0,'2012-03-26 16:57:41'),(317,7,1,'credit','debit','15.70','',42,56,'commission',0,'2012-03-26 16:57:41'),(318,7,1,'credit','debit','6.68','',42,56,'financialcharge',0,'2012-03-26 16:57:41'),(319,1,2,'credit','debit','245.00','',42,57,'sellprice',0,'2012-03-26 16:58:56'),(320,6,1,'credit','debit','12.95','',42,57,'shipping',0,'2012-03-26 16:58:56'),(321,7,1,'credit','debit','15.70','',42,57,'commission',0,'2012-03-26 16:58:56'),(322,7,1,'credit','debit','9.86','',42,57,'financialcharge',0,'2012-03-26 16:58:56'),(323,1,2,'credit','debit','400.00','',42,58,'sellprice',0,'2012-03-31 17:12:26'),(324,1,2,'credit','debit','100.00','',42,59,'sellprice',0,'2012-03-27 17:15:01'),(325,1,2,'credit','debit','130.00','',42,60,'sellprice',0,'2012-03-22 17:18:41'),(326,7,1,'credit','debit','7.50','',42,60,'commission',0,'2012-03-22 17:18:41'),(327,7,1,'credit','debit','4.07','',42,60,'financialcharge',0,'2012-03-22 17:18:41'),(328,1,2,'credit','debit','16.99','',42,61,'sellprice',0,'2012-03-22 17:27:52'),(329,7,1,'credit','debit','2.21','',42,61,'commission',0,'2012-03-22 17:27:52'),(330,7,1,'credit','debit','0.79','',42,61,'financialcharge',0,'2012-03-22 17:27:52'),(331,1,2,'credit','debit','16.99','',42,62,'sellprice',0,'2012-03-23 17:30:23'),(332,7,1,'credit','debit','2.21','',42,62,'commission',0,'2012-03-23 17:30:23'),(333,7,1,'credit','debit','0.79','',42,62,'financialcharge',0,'2012-03-23 17:30:23'),(334,1,2,'credit','debit','16.99','',42,63,'sellprice',0,'2012-03-23 17:31:41'),(335,7,1,'credit','debit','2.21','',42,63,'commission',0,'2012-03-23 17:31:41'),(336,7,1,'credit','debit','0.79','',42,63,'financialcharge',0,'2012-03-23 17:31:41'),(337,1,2,'credit','debit','16.99','',42,64,'sellprice',0,'2012-03-24 17:33:00'),(338,6,1,'credit','debit','1.64','',42,64,'shipping',0,'2012-03-24 17:33:00'),(339,7,1,'credit','debit','2.21','',42,64,'commission',0,'2012-03-24 17:33:00'),(340,7,1,'credit','debit','0.79','',42,64,'financialcharge',0,'2012-03-24 17:33:00'),(341,1,2,'credit','debit','16.99','',42,65,'sellprice',0,'2012-03-24 17:34:39'),(342,7,1,'credit','debit','2.21','',42,65,'commission',0,'2012-03-24 17:34:39'),(343,7,1,'credit','debit','0.79','',42,65,'financialcharge',0,'2012-03-24 17:34:39'),(344,1,2,'credit','debit','16.99','',42,66,'sellprice',0,'2012-03-26 17:35:58'),(345,6,1,'credit','debit','1.64','',42,66,'shipping',0,'2012-03-26 17:35:58'),(346,7,1,'credit','debit','2.21','',42,66,'commission',0,'2012-03-26 17:35:58'),(347,7,1,'credit','debit','0.79','',42,66,'financialcharge',0,'2012-03-26 17:35:58'),(348,1,2,'credit','debit','16.99','',42,67,'sellprice',0,'2012-03-26 17:37:03'),(349,7,1,'credit','debit','2.21','',42,67,'commission',0,'2012-03-26 17:37:03'),(350,7,1,'credit','debit','0.79','',42,67,'financialcharge',0,'2012-03-26 17:37:03'),(351,1,2,'credit','debit','16.99','',42,68,'sellprice',0,'2012-04-16 10:26:27'),(352,6,1,'credit','debit','1.64','',42,68,'shipping',0,'2012-04-16 10:26:27'),(353,7,1,'credit','debit','1.19','',42,68,'commission',0,'2012-04-16 10:26:27'),(354,7,1,'credit','debit','0.79','',42,68,'financialcharge',0,'2012-04-16 10:26:27'),(355,1,2,'credit','debit','16.99','',42,69,'sellprice',0,'2012-04-18 10:28:20'),(356,6,1,'credit','debit','1.64','',42,69,'shipping',0,'2012-04-18 10:28:20'),(357,7,1,'credit','debit','1.19','',42,69,'commission',0,'2012-04-18 10:28:20'),(358,7,1,'credit','debit','0.79','',42,69,'financialcharge',0,'2012-04-18 10:28:20'),(359,1,2,'credit','debit','16.99','',42,70,'sellprice',0,'2012-04-20 10:30:02'),(360,6,1,'credit','debit','1.64','',42,70,'shipping',0,'2012-04-20 10:30:02'),(361,7,1,'credit','debit','1.19','',42,70,'commission',0,'2012-04-20 10:30:02'),(362,7,1,'credit','debit','0.79','',42,70,'financialcharge',0,'2012-04-20 10:30:02'),(363,1,2,'credit','debit','16.99','',42,71,'sellprice',0,'2012-04-21 10:31:07'),(364,7,1,'credit','debit','1.19','',42,71,'commission',0,'2012-04-21 10:31:07'),(365,7,1,'credit','debit','0.96','',42,71,'financialcharge',0,'2012-04-21 10:31:07'),(366,1,2,'credit','debit','16.99','',42,72,'sellprice',0,'2012-04-21 10:32:49'),(367,7,1,'credit','debit','1.19','',42,72,'commission',0,'2012-04-21 10:32:49'),(368,7,1,'credit','debit','0.79','',42,72,'financialcharge',0,'2012-04-21 10:32:49'),(369,1,2,'credit','debit','16.99','',42,73,'sellprice',0,'2012-04-22 10:34:01'),(370,7,1,'credit','debit','1.19','',42,73,'commission',0,'2012-04-22 10:34:01'),(371,7,1,'credit','debit','0.79','',42,73,'financialcharge',0,'2012-04-22 10:34:01'),(372,1,2,'credit','debit','16.99','',42,74,'sellprice',0,'2012-04-23 10:35:16'),(373,6,1,'credit','debit','1.64','',42,74,'shipping',0,'2012-04-23 10:35:16'),(374,7,1,'credit','debit','1.19','',42,74,'commission',0,'2012-04-23 10:35:16'),(375,7,1,'credit','debit','0.79','',42,74,'financialcharge',0,'2012-04-23 10:35:16'),(376,1,2,'credit','debit','16.99','',42,75,'sellprice',0,'2012-04-23 10:36:35'),(377,6,1,'credit','debit','1.64','',42,75,'shipping',0,'2012-04-23 10:36:35'),(378,7,1,'credit','debit','1.19','',42,75,'commission',0,'2012-04-23 10:36:35'),(379,7,1,'credit','debit','0.79','',42,75,'financialcharge',0,'2012-04-23 10:36:35'),(380,1,2,'credit','debit','84.95','',42,76,'sellprice',0,'2012-04-24 10:38:30'),(381,6,1,'credit','debit','2.12','',42,76,'shipping',0,'2012-04-24 10:38:30'),(382,7,1,'credit','debit','5.95','',42,76,'commission',0,'2012-04-24 10:38:30'),(383,7,1,'credit','debit','2.76','',42,76,'financialcharge',0,'2012-04-24 10:38:30'),(384,1,2,'credit','debit','16.99','',42,77,'sellprice',0,'2012-04-23 10:43:09'),(385,6,1,'credit','debit','1.64','',42,77,'shipping',0,'2012-04-23 10:43:09'),(386,7,1,'credit','debit','1.19','',42,77,'commission',0,'2012-04-23 10:43:09'),(387,7,1,'credit','debit','0.79','',42,77,'financialcharge',0,'2012-04-23 10:43:09'),(388,1,2,'credit','debit','16.99','',42,78,'sellprice',0,'2012-04-24 10:44:39'),(389,7,1,'credit','debit','1.19','',42,78,'commission',0,'2012-04-24 10:44:39'),(390,7,1,'credit','debit','0.79','',42,78,'financialcharge',0,'2012-04-24 10:44:39'),(391,1,2,'credit','debit','16.99','',42,79,'sellprice',0,'2012-04-25 10:46:50'),(392,6,1,'credit','debit','1.64','',42,79,'shipping',0,'2012-04-25 10:46:50'),(393,7,1,'credit','debit','1.19','',42,79,'commission',0,'2012-04-25 10:46:50'),(394,7,1,'credit','debit','0.79','',42,79,'financialcharge',0,'2012-04-25 10:46:50'),(395,1,2,'credit','debit','16.99','',42,80,'sellprice',0,'2012-04-25 10:49:53'),(396,6,1,'credit','debit','1.64','',42,80,'shipping',0,'2012-04-25 10:49:53'),(397,7,1,'credit','debit','1.19','',42,80,'commission',0,'2012-04-25 10:49:53'),(398,7,1,'credit','debit','0.79','',42,80,'financialcharge',0,'2012-04-25 10:49:53'),(399,1,2,'credit','debit','17.50','',42,81,'sellprice',0,'2012-05-04 10:52:09'),(400,6,1,'credit','debit','1.64','',42,81,'shipping',0,'2012-05-04 10:52:09'),(401,7,1,'credit','debit','1.23','',42,81,'commission',0,'2012-05-04 10:52:09'),(402,7,1,'credit','debit','0.81','',42,81,'financialcharge',0,'2012-05-04 10:52:09'),(403,1,2,'credit','debit','142.91','',42,82,'sellprice',0,'2012-05-10 10:54:41'),(404,6,1,'credit','debit','2.65','',42,82,'shipping',0,'2012-05-10 10:54:41'),(405,7,1,'credit','debit','10.70','',42,82,'commission',0,'2012-05-10 10:54:41'),(406,7,1,'credit','debit','4.73','',42,82,'financialcharge',0,'2012-05-10 10:54:41'),(407,8,2,'credit','debit','3400.00','',42,83,'sellprice',0,'2012-04-13 11:13:31'),(408,1,2,'credit','debit','195.00','',42,84,'sellprice',0,'2012-03-26 11:15:47'),(409,6,1,'credit','debit','11.38','',42,84,'shipping',0,'2012-03-26 11:15:47'),(410,7,1,'credit','debit','17.55','',42,84,'commission',0,'2012-03-26 11:15:47'),(411,7,1,'credit','debit','5.96','',42,84,'financialcharge',0,'2012-03-26 11:15:47'),(412,1,2,'credit','debit','189.99','',42,85,'sellprice',0,'2012-03-26 11:17:38'),(413,7,1,'credit','debit','10.50','',42,85,'commission',0,'2012-03-26 11:17:38'),(414,7,1,'credit','debit','5.81','',42,85,'financialcharge',0,'2012-03-26 11:17:38'),(415,1,2,'credit','debit','949.95','',42,86,'sellprice',0,'2012-03-27 11:19:30'),(416,7,1,'credit','debit','52.50','',42,86,'commission',0,'2012-03-27 11:19:30'),(417,7,1,'credit','debit','27.85','',42,86,'financialcharge',0,'2012-03-27 11:19:30'),(418,10,2,'credit','debit','1239.23','',42,87,'sellprice',0,'2012-04-03 12:08:23'),(419,1,2,'credit','debit','170.00','',42,88,'sellprice',0,'2012-04-03 12:21:10'),(420,8,2,'credit','debit','6920.00','',42,89,'sellprice',0,'2012-04-18 12:28:10'),(421,9,2,'credit','debit','6920.00','',42,90,'sellprice',0,'2012-04-18 12:52:28'),(422,8,2,'credit','debit','40.00','',42,91,'sellprice',0,'2012-02-19 17:13:24'),(423,8,2,'credit','debit','250.00','',42,92,'sellprice',0,'2012-02-19 17:19:32'),(424,8,2,'credit','debit','1472.00','',42,93,'sellprice',0,'2012-05-20 17:29:07'),(425,8,2,'credit','debit','500.00','',42,94,'sellprice',0,'2012-05-23 17:32:51'),(426,9,2,'credit','debit','1200.00','',42,95,'sellprice',0,'2012-05-10 23:53:16'),(427,1,2,'credit','debit','27.00','',42,96,'sellprice',0,'2012-05-14 23:18:34'),(428,6,1,'credit','debit','1.98','',42,96,'shipping',0,'2012-05-14 23:18:34'),(429,7,1,'credit','debit','2.43','',42,96,'commission',0,'2012-05-14 23:18:34'),(430,7,1,'credit','debit','1.08','',42,96,'financialcharge',0,'2012-05-14 23:18:34'),(431,1,2,'credit','debit','6.51','',42,97,'sellprice',0,'2012-03-01 00:54:59'),(432,7,1,'credit','debit','0.86','',42,97,'commission',0,'2012-03-01 00:54:59'),(433,2,8,'credit','debit','158.00','',40,64,'productcost',0,'2012-04-30 16:10:03'),(434,13,8,'credit','debit','10.27','',40,64,'tax',0,'2012-04-30 16:10:03'),(435,7,8,'credit','debit','5.88','',40,64,'commission',0,'2012-04-30 16:10:03'),(436,8,7,'credit','credit','330.00','this is the egift card from walmart, 30*11=330 for the kindle wifi, as jun took the card and register with full price, this 330 is count as payment to personal account by record as fake commission',NULL,NULL,'id',0,'2012-06-19 15:14:14'),(437,4,5,'credit','debit','57.30','monthly payment for april',NULL,NULL,'id',0,'2012-05-03 15:14:14'),(438,2,8,'credit','debit','314.00','',40,65,'productcost',0,'2012-05-19 16:31:12'),(439,2,8,'credit','debit','80.00','',40,66,'productcost',0,'2012-05-22 16:35:14'),(440,4,5,'credit','debit','3304.54','online creditcard payment, for 2011-5',NULL,NULL,'id',0,'2012-06-19 15:14:14'),(441,4,12,'debit','credit','41.01','payment for monthly subscription from creditcard',NULL,NULL,'id',0,'2012-06-10 15:14:14'),(442,4,19,'credit','credit','32.87','credit cackback from march to june 19, \r\nfrom fedex and officemax, etc',NULL,NULL,'id',0,'2012-06-19 16:58:09'),(443,5,11,'debit','credit','53.96','CHECKCARD 0219 CHINA GARDEN WINTER PARK FL 24071052051987194949799\r\n',NULL,NULL,'id',0,'2012-02-21 09:04:47'),(444,12,5,'debit','credit','86.79','AMAZON.COM DES:Retail dis ID:N4QBBTJDDGZLH8F INDN:Fprime solution LLC CO ID:2710\r\n',NULL,NULL,'id',0,'2012-03-21 09:04:47'),(445,12,5,'debit','credit','48.10','AMAZON.COM DES:Retail dis ID:WOBHQQGI5A1RJDL INDN:Fprime solution LLC CO ID:2710\r\n',NULL,NULL,'id',0,'2012-03-21 09:04:47'),(446,12,5,'debit','credit','1352.07','AMAZON.COM DES:Retail dis ID:VGJFAFDT7VUS08G INDN:Fprime solution LLC CO ID:2710\r\n',NULL,NULL,'id',0,'2012-04-08 09:04:47'),(447,12,5,'debit','credit','111.15','AMAZON.COM DES:Retail dis ID:Q6QT5J83W3RK82N INDN:Fprime solution LLC CO ID:2710\r\n',NULL,NULL,'id',0,'2012-05-01 09:04:47'),(448,12,5,'debit','credit','163.49','AMAZON.COM DES:Retail dis ID:F8HN35CXCWYTP2T INDN:Fprime solution LLC CO ID:2710\r\n',NULL,NULL,'id',0,'2012-05-15 09:04:47'),(449,12,5,'debit','credit','870.25','AMAZON.COM DES:Retail dis ID:UJT8FAE7PN0XB0J INDN:Fprime solution LLC CO ID:2710\r\n',NULL,NULL,'id',0,'2012-06-20 09:04:47'),(450,4,6,'debit','credit','18.03','FDX#972254015002070 1-800-622-1147        \r\n',NULL,NULL,'id',0,'2012-04-11 09:04:47'),(451,4,6,'debit','credit','15.10','FDX#972254015002087 1-800-622-1147        \r\n',NULL,NULL,'id',0,'2012-04-18 09:04:47'),(452,4,6,'debit','credit','10.89','FDX#972254015002094 1-800-622-1147        \r\n',NULL,NULL,'id',0,'2012-04-18 09:04:47'),(453,4,6,'debit','credit','16.30','FDX#102342419849960 1-800-622-1147        \r\n',NULL,NULL,'id',0,'2012-04-24 09:04:47'),(454,4,6,'debit','credit','10.94','FDX#972254015002100 1-800-622-1147        \r\n',NULL,NULL,'id',0,'2012-05-22 09:04:47'),(455,5,17,'credit','credit','2500.00','Huangjun Investment',NULL,NULL,'investment',0,'2012-02-29 10:55:40'),(456,1,2,'credit','debit','355.00','',42,98,'sellprice',0,'2012-06-22 09:41:22'),(457,1,2,'credit','debit','426.00','',42,99,'sellprice',0,'2012-06-29 07:45:33'),(458,1,2,'credit','debit','200.00','',42,100,'sellprice',0,'2012-06-29 07:46:58'),(459,10,11,'debit','credit','107.15','                             Qty	Unit price    	total price	RMB	      US\r\nHDMI 				                       191            	30.32\r\n     normal package	7 	         6.8			\r\n     good package	3				\r\n     none package	3				\r\niPhone				                        198	31.43\r\n         usb 3.0	2				\r\n        iphone 3in1	20				\r\n				                                                 286	45.40\r\n				                                                 675	107.15\r\n',NULL,NULL,'id',0,'2012-06-29 07:10:45'),(460,1,2,'credit','debit','1068.00','',42,101,'sellprice',0,'2012-05-11 21:32:42'),(461,1,2,'credit','debit','140.00','',42,102,'sellprice',0,'2012-05-16 21:34:42'),(462,1,2,'credit','debit','60.13','',42,103,'sellprice',0,'2012-05-29 21:39:53'),(463,1,8,'debit','credit','576.00','internal_transfer\r\nfrom: lichen\r\nto: jun xia\r\namount; 576\r\nfor: nike fuel band',NULL,NULL,'internal_transfer',0,'2012-03-01 08:25:48'),(464,5,11,'debit','credit','91.51','likoufu meeting',NULL,NULL,'id',1,'2012-07-11 09:00:27');
/*!40000 ALTER TABLE `financial_transactions` ENABLE KEYS */;
UNLOCK TABLES;

--
-- Table structure for table `inventory_storage`
--

DROP TABLE IF EXISTS `inventory_storage`;
/*!40101 SET @saved_cs_client     = @@character_set_client */;
/*!40101 SET character_set_client = utf8 */;
CREATE TABLE `inventory_storage` (
  `id` int(11) NOT NULL AUTO_INCREMENT,
  `nickname` varchar(32) NOT NULL,
  `address_id` int(11) DEFAULT NULL,
  `owner_id` int(11) DEFAULT NULL,
  PRIMARY KEY (`id`),
  KEY `inventory_storage_b213c1e9` (`address_id`),
  KEY `inventory_storage_5d52dd10` (`owner_id`)
) ENGINE=MyISAM AUTO_INCREMENT=6 DEFAULT CHARSET=utf8;
/*!40101 SET character_set_client = @saved_cs_client */;

--
-- Dumping data for table `inventory_storage`
--

LOCK TABLES `inventory_storage` WRITE;
/*!40000 ALTER TABLE `inventory_storage` DISABLE KEYS */;
INSERT INTO `inventory_storage` VALUES (1,'Li House',NULL,2),(2,'jun xia home',NULL,6),(3,'jun huang house',NULL,3),(4,'amazon FBA',NULL,5),(5,'yulin xiao home',NULL,4);
/*!40000 ALTER TABLE `inventory_storage` ENABLE KEYS */;
UNLOCK TABLES;

--
-- Table structure for table `manufacture_itemproduct`
--

DROP TABLE IF EXISTS `manufacture_itemproduct`;
/*!40101 SET @saved_cs_client     = @@character_set_client */;
/*!40101 SET character_set_client = utf8 */;
CREATE TABLE `manufacture_itemproduct` (
  `id` int(11) NOT NULL AUTO_INCREMENT,
  `longname` varchar(300) NOT NULL,
  `shortname` varchar(80) DEFAULT NULL,
  `modelid` varchar(80) DEFAULT NULL,
  `upc` varchar(80) DEFAULT NULL,
  `manufacturer_id` int(11) NOT NULL,
  `brand` varchar(80) DEFAULT NULL,
  `mainimage_id` int(11) DEFAULT NULL,
  `mainimagepath` varchar(200) DEFAULT NULL,
  `created_on` date NOT NULL,
  PRIMARY KEY (`id`),
  KEY `manufacture_itemproduct_b5380bbf` (`manufacturer_id`),
  KEY `manufacture_itemproduct_525a4139` (`mainimage_id`)
) ENGINE=MyISAM AUTO_INCREMENT=35 DEFAULT CHARSET=utf8;
/*!40101 SET character_set_client = @saved_cs_client */;

--
-- Dumping data for table `manufacture_itemproduct`
--

LOCK TABLES `manufacture_itemproduct` WRITE;
/*!40000 ALTER TABLE `manufacture_itemproduct` DISABLE KEYS */;
INSERT INTO `manufacture_itemproduct` VALUES (1,'Brother HL-2270DW Compact Laser Printer with Wireless Networking and Duplex','Brother HL-2270DW','HL2270DW','12502626749',2,'Brother',NULL,'http://ecx.images-amazon.com/images/I/41RaggnhBzL._SL75_.jpg','2012-06-10'),(2,'Canon MG6120','Canon MG6120','','',3,'',NULL,'http://ecx.images-amazon.com/images/I/414jH8Ma2LL._SL500_AA300_.jpg','2012-06-10'),(3,'Cricket - Muve Samsung Vitality No-Contract Mobile Phone - Red','SCH-r720','SCH-r720','711868000384',4,'cricket',NULL,'http://images.bestbuy.com/BestBuy_US/images/products/3099/3099146_rc.jpg','2012-06-10'),(4,'Epson workforce 645','Epson 645','','',5,'',NULL,'http://ecx.images-amazon.com/images/I/51lDvmxHLtL._SL500_AA300_.jpg','2012-06-10'),(5,'HP P1102w CE657A','HP P1102w','','',6,'',NULL,'http://ecx.images-amazon.com/images/I/41HkDMBwRCL._SL500_AA300_.jpg','2012-06-10'),(6,'Kindle DX, Free 3G, 9.7\" E Ink Display, 3G Works Globally','Kindle DX','B003O86810','',7,'kindle',NULL,'http://g-ecx.images-amazon.com/images/G/01/kindle/nell/photos/hero-top-right-05._V192277648_.jpg','2012-06-10'),(7,'kindle fire','kindle fire','','',7,'',NULL,'http://g-ecx.images-amazon.com/images/G/01/kindle/otter/dp/KO-slate-main-lg-hp._V148620778_.jpg','2012-06-10'),(8,'kindle gift card $25','giftcard 25','','',7,'',NULL,'http://ecx.images-amazon.com/images/I/4101hnEOMJL._AA300_.jpg','2012-06-10'),(9,'Amazon - Kindle Touch 3G with Special Offers','Kindle Touch','B0051890FZS','814916014590',7,'amazon',NULL,'http://images.bestbuy.com/BestBuy_US/images/products/2506/2506182_sc.jpg','2012-06-10'),(10,'kindle wifi','kindle wifi','','',7,'',NULL,'http://g-ecx.images-amazon.com/images/G/01/kindle/tequila/dp/KT-slate-main-lg-hp._V148625831_.jpg','2012-06-10'),(11,'Kodak PlaySport Black Waterproof High-Def Pocket Camcorder, 2.0\" LCD','Kodak PlaySport','PlaySport Black','0004177144210',8,'Kodak',NULL,'http://i.walmartimages.com/i/p/00/04/17/71/44/0004177144210_500X500.jpg','2012-06-10'),(12,'Microsoft - Xbox LIVE 12-Month Gold Membership Card','XBOX 12 MON','12 MON','799366847038',9,'XBOX',NULL,'http://images.bestbuy.com/BestBuy_US/images/products/1272/1272483_sc.jpg','2012-06-10'),(13,'MADDEN 2012','MADDEN 2012','','',10,'',NULL,'http://ecx.images-amazon.com/images/I/61e5qqUcoJL._AA300_.jpg','2012-06-10'),(14,'Nike fuel band','Nike fuel band','','',11,'',NULL,'http://ecx.images-amazon.com/images/I/31XCsoBPTiL._AA300_.jpg','2012-06-10'),(15,'Norelco - Rechargeable Cordless Men\'s Razor - Black','7310XL','7310XL','075020004420',12,'norelco',NULL,'http://images.bestbuy.com/BestBuy_US/images/products/8834/8834844_sc.jpg','2012-06-10'),(16,'Norton 360 V5.0','Norton 360 V5.0','','',13,'',NULL,'http://ecx.images-amazon.com/images/I/51iLbgyPNhL._AA160_.jpg','2012-06-10'),(17,'obi 110','obi 110','','',14,'',NULL,'http://ecx.images-amazon.com/images/I/21V5dT10WVL._SL500_AA300_.jpg','2012-06-10'),(18,'Canon PowerShot SX150 IS 14.1 MP Digital Camera with 12x Wide-Angle Optical Image Stabilized Zoom with 3.0-Inch LCD (Black)','Canon SX150','5664B001','13803140538',3,'Canon',NULL,'http://ecx.images-amazon.com/images/I/51L3eUEUMLL._SL75_.jpg','2012-06-10'),(19,'Samsung Electronics ML-1865W Wireless Monochrome Printer','Samsung ML-1865W','ML-1865W','635753621662',15,'Samsung',NULL,'http://ecx.images-amazon.com/images/I/21H8WWNOGnL._SL75_.jpg','2012-06-10'),(20,'Xbox 360 Wireless Headset with Bluetooth','Xbox 360 Wireless','22J-00001','885370298802',9,'Microsoft',NULL,'http://ecx.images-amazon.com/images/I/41Y0zOo0ydL._SL75_.jpg','2012-06-10'),(21,'Xbox LIVE 3-Month Gold Card','Xbox LIVE 3-Month','','',9,'',NULL,'http://ecx.images-amazon.com/images/I/31xzUr%2BkodL._SL500_AA300_.jpg','2012-06-10'),(22,'itune gift card $100','itune gift card $100','','',17,'',NULL,'http://www.geek.com/wp-content/uploads/2011/06/iTunes_Gift_Card_100.jpg','2012-06-10'),(23,'Diablo III Collector\\\'s Edition (PC/ Mac)','Diablo III Collector','72850','0002062672850',18,'Activision',NULL,'http://i.walmartimages.com/i/p/00/02/06/26/72/0002062672850_500X500.jpg','2012-06-10'),(24,'Panasonic Lumix DMC-GF3CK Kit Black 12.1-megapixel Digital Camera with 14mm Pancake Lens',' Lumix DMC-GF3CK','DMC-GF3CK','885170051744',19,'Panasonic',NULL,'http://ecx.images-amazon.com/images/I/41mMCTkfCfL._SL75_.jpg','2012-06-11'),(25,'Canon EF-S 55-250mm f/4.0-5.6 IS II Telephoto Zoom Lens for Canon Digital SLR Cameras','EF-S 55-250mm f/4.0-5.6 IS II Telephoto','2044B002','662425809073',3,'Canon',NULL,'http://ecx.images-amazon.com/images/I/31YjbRwsusL._SL75_.jpg','2012-06-11'),(26,'Canon EF 75-300mm f/4-5.6 III Telephoto Zoom Lens for Canon SLR Cameras','EF 75-300mm f/4-5.6 III','','',3,'',NULL,'http://ecx.images-amazon.com/images/I/41KD00SN1gL._AA300_PIbundle-1,TopRight,0,0_AA300_SH20_.jpg','2012-06-11'),(27,'Canon EOS Rebel T3 Digital SLR','EOS Rebel T3','B004J3Y9U6','',3,'',NULL,'http://ecx.images-amazon.com/images/I/51ynym0lo3L._AA300_PIbundle-1,TopRight,0,0_AA300_SH20_.jpg','2012-06-11'),(28,'TiffenUV Protection Filter','TiffenUV Protection Filter','B00004ZCJI','',20,'',NULL,'http://ecx.images-amazon.com/images/I/41DmD3sVe0L._AA300_.jpg','2012-06-11'),(29,'Canon EF 70-300mm f/4-5.6 IS USM Lens for Canon EOS SLR Cameras','EF 70-300mm f/4-5.6 IS USM','B0007Y794O','',3,'',NULL,'http://ecx.images-amazon.com/images/I/41ECW2G8TWL._SL500_AA300_.jpg','2012-06-11'),(30,'PlayStation Vita In-ear Headset','PlayStation Vita In-ear Headset','','',21,'',NULL,'http://ecx.images-amazon.com/images/I/41uvc9mXiBL._SL500_AA300_.jpg','2012-06-12'),(31,'Sony PRS-T1 6\" Digital E-Ink Pearl eReader with Wi-Fi (Black)','Sony PRS-T1','','',21,'',NULL,'http://ecx.images-amazon.com/images/I/31wmMchkWML._SL500_AA300_.jpg','2012-06-12'),(32,'Bitdefender Internet Security 2010 - 3 Pc/2 Yr [OLD VERSION]','Bitdefender Internet Security 2010 - 3','NB11032003EN-M2','812813010189',22,'Bitdefender',NULL,'http://ecx.images-amazon.com/images/I/41BSmRjedCL._SL75_.jpg','2012-06-17'),(33,'QuickBooks Online Simple Start','QuickBooks Online Simple Start','417002','28287033771',23,'Intuit, Inc.',NULL,'http://ecx.images-amazon.com/images/I/41bPSlHEP9L._SL75_.jpg','2012-06-18'),(34,'Norton 360 6.0 EN - 1 User/ 3PC','Norton 360 6.0','21218835','37648332316',24,'Symantec',NULL,'http://ecx.images-amazon.com/images/I/51t4sZ-lrtL._SL75_.jpg','2012-06-22');
/*!40000 ALTER TABLE `manufacture_itemproduct` ENABLE KEYS */;
UNLOCK TABLES;

--
-- Table structure for table `manufacture_manufacturer`
--

DROP TABLE IF EXISTS `manufacture_manufacturer`;
/*!40101 SET @saved_cs_client     = @@character_set_client */;
/*!40101 SET character_set_client = utf8 */;
CREATE TABLE `manufacture_manufacturer` (
  `id` int(11) NOT NULL AUTO_INCREMENT,
  `name` varchar(80) NOT NULL,
  `local_store` tinyint(1) NOT NULL,
  `online_store` tinyint(1) NOT NULL,
  `address_id` int(11) DEFAULT NULL,
  `contact_id` int(11) DEFAULT NULL,
  `notes` longtext,
  PRIMARY KEY (`id`),
  KEY `manufacture_manufacturer_b213c1e9` (`address_id`),
  KEY `manufacture_manufacturer_170b8823` (`contact_id`)
) ENGINE=MyISAM AUTO_INCREMENT=25 DEFAULT CHARSET=utf8;
/*!40101 SET character_set_client = @saved_cs_client */;

--
-- Dumping data for table `manufacture_manufacturer`
--

LOCK TABLES `manufacture_manufacturer` WRITE;
/*!40000 ALTER TABLE `manufacture_manufacturer` DISABLE KEYS */;
INSERT INTO `manufacture_manufacturer` VALUES (2,'Brother',1,1,NULL,NULL,''),(3,'Canon',1,1,NULL,NULL,''),(4,'cricket',1,1,NULL,NULL,NULL),(5,'Epson',1,1,NULL,NULL,''),(6,'Hewlett-Pack',1,1,NULL,NULL,''),(7,'Amazon',1,1,NULL,NULL,''),(8,'kodak',1,1,NULL,NULL,NULL),(9,'Microsoft Software',1,1,NULL,NULL,''),(10,'EA SPORTS',1,1,NULL,NULL,''),(11,'Nike',1,1,NULL,NULL,''),(12,'Philip',1,1,NULL,NULL,''),(13,'Norton',1,1,NULL,NULL,''),(14,'obi',1,1,NULL,NULL,''),(15,'Samsung',1,1,NULL,NULL,NULL),(17,'apple',1,1,NULL,NULL,''),(18,'blizzard entertainment',1,1,NULL,NULL,''),(19,'Panasonic',1,1,NULL,NULL,NULL),(20,'Tiffen',1,1,NULL,NULL,''),(21,'sony',1,1,NULL,NULL,''),(22,'Bitdefender',1,1,NULL,NULL,NULL),(23,'Intuit, Inc.',1,1,NULL,NULL,NULL),(24,'Symantec',1,1,NULL,NULL,NULL);
/*!40000 ALTER TABLE `manufacture_manufacturer` ENABLE KEYS */;
UNLOCK TABLES;

--
-- Table structure for table `post_sell_postsell_cost`
--

DROP TABLE IF EXISTS `post_sell_postsell_cost`;
/*!40101 SET @saved_cs_client     = @@character_set_client */;
/*!40101 SET character_set_client = utf8 */;
CREATE TABLE `post_sell_postsell_cost` (
  `id` int(11) NOT NULL AUTO_INCREMENT,
  `postrequest_id` int(11) NOT NULL,
  `restockingfee` decimal(10,2) NOT NULL,
  `tax_chargedback` decimal(10,2) NOT NULL,
  `account_product_tax_id` int(11) NOT NULL,
  `shipping` decimal(10,2) DEFAULT NULL,
  `account_shipping_id` int(11) DEFAULT NULL,
  `shippment_id` int(11) DEFAULT NULL,
  `commission` decimal(10,2) DEFAULT NULL,
  `account_commission_id` int(11) DEFAULT NULL,
  `net_income` decimal(10,2) NOT NULL,
  PRIMARY KEY (`id`),
  UNIQUE KEY `postrequest_id` (`postrequest_id`),
  KEY `post_sell_postsell_cost_7e08ccc0` (`account_product_tax_id`),
  KEY `post_sell_postsell_cost_3f82f3ba` (`account_shipping_id`),
  KEY `post_sell_postsell_cost_450d3ad5` (`shippment_id`),
  KEY `post_sell_postsell_cost_3dda0095` (`account_commission_id`)
) ENGINE=MyISAM DEFAULT CHARSET=utf8;
/*!40101 SET character_set_client = @saved_cs_client */;

--
-- Dumping data for table `post_sell_postsell_cost`
--

LOCK TABLES `post_sell_postsell_cost` WRITE;
/*!40000 ALTER TABLE `post_sell_postsell_cost` DISABLE KEYS */;
/*!40000 ALTER TABLE `post_sell_postsell_cost` ENABLE KEYS */;
UNLOCK TABLES;

--
-- Table structure for table `post_sell_postselldoc`
--

DROP TABLE IF EXISTS `post_sell_postselldoc`;
/*!40101 SET @saved_cs_client     = @@character_set_client */;
/*!40101 SET character_set_client = utf8 */;
CREATE TABLE `post_sell_postselldoc` (
  `id` int(11) NOT NULL AUTO_INCREMENT,
  `postrequest_id` int(11) NOT NULL,
  `type` varchar(50) NOT NULL,
  `date` datetime NOT NULL,
  `doc` varchar(100) NOT NULL,
  PRIMARY KEY (`id`),
  UNIQUE KEY `postrequest_id` (`postrequest_id`)
) ENGINE=MyISAM DEFAULT CHARSET=utf8;
/*!40101 SET character_set_client = @saved_cs_client */;

--
-- Dumping data for table `post_sell_postselldoc`
--

LOCK TABLES `post_sell_postselldoc` WRITE;
/*!40000 ALTER TABLE `post_sell_postselldoc` DISABLE KEYS */;
/*!40000 ALTER TABLE `post_sell_postselldoc` ENABLE KEYS */;
UNLOCK TABLES;

--
-- Table structure for table `post_sell_postsellrequest`
--

DROP TABLE IF EXISTS `post_sell_postsellrequest`;
/*!40101 SET @saved_cs_client     = @@character_set_client */;
/*!40101 SET character_set_client = utf8 */;
CREATE TABLE `post_sell_postsellrequest` (
  `id` int(11) NOT NULL AUTO_INCREMENT,
  `items_id` int(11) NOT NULL,
  `fullfilled` tinyint(1) NOT NULL,
  PRIMARY KEY (`id`),
  KEY `post_sell_postsellrequest_37b7c9ef` (`items_id`)
) ENGINE=MyISAM DEFAULT CHARSET=utf8;
/*!40101 SET character_set_client = @saved_cs_client */;

--
-- Dumping data for table `post_sell_postsellrequest`
--

LOCK TABLES `post_sell_postsellrequest` WRITE;
/*!40000 ALTER TABLE `post_sell_postsellrequest` DISABLE KEYS */;
/*!40000 ALTER TABLE `post_sell_postsellrequest` ENABLE KEYS */;
UNLOCK TABLES;

--
-- Table structure for table `product_availbility_inventory_results`
--

DROP TABLE IF EXISTS `product_availbility_inventory_results`;
/*!40101 SET @saved_cs_client     = @@character_set_client */;
/*!40101 SET character_set_client = utf8 */;
CREATE TABLE `product_availbility_inventory_results` (
  `id` int(11) NOT NULL AUTO_INCREMENT,
  `name` varchar(80) NOT NULL,
  `item_id` int(11) NOT NULL,
  `latest_file` varchar(100) DEFAULT NULL,
  `last_commit` datetime DEFAULT NULL,
  `search_interval` varchar(20) NOT NULL,
  PRIMARY KEY (`id`),
  KEY `product_availbility_inventory_results_67b70d25` (`item_id`)
) ENGINE=MyISAM DEFAULT CHARSET=utf8;
/*!40101 SET character_set_client = @saved_cs_client */;

--
-- Dumping data for table `product_availbility_inventory_results`
--

LOCK TABLES `product_availbility_inventory_results` WRITE;
/*!40000 ALTER TABLE `product_availbility_inventory_results` DISABLE KEYS */;
/*!40000 ALTER TABLE `product_availbility_inventory_results` ENABLE KEYS */;
UNLOCK TABLES;

--
-- Table structure for table `registration_registrationprofile`
--

DROP TABLE IF EXISTS `registration_registrationprofile`;
/*!40101 SET @saved_cs_client     = @@character_set_client */;
/*!40101 SET character_set_client = utf8 */;
CREATE TABLE `registration_registrationprofile` (
  `id` int(11) NOT NULL AUTO_INCREMENT,
  `user_id` int(11) NOT NULL,
  `activation_key` varchar(40) NOT NULL,
  PRIMARY KEY (`id`),
  UNIQUE KEY `user_id` (`user_id`)
) ENGINE=MyISAM DEFAULT CHARSET=utf8;
/*!40101 SET character_set_client = @saved_cs_client */;

--
-- Dumping data for table `registration_registrationprofile`
--

LOCK TABLES `registration_registrationprofile` WRITE;
/*!40000 ALTER TABLE `registration_registrationprofile` DISABLE KEYS */;
/*!40000 ALTER TABLE `registration_registrationprofile` ENABLE KEYS */;
UNLOCK TABLES;

--
-- Table structure for table `sellings_sell_cost`
--

DROP TABLE IF EXISTS `sellings_sell_cost`;
/*!40101 SET @saved_cs_client     = @@character_set_client */;
/*!40101 SET character_set_client = utf8 */;
CREATE TABLE `sellings_sell_cost` (
  `id` int(11) NOT NULL AUTO_INCREMENT,
  `sellingrequest_id` int(11) NOT NULL,
  `sellprice` decimal(10,2) NOT NULL,
  `tax_charged` decimal(10,2) NOT NULL,
  `shipping_handling` decimal(10,2) NOT NULL,
  `account_product_tax_id` int(11) NOT NULL,
  `shipping` decimal(10,2) DEFAULT NULL,
  `account_shipping_id` int(11) DEFAULT NULL,
  `shippment_id` int(11) DEFAULT NULL,
  `financialcharge` decimal(10,2) DEFAULT NULL,
  `account_financial_id` int(11) DEFAULT NULL,
  `commission` decimal(10,2) DEFAULT NULL,
  `account_commission_id` int(11) DEFAULT NULL,
  `net_income` decimal(10,2) DEFAULT NULL,
  PRIMARY KEY (`id`),
  UNIQUE KEY `sellingrequest_id` (`sellingrequest_id`),
  KEY `sellings_sell_cost_7e08ccc0` (`account_product_tax_id`),
  KEY `sellings_sell_cost_3f82f3ba` (`account_shipping_id`),
  KEY `sellings_sell_cost_450d3ad5` (`shippment_id`),
  KEY `sellings_sell_cost_c93cca4c` (`account_financial_id`),
  KEY `sellings_sell_cost_3dda0095` (`account_commission_id`)
) ENGINE=MyISAM AUTO_INCREMENT=104 DEFAULT CHARSET=utf8;
/*!40101 SET character_set_client = @saved_cs_client */;

--
-- Dumping data for table `sellings_sell_cost`
--

LOCK TABLES `sellings_sell_cost` WRITE;
/*!40000 ALTER TABLE `sellings_sell_cost` DISABLE KEYS */;
INSERT INTO `sellings_sell_cost` VALUES (1,1,'34.99','0.00','3.99',12,'3.35',NULL,NULL,'6.71',NULL,'6.60',NULL,NULL),(2,2,'44.99','0.00','2.16',12,'0.00',NULL,NULL,'2.16',NULL,'9.47',NULL,NULL),(3,6,'44.99','0.00','4.49',12,'4.49',NULL,NULL,'0.00',NULL,'9.47',NULL,NULL),(4,7,'44.99','0.00','2.16',12,'2.16',NULL,NULL,'0.00',NULL,'9.47',NULL,NULL),(5,8,'44.99','0.00','0.00',12,'0.00',NULL,NULL,'0.00',NULL,'9.47',NULL,NULL),(6,9,'44.99','0.00','4.98',12,'0.00',NULL,NULL,'0.00',NULL,'14.45',NULL,NULL),(7,10,'44.99','0.00','4.98',12,'0.00',NULL,NULL,'0.00',NULL,'14.45',NULL,NULL),(8,11,'44.99','0.00','0.00',12,'0.00',NULL,NULL,'0.00',NULL,'9.47',NULL,NULL),(9,12,'44.99','0.00','0.00',12,'0.00',NULL,NULL,'0.00',NULL,'9.47',NULL,NULL),(10,13,'44.99','0.00','0.00',12,'0.00',NULL,NULL,'0.00',NULL,'9.47',NULL,NULL),(11,14,'44.99','0.00','0.00',12,'0.00',NULL,NULL,'0.00',NULL,'9.47',NULL,NULL),(12,15,'44.99','0.00','0.00',12,'0.00',NULL,NULL,'0.00',NULL,'9.47',NULL,NULL),(13,16,'44.99','0.00','3.99',12,'0.00',NULL,NULL,'0.00',NULL,'13.46',NULL,NULL),(14,17,'44.99','0.00','3.99',12,'0.00',NULL,NULL,'0.00',NULL,'13.46',NULL,NULL),(15,18,'44.99','0.00','3.99',12,'0.00',NULL,NULL,'0.00',NULL,'13.46',NULL,NULL),(16,19,'45.39','0.00','4.49',12,'4.49',NULL,NULL,'0.00',NULL,'9.53',NULL,NULL),(17,20,'45.39','0.00','0.00',12,'0.00',NULL,NULL,'0.00',NULL,'9.53',NULL,NULL),(18,21,'44.99','0.00','4.98',12,'0.00',NULL,NULL,'0.00',NULL,'14.45',NULL,NULL),(19,22,'44.99','0.00','4.49',12,'4.49',NULL,NULL,'0.00',NULL,'9.47',NULL,NULL),(20,23,'44.99','0.00','4.49',12,'4.49',NULL,NULL,'0.00',NULL,'9.47',NULL,NULL),(21,24,'45.39','0.00','4.98',12,'0.00',NULL,NULL,'0.00',NULL,'14.51',NULL,NULL),(22,25,'45.39','0.00','0.00',12,'0.00',NULL,NULL,'0.00',NULL,'9.53',NULL,NULL),(23,26,'45.39','0.00','2.39',12,'2.39',NULL,NULL,'0.00',NULL,'9.53',NULL,NULL),(24,27,'45.39','0.00','0.00',12,'0.00',NULL,NULL,'0.00',NULL,'9.53',NULL,NULL),(25,28,'45.39','0.00','4.49',12,'4.49',NULL,NULL,'0.00',NULL,'9.53',NULL,NULL),(26,29,'45.39','0.00','0.00',12,'0.00',NULL,NULL,'0.00',NULL,'9.53',NULL,NULL),(27,30,'45.39','0.00','4.49',12,'4.49',NULL,NULL,'0.00',NULL,'9.53',NULL,NULL),(28,31,'44.99','0.00','0.00',12,'0.00',NULL,NULL,'0.00',NULL,'9.47',NULL,NULL),(29,32,'45.39','0.00','0.00',12,'0.00',NULL,NULL,'0.00',NULL,'9.53',NULL,NULL),(30,33,'45.39','0.00','2.74',12,'2.74',NULL,NULL,'0.00',NULL,'9.53',NULL,NULL),(31,34,'44.99','0.00','2.16',12,'2.16',NULL,NULL,'0.00',NULL,'9.47',NULL,NULL),(32,35,'45.39','0.00','3.42',12,'3.42',NULL,NULL,'0.00',NULL,'9.53',NULL,NULL),(33,36,'49.99','0.00','0.00',12,'0.00',NULL,NULL,'0.00',NULL,'10.22',NULL,NULL),(34,37,'49.99','0.00','9.98',12,'0.00',NULL,NULL,'0.00',NULL,'20.20',NULL,NULL),(35,38,'49.99','0.00','4.99',12,'0.00',NULL,NULL,'0.00',NULL,'8.00',NULL,NULL),(36,39,'54.99','0.00','0.00',12,'0.00',NULL,NULL,'0.00',NULL,'10.99',NULL,NULL),(37,40,'54.99','0.00','0.00',12,'0.00',NULL,NULL,'0.00',NULL,'10.99',NULL,NULL),(38,41,'51.85','0.00','0.00',12,'0.00',NULL,NULL,'0.00',NULL,'10.52',NULL,NULL),(39,42,'51.85','0.00','0.00',12,'0.00',NULL,NULL,'0.00',NULL,'10.52',NULL,NULL),(40,43,'51.85','0.00','0.00',12,'0.00',NULL,NULL,'0.00',NULL,'10.52',NULL,NULL),(41,44,'51.85','0.00','0.00',12,'0.00',NULL,NULL,'0.00',NULL,'10.52',NULL,NULL),(42,45,'51.85','0.00','5.58',12,'5.58',NULL,NULL,'0.00',NULL,'10.52',NULL,NULL),(43,46,'103.70','0.00','0.00',12,'0.00',NULL,NULL,'0.00',NULL,'20.04',NULL,NULL),(44,47,'51.85','0.00','0.00',12,'0.00',NULL,NULL,'0.00',NULL,'10.52',NULL,NULL),(45,48,'51.85','0.00','0.00',12,'0.00',NULL,NULL,'0.00',NULL,'10.52',NULL,NULL),(46,49,'51.85','0.00','0.00',12,'0.00',NULL,NULL,'0.00',NULL,'10.52',NULL,NULL),(47,50,'51.85','0.00','2.51',12,'2.51',NULL,NULL,'0.00',NULL,'10.52',NULL,NULL),(48,51,'51.85','0.00','3.99',12,'0.00',NULL,NULL,'0.00',NULL,'14.51',NULL,NULL),(49,52,'576.00','0.00','0.00',8,'0.00',NULL,NULL,'0.00',NULL,'0.00',NULL,NULL),(50,53,'95.00','0.00','0.00',1,'0.00',NULL,NULL,'0.00',NULL,'0.00',NULL,NULL),(51,54,'124.00','0.00','0.00',1,'0.00',NULL,NULL,'3.90',1,'7.20',NULL,NULL),(52,55,'124.00','0.00','0.00',1,'0.00',NULL,NULL,'3.90',1,'7.20',NULL,NULL),(53,56,'360.00','0.00','0.00',1,'0.00',NULL,NULL,'0.00',NULL,'0.00',NULL,NULL),(54,57,'219.50','0.00','0.00',1,'4.90',NULL,NULL,'8.86',NULL,'19.76',NULL,NULL),(55,58,'220.00','0.00','0.00',1,'4.90',NULL,NULL,'6.68',NULL,'19.80',NULL,NULL),(56,59,'220.00','0.00','0.00',1,'4.90',NULL,NULL,'6.68',NULL,'15.70',NULL,NULL),(57,60,'245.00','0.00','0.00',1,'12.95',NULL,NULL,'9.86',NULL,'15.70',NULL,NULL),(58,61,'400.00','0.00','0.00',1,'0.00',NULL,NULL,'0.00',NULL,'0.00',NULL,NULL),(59,62,'100.00','0.00','0.00',1,'0.00',NULL,NULL,'0.00',NULL,'0.00',NULL,NULL),(60,63,'130.00','0.00','0.00',1,'0.00',NULL,NULL,'4.07',NULL,'7.50',NULL,NULL),(61,64,'16.99','0.00','0.00',1,'0.00',NULL,NULL,'0.79',NULL,'2.21',NULL,NULL),(62,65,'16.99','0.00','0.00',1,'0.00',NULL,NULL,'0.79',NULL,'2.21',NULL,NULL),(63,66,'16.99','0.00','0.00',1,'0.00',NULL,NULL,'0.79',NULL,'2.21',NULL,NULL),(64,67,'16.99','0.00','0.00',1,'1.64',1,NULL,'0.79',NULL,'2.21',NULL,NULL),(65,68,'16.99','0.00','0.00',1,'0.00',NULL,NULL,'0.79',NULL,'2.21',NULL,NULL),(66,69,'16.99','0.00','0.00',1,'1.64',1,NULL,'0.79',NULL,'2.21',NULL,NULL),(67,70,'16.99','0.00','0.00',1,'0.00',NULL,NULL,'0.79',NULL,'2.21',NULL,NULL),(68,71,'16.99','0.00','0.00',1,'1.64',NULL,NULL,'0.79',NULL,'1.19',NULL,NULL),(69,72,'16.99','0.00','0.00',1,'1.64',NULL,NULL,'0.79',NULL,'1.19',NULL,NULL),(70,73,'16.99','0.00','0.00',1,'1.64',NULL,NULL,'0.79',NULL,'1.19',NULL,NULL),(71,74,'16.99','0.00','0.00',1,'0.00',NULL,NULL,'0.96',NULL,'1.19',NULL,NULL),(72,75,'16.99','0.00','0.00',1,'0.00',NULL,NULL,'0.79',NULL,'1.19',NULL,NULL),(73,76,'16.99','0.00','0.00',1,'0.00',NULL,NULL,'0.79',NULL,'1.19',NULL,NULL),(74,77,'16.99','0.00','0.00',1,'1.64',NULL,NULL,'0.79',NULL,'1.19',NULL,NULL),(75,78,'16.99','0.00','0.00',1,'1.64',NULL,NULL,'0.79',NULL,'1.19',NULL,NULL),(76,79,'84.95','0.00','0.00',1,'2.12',NULL,NULL,'2.76',NULL,'5.95',NULL,NULL),(77,80,'16.99','0.00','0.00',1,'1.64',NULL,NULL,'0.79',NULL,'1.19',NULL,NULL),(78,81,'16.99','0.00','0.00',1,'0.00',NULL,NULL,'0.79',NULL,'1.19',NULL,NULL),(79,82,'16.99','0.00','0.00',1,'1.64',NULL,NULL,'0.79',NULL,'1.19',NULL,NULL),(80,83,'16.99','0.00','0.00',1,'1.64',NULL,NULL,'0.79',NULL,'1.19',NULL,NULL),(81,84,'17.50','0.00','0.00',1,'1.64',NULL,NULL,'0.81',NULL,'1.23',NULL,NULL),(82,85,'142.91','0.00','0.00',1,'2.65',NULL,NULL,'4.73',NULL,'10.70',NULL,NULL),(83,86,'3400.00','0.00','0.00',8,'0.00',NULL,NULL,'0.00',NULL,'0.00',NULL,NULL),(84,87,'195.00','0.00','0.00',1,'11.38',NULL,NULL,'5.96',NULL,'17.55',NULL,NULL),(85,88,'189.99','0.00','0.00',1,'0.00',NULL,NULL,'5.81',NULL,'10.50',NULL,NULL),(86,89,'949.95','0.00','0.00',1,'0.00',NULL,NULL,'27.85',NULL,'52.50',NULL,NULL),(87,90,'1239.23','0.00','0.00',10,'0.00',NULL,NULL,'0.00',NULL,'0.00',NULL,NULL),(88,91,'170.00','0.00','0.00',1,'0.00',NULL,NULL,'0.00',NULL,'0.00',NULL,NULL),(89,92,'6920.00','0.00','0.00',8,'0.00',NULL,NULL,'0.00',NULL,'0.00',NULL,NULL),(90,93,'6920.00','0.00','0.00',9,'0.00',NULL,NULL,'0.00',NULL,'0.00',NULL,NULL),(91,94,'40.00','0.00','0.00',8,'0.00',NULL,NULL,'0.00',NULL,'0.00',NULL,NULL),(92,95,'250.00','0.00','0.00',8,'0.00',NULL,NULL,'0.00',NULL,'0.00',NULL,NULL),(93,96,'1472.00','0.00','0.00',8,'0.00',NULL,NULL,'0.00',NULL,'0.00',NULL,NULL),(94,97,'500.00','0.00','0.00',8,'0.00',NULL,NULL,'0.00',NULL,'0.00',NULL,NULL),(95,98,'1200.00','0.00','0.00',9,'0.00',NULL,NULL,'0.00',NULL,'0.00',NULL,NULL),(96,99,'27.00','0.00','0.00',1,'1.98',NULL,NULL,'1.08',NULL,'2.43',NULL,NULL),(97,100,'6.51','0.00','0.00',1,'0.00',NULL,NULL,'0.00',NULL,'0.86',NULL,NULL),(98,101,'355.00','0.00','0.00',1,'0.00',NULL,NULL,'0.00',NULL,'0.00',NULL,NULL),(99,102,'426.00','0.00','0.00',1,'0.00',NULL,NULL,'0.00',NULL,'0.00',NULL,NULL),(100,103,'200.00','0.00','0.00',1,'0.00',NULL,NULL,'0.00',NULL,'0.00',NULL,NULL),(101,104,'1068.00','0.00','0.00',1,'0.00',NULL,NULL,'0.00',NULL,'0.00',NULL,NULL),(102,105,'140.00','0.00','0.00',1,'0.00',NULL,NULL,'0.00',NULL,'0.00',NULL,NULL),(103,106,'60.13','0.00','0.00',1,'0.00',NULL,NULL,'0.00',NULL,'0.00',NULL,NULL);
/*!40000 ALTER TABLE `sellings_sell_cost` ENABLE KEYS */;
UNLOCK TABLES;

--
-- Table structure for table `sellings_selldoc`
--

DROP TABLE IF EXISTS `sellings_selldoc`;
/*!40101 SET @saved_cs_client     = @@character_set_client */;
/*!40101 SET character_set_client = utf8 */;
CREATE TABLE `sellings_selldoc` (
  `id` int(11) NOT NULL AUTO_INCREMENT,
  `sellingrequest_id` int(11) NOT NULL,
  `type` varchar(50) NOT NULL,
  `date` datetime NOT NULL,
  `doc` varchar(100) NOT NULL,
  PRIMARY KEY (`id`),
  KEY `sellings_selldoc_2d4fe5f3` (`sellingrequest_id`)
) ENGINE=MyISAM AUTO_INCREMENT=3 DEFAULT CHARSET=utf8;
/*!40101 SET character_set_client = @saved_cs_client */;

--
-- Dumping data for table `sellings_selldoc`
--

LOCK TABLES `sellings_selldoc` WRITE;
/*!40000 ALTER TABLE `sellings_selldoc` DISABLE KEYS */;
INSERT INTO `sellings_selldoc` VALUES (2,101,'picture-sn','2012-06-22 09:49:51','doc/sell/2012/06/22/photo1_1.JPG');
/*!40000 ALTER TABLE `sellings_selldoc` ENABLE KEYS */;
UNLOCK TABLES;

--
-- Table structure for table `sellings_sellingplatform`
--

DROP TABLE IF EXISTS `sellings_sellingplatform`;
/*!40101 SET @saved_cs_client     = @@character_set_client */;
/*!40101 SET character_set_client = utf8 */;
CREATE TABLE `sellings_sellingplatform` (
  `id` int(11) NOT NULL AUTO_INCREMENT,
  `name` varchar(200) NOT NULL,
  `note` longtext NOT NULL,
  PRIMARY KEY (`id`)
) ENGINE=MyISAM AUTO_INCREMENT=6 DEFAULT CHARSET=utf8;
/*!40101 SET character_set_client = @saved_cs_client */;

--
-- Dumping data for table `sellings_sellingplatform`
--

LOCK TABLES `sellings_sellingplatform` WRITE;
/*!40000 ALTER TABLE `sellings_sellingplatform` DISABLE KEYS */;
INSERT INTO `sellings_sellingplatform` VALUES (1,'Amazon primeoutlet FBA','n'),(2,'mitbbs','mitbbs'),(3,'ebay-pprime electronics','a'),(4,'China-Yulin Friend','as'),(5,'Craigslist-Orlando','dd');
/*!40000 ALTER TABLE `sellings_sellingplatform` ENABLE KEYS */;
UNLOCK TABLES;

--
-- Table structure for table `sellings_sellingplatformslot`
--

DROP TABLE IF EXISTS `sellings_sellingplatformslot`;
/*!40101 SET @saved_cs_client     = @@character_set_client */;
/*!40101 SET character_set_client = utf8 */;
CREATE TABLE `sellings_sellingplatformslot` (
  `id` int(11) NOT NULL AUTO_INCREMENT,
  `request_id` int(11) NOT NULL,
  `platform_id` int(11) NOT NULL,
  `url` varchar(250) DEFAULT NULL,
  `createdon` datetime DEFAULT NULL,
  `orderon` datetime DEFAULT NULL,
  `order_id` varchar(1000) DEFAULT NULL,
  `note` longtext,
  PRIMARY KEY (`id`),
  KEY `sellings_sellingplatformslot_792812e8` (`request_id`),
  KEY `sellings_sellingplatformslot_d1a43793` (`platform_id`)
) ENGINE=MyISAM AUTO_INCREMENT=105 DEFAULT CHARSET=utf8;
/*!40101 SET character_set_client = @saved_cs_client */;

--
-- Dumping data for table `sellings_sellingplatformslot`
--

LOCK TABLES `sellings_sellingplatformslot` WRITE;
/*!40000 ALTER TABLE `sellings_sellingplatformslot` DISABLE KEYS */;
INSERT INTO `sellings_sellingplatformslot` VALUES (1,1,1,'http://www.amazon.com/','2012-06-13 11:27:54','2012-03-25 11:27:54','105-5089200-2849836','m'),(2,2,1,'http://www.amazon.com/','2012-06-13 11:37:38','2012-04-07 11:37:20','105-4555413-2190669','n'),(3,6,1,'http://www.amazon.com/','2012-06-13 14:17:30','2012-04-07 14:16:41','002-4827922-4193820',''),(4,7,1,'http://www.amazon.com/','2012-06-13 14:19:07','2012-04-08 14:18:07','105-8786512-9763426',''),(5,8,1,'http://www.amazon.com/','2012-06-13 14:20:24','2012-04-09 14:19:50','102-4223885-3231465',''),(6,9,1,'http://www.amazon.com/','2012-06-13 14:22:03','2012-04-09 14:21:14','002-8868766-1165838',''),(7,10,1,'http://www.amazon.com/','2012-06-13 14:23:38','2012-04-09 14:23:10','103-6003977-6090645',''),(8,11,1,'http://www.amazon.com/','2012-06-13 14:25:02','2012-04-09 14:24:18','002-9704774-1879447',''),(9,12,1,'http://www.amazon.com/','2012-06-13 14:25:57','2012-04-09 14:25:29','102-4330331-1716249',''),(10,13,1,'http://www.amazon.com/','2012-06-13 14:26:40','2012-04-09 14:26:15','105-0917241-3409865',''),(11,14,1,'http://www.amazon.com/','2012-06-13 14:27:50','2012-04-09 14:27:17','103-2005516-0691446',''),(12,15,1,'http://www.amazon.com/','2012-06-13 14:28:43','2012-04-09 14:28:20','103-4583965-5985013',''),(13,16,1,'http://www.amazon.com/','2012-06-13 14:29:42','2012-04-09 14:29:06','103-4602287-1204209',''),(14,17,1,'http://www.amazon.com/','2012-06-13 14:30:50','2012-04-09 14:30:21','105-0753071-6554618',''),(15,18,1,'http://www.amazon.com/','2012-06-13 14:32:14','2012-04-10 14:31:38','104-2963493-2721033',''),(16,19,1,'http://www.amazon.com/','2012-06-13 14:33:24','2012-04-10 14:32:46','105-6219853-2938602',''),(17,20,1,'http://www.amazon.com/','2012-06-13 14:34:37','2012-04-10 14:34:01','102-6466178-2321037',''),(18,21,1,'http://www.amazon.com/','2012-06-13 14:35:41','2012-04-10 14:35:03','102-3489256-7293029',''),(19,22,1,'http://www.amazon.com/','2012-06-13 14:36:49','2012-04-10 14:36:11','105-2540310-1215452',''),(20,23,1,'http://www.amazon.com/','2012-06-13 14:38:09','2012-04-10 14:37:30','102-3435949-3709001',''),(21,24,1,'http://www.amazon.com/','2012-06-13 15:07:29','2012-04-10 15:06:42','103-8213836-5474655','b'),(22,25,1,'http://www.amazon.com/','2012-06-13 15:14:36','2012-04-10 15:13:42','103-3169894-4523418',''),(23,26,1,'http://www.amazon.com/','2012-06-13 15:16:21','2012-04-11 15:15:48','103-1413079-4418641',''),(24,27,1,'http://www.amazon.com/','2012-06-13 15:17:16','2012-04-11 15:16:50','103-9456705-4418652',''),(25,28,1,'http://www.amazon.com/','2012-06-13 15:18:42','2012-04-11 15:18:13','104-7856151-6978661',''),(26,29,1,'http://www.amazon.com/','2012-06-13 15:20:13','2012-04-11 15:19:48','102-0819045-9374655',''),(27,30,1,'http://www.amazon.com/','2012-06-13 15:21:23','2012-04-11 15:20:41','105-6036456-8108232',''),(28,31,1,'http://www.amazon.com/','2012-06-13 15:22:26','2012-04-11 15:21:53','103-8291609-5997849',''),(29,32,1,'http://www.amazon.com/','2012-06-13 15:23:14','2012-04-11 15:22:50','103-9675273-1883410',''),(30,33,1,'http://www.amazon.com/','2012-06-13 15:24:36','2012-04-13 15:24:04','104-1245829-7046657',''),(31,34,1,'http://www.amazon.com/','2012-06-13 15:25:54','2012-04-15 15:25:08','104-3640944-4815451',''),(32,35,1,'http://www.amazon.com/','2012-06-13 15:27:10','2012-04-15 15:26:37','105-3358894-8267454',''),(33,36,1,'http://www.amazon.com/','2012-06-13 15:28:31','2012-04-19 15:28:07','105-6595634-8735411',''),(34,37,1,'http://www.amazon.com/','2012-06-13 15:29:36','2012-05-01 15:29:00','103-2402338-0133826',''),(35,38,1,'http://www.amazon.com/','2012-06-13 15:43:28','2012-03-27 15:42:35','104-6388917-2101808',''),(36,39,1,'http://www.amazon.com/','2012-06-13 15:44:49','2012-05-12 15:44:10','002-4542929-4849005',''),(37,40,1,'http://www.amazon.com/','2012-06-13 15:45:56','2012-05-12 15:45:29','102-0213998-2013037',''),(38,41,1,'http://www.amazon.com/','2012-06-13 15:47:14','2012-05-11 15:46:33','105-5772890-1318653',''),(39,42,1,'http://www.amazon.com/','2012-06-13 15:48:12','2012-05-11 15:47:49','104-6980170-1656255',''),(40,43,1,'http://www.amazon.com/','2012-06-13 15:49:19','2012-05-11 15:48:52','102-0476206-8249809',''),(41,44,1,'http://www.amazon.com/','2012-06-13 15:50:40','2012-05-11 15:50:16','104-0033965-1670659',''),(42,45,1,'http://www.amazon.com/','2012-06-13 15:51:38','2012-05-13 15:51:08','002-0562173-2245018',''),(43,46,1,'http://www.amazon.com/','2012-06-13 15:53:05','2012-05-13 15:52:13','102-9578586-3611418',''),(44,47,1,'http://www.amazon.com/','2012-06-13 15:54:55','2012-05-13 15:54:27','103-3415973-2243423',''),(45,48,1,'http://www.amazon.com/','2012-06-13 15:56:05','2012-05-14 15:55:33','102-7364597-2077824',''),(46,49,1,'http://www.amazon.com/','2012-06-13 15:57:02','2012-06-13 15:56:39','103-6084887-9617828',''),(47,50,1,'http://www.amazon.com/','2012-06-13 15:58:23','2012-05-15 15:57:51','105-7242370-0486668',''),(48,51,1,'http://www.amazon.com/','2012-06-13 15:59:53','2012-05-15 15:59:22','002-1207859-2941815',''),(49,52,2,'http://mitbbs.com/','2012-06-13 16:40:58','2012-03-01 16:40:10','00000000',''),(50,53,2,'http://mitbbs.com/','2012-06-13 16:43:53','2012-03-01 16:43:34','00000000',''),(51,54,3,'http://www.ebay.com/','2012-06-13 16:46:11','2012-03-28 16:45:34','190659357660',''),(52,55,3,'http://www.ebay.com/','2012-06-13 16:47:44','2012-03-28 16:47:27','190659357660',''),(53,56,2,'http://mitbbs.com/','2012-06-13 16:52:29','2012-03-01 16:52:23','00000000',''),(54,57,3,'http://www.ebay.com/','2012-06-13 16:55:57','2012-03-13 16:55:08','190649641567',''),(55,58,3,'http://www.ebay.com/','2012-06-13 16:57:08','2012-03-13 16:56:37','190649641757',''),(56,59,3,'http://www.ebay.com/','2012-06-13 16:58:04','2012-03-26 16:57:41','190657036924',''),(57,60,3,'http://www.ebay.com/','2012-06-13 16:59:35','2012-03-26 16:58:56','190657040551',''),(58,61,2,'http://mitbbs.com/','2012-06-13 17:12:36','2012-03-31 17:12:26','00000000',''),(59,62,2,'http://mitbbs.com/','2012-06-13 17:15:21','2012-03-27 17:15:01','00000000',''),(60,63,3,'http://www.ebay.com/','2012-06-13 17:19:22','2012-03-22 17:18:41','190656555580',''),(61,64,3,'http://www.ebay.com/','2012-06-13 17:29:23','2012-03-22 17:27:52','190657044591',''),(62,65,3,'http://www.ebay.com/','2012-06-13 17:31:00','2012-03-23 17:30:23','190657044591',''),(63,66,3,'http://www.ebay.com/','2012-06-13 17:32:13','2012-03-23 17:31:41','190657044591',''),(64,67,3,'http://www.ebay.com/','2012-06-13 17:33:45','2012-03-24 17:33:00','190657044591',''),(65,68,3,'http://www.ebay.com/','2012-06-13 17:35:16','2012-03-24 17:34:39','190657044591',''),(66,69,3,'http://www.ebay.com/','2012-06-13 17:36:26','2012-03-26 17:35:58','190657044591',''),(67,70,3,'http://www.ebay.com/','2012-06-13 17:37:36','2012-03-26 17:37:03','190657044591',''),(68,71,3,'http://www.ebay.com/','2012-06-14 10:27:05','2012-04-16 10:26:27','190667165878',''),(69,72,3,'http://www.ebay.com/','2012-06-14 10:29:12','2012-04-18 10:28:20','190667165878',''),(70,73,3,'http://www.ebay.com/','2012-06-14 10:30:27','2012-04-20 10:30:02','190667165878',''),(71,74,3,'http://www.ebay.com/','2012-06-14 10:31:36','2012-04-21 10:31:07','190667165878',''),(72,75,3,'http://www.ebay.com/','2012-06-14 10:33:16','2012-04-21 10:32:49','190667165878',''),(73,76,3,'http://www.ebay.com/','2012-06-14 10:34:25','2012-04-22 10:34:01','190667165878',''),(74,77,3,'http://www.ebay.com/','2012-06-14 10:35:41','2012-04-23 10:35:16','190667165878',''),(75,78,3,'http://www.ebay.com/','2012-06-14 10:37:01','2012-04-23 10:36:35','190667165878',''),(76,79,3,'http://www.ebay.com/','2012-06-14 10:39:05','2012-04-24 10:38:30','190670115538',''),(77,80,3,'http://www.ebay.com/','2012-06-14 10:43:46','2012-04-23 10:43:09','190667165878',''),(78,81,3,'http://www.ebay.com/','2012-06-14 10:45:09','2012-04-24 10:44:39','190670115538',''),(79,82,3,'http://www.ebay.com/','2012-06-14 10:47:09','2012-04-25 10:46:50','190670115538',''),(80,83,3,'http://www.ebay.com/','2012-06-14 10:50:09','2012-04-25 10:49:53','190670115538',''),(81,84,3,'http://www.ebay.com/','2012-06-14 10:52:51','2012-05-04 10:52:09','190672416854',''),(82,85,3,'http://www.ebay.com/','2012-06-14 10:56:03','2012-05-10 10:54:41','190676280185','10 off for buck purchase'),(83,86,2,'http://mitbbs.com/','2012-06-14 11:14:26','2012-04-13 11:13:31','00000000',''),(84,87,3,'http://www.ebay.com/','2012-06-14 11:16:50','2012-03-26 11:15:47','190649277547',''),(85,88,3,'http://www.ebay.com/','2012-06-14 11:18:08','2012-03-26 11:17:38','190656514279',''),(86,89,3,'http://www.ebay.com/','2012-06-14 11:20:16','2012-03-27 11:19:30','190658988886',''),(87,90,4,'http://www.fprimes.com/','2012-06-14 12:09:00','2012-04-03 12:08:23','00000000',''),(88,91,5,'http://www.cragslist.com/','2012-06-14 12:21:44','2012-04-03 12:21:10','00000000',''),(89,92,2,'http://mitbbs.com/','2012-06-14 12:28:35','2012-04-18 12:28:10','00000000',''),(90,93,2,'http://mitbbs.com/','2012-06-14 12:52:52','2012-04-18 12:52:28','00000000',''),(91,94,2,'http://mitbbs.com/','2012-06-14 17:14:02','2012-02-19 17:13:24','00000000',''),(92,95,2,'http://mitbbs.com/','2012-06-14 17:19:52','2012-02-19 17:19:32','00000000',''),(93,96,2,'http://mitbbs.com/','2012-06-14 17:29:34','2012-05-20 17:29:07','00000000',''),(94,97,2,'http://mitbbs.com/','2012-06-14 17:33:16','2012-05-23 17:32:51','00000000',''),(95,98,2,'http://mitbbs.com/','2012-06-15 23:53:52','2012-05-10 23:53:16','00000000',''),(96,99,3,'http://www.ebay.com/','2012-06-17 23:19:30','2012-05-14 23:18:34','190678871167',''),(97,100,3,'http://www.ebay.com/','2012-06-18 00:55:09','2012-03-01 00:54:59','00000000',''),(98,101,2,'http://www.mitbbs.com/article_t/FleaMarket/33305063.html','2012-06-22 09:41:46','2012-06-22 09:41:22','00000000',''),(99,102,2,'http://mitbbs.com/','2012-06-29 06:47:48','2012-06-29 07:45:33','',''),(100,103,2,'http://mitbbs.com/','2012-06-29 06:49:06','2012-06-29 07:46:58','',''),(101,104,2,'http://mitbbs.com/','2012-06-29 20:35:29','2012-05-11 21:32:42','Horselibra',''),(102,105,2,'http://mitbbs.com/','2012-06-29 20:36:58','2012-05-16 21:34:42','',''),(103,106,2,'http://mitbbs.com/','2012-06-29 20:42:15','2012-05-29 21:39:53','',''),(104,107,2,'http://mitbbs.com/','2012-06-29 20:52:58','2012-05-21 21:50:51','','');
/*!40000 ALTER TABLE `sellings_sellingplatformslot` ENABLE KEYS */;
UNLOCK TABLES;

--
-- Table structure for table `sellings_sellrequest`
--

DROP TABLE IF EXISTS `sellings_sellrequest`;
/*!40101 SET @saved_cs_client     = @@character_set_client */;
/*!40101 SET character_set_client = utf8 */;
CREATE TABLE `sellings_sellrequest` (
  `id` int(11) NOT NULL AUTO_INCREMENT,
  `custom_id` int(11) NOT NULL,
  `fullfilled` tinyint(1) NOT NULL,
  PRIMARY KEY (`id`),
  KEY `sellings_sellrequest_66fdbbb7` (`custom_id`)
) ENGINE=MyISAM AUTO_INCREMENT=108 DEFAULT CHARSET=utf8;
/*!40101 SET character_set_client = @saved_cs_client */;

--
-- Dumping data for table `sellings_sellrequest`
--

LOCK TABLES `sellings_sellrequest` WRITE;
/*!40000 ALTER TABLE `sellings_sellrequest` DISABLE KEYS */;
INSERT INTO `sellings_sellrequest` VALUES (1,2,1),(2,2,1),(6,2,1),(7,2,1),(8,2,1),(9,2,1),(10,2,1),(11,2,1),(12,2,1),(13,2,1),(14,2,1),(15,2,1),(16,2,1),(17,2,1),(18,2,1),(19,2,1),(20,2,1),(21,2,1),(22,2,1),(23,2,1),(24,2,1),(25,2,1),(26,2,1),(27,2,1),(28,2,1),(29,2,1),(30,2,1),(31,2,1),(32,2,1),(33,2,1),(34,2,1),(35,2,1),(36,2,1),(37,2,1),(38,2,1),(39,2,1),(40,2,1),(41,2,1),(42,2,1),(43,2,1),(44,2,1),(45,2,1),(46,2,1),(47,2,1),(48,2,1),(49,2,1),(50,2,1),(51,2,1),(52,3,1),(53,4,1),(54,5,1),(55,6,1),(56,3,1),(57,7,1),(58,8,1),(59,9,1),(60,10,1),(61,11,1),(62,12,1),(63,13,1),(64,14,1),(65,15,1),(66,16,1),(67,17,1),(68,18,1),(69,19,1),(70,20,1),(71,21,1),(72,22,1),(73,23,1),(74,24,1),(75,25,1),(76,26,1),(77,27,1),(78,28,1),(79,29,1),(80,30,1),(81,31,1),(82,32,1),(83,33,1),(84,34,1),(85,36,1),(86,38,1),(87,39,1),(88,40,1),(89,41,1),(90,2,1),(91,2,1),(92,42,1),(93,42,1),(94,43,1),(95,2,1),(96,44,1),(97,45,1),(98,2,1),(99,46,1),(100,2,1),(101,48,1),(102,2,1),(103,2,1),(104,50,1),(105,50,1),(106,51,1),(107,51,1);
/*!40000 ALTER TABLE `sellings_sellrequest` ENABLE KEYS */;
UNLOCK TABLES;

--
-- Table structure for table `sellings_sellrequest_items`
--

DROP TABLE IF EXISTS `sellings_sellrequest_items`;
/*!40101 SET @saved_cs_client     = @@character_set_client */;
/*!40101 SET character_set_client = utf8 */;
CREATE TABLE `sellings_sellrequest_items` (
  `id` int(11) NOT NULL AUTO_INCREMENT,
  `sellrequest_id` int(11) NOT NULL,
  `asset_id` int(11) NOT NULL,
  PRIMARY KEY (`id`),
  UNIQUE KEY `sellrequest_id` (`sellrequest_id`,`asset_id`),
  KEY `sellings_sellrequest_items_1bc93a00` (`sellrequest_id`),
  KEY `sellings_sellrequest_items_89694383` (`asset_id`)
) ENGINE=MyISAM AUTO_INCREMENT=511 DEFAULT CHARSET=utf8;
/*!40101 SET character_set_client = @saved_cs_client */;

--
-- Dumping data for table `sellings_sellrequest_items`
--

LOCK TABLES `sellings_sellrequest_items` WRITE;
/*!40000 ALTER TABLE `sellings_sellrequest_items` DISABLE KEYS */;
INSERT INTO `sellings_sellrequest_items` VALUES (3,1,1),(5,2,2),(6,6,3),(7,7,4),(8,8,5),(10,9,6),(11,10,7),(12,11,8),(13,12,9),(14,13,11),(15,14,10),(16,15,12),(17,16,13),(18,17,14),(19,18,15),(25,19,16),(21,20,17),(26,21,18),(27,22,19),(24,23,20),(28,24,21),(30,25,22),(31,26,23),(32,27,24),(33,28,25),(34,29,26),(35,30,27),(36,31,28),(37,32,29),(38,33,30),(39,34,31),(40,35,32),(41,36,33),(42,37,34),(43,38,41),(44,39,42),(45,40,43),(46,41,45),(47,42,44),(48,43,46),(49,44,47),(50,45,48),(51,46,49),(52,46,50),(53,47,51),(54,48,52),(55,49,53),(56,50,54),(57,51,55),(90,52,56),(91,52,57),(92,52,58),(93,52,59),(94,52,60),(95,52,61),(96,53,62),(427,54,63),(428,55,64),(86,56,68),(87,56,69),(88,56,70),(89,56,71),(417,57,72),(418,58,73),(419,59,74),(420,60,75),(107,61,76),(108,61,77),(109,61,78),(110,61,79),(106,61,80),(105,62,81),(434,63,82),(435,64,85),(436,65,83),(437,66,84),(438,67,86),(439,68,87),(440,69,88),(441,70,89),(450,71,90),(449,72,91),(451,73,92),(452,74,93),(455,75,94),(453,76,95),(454,77,96),(456,78,97),(444,79,98),(445,79,99),(446,79,100),(447,79,101),(448,79,102),(457,80,113),(458,81,114),(459,82,115),(460,83,116),(461,84,117),(467,85,118),(468,85,119),(469,85,120),(470,85,127),(462,85,128),(463,85,129),(464,85,130),(465,85,131),(466,85,132),(146,86,133),(147,86,134),(148,86,135),(149,86,136),(150,86,137),(151,86,138),(152,86,139),(153,86,140),(154,86,141),(155,86,142),(156,86,143),(157,86,144),(158,86,145),(159,86,146),(160,86,147),(161,86,148),(162,86,149),(163,86,150),(164,86,151),(165,86,152),(416,87,153),(426,88,154),(429,89,155),(430,89,156),(431,89,157),(432,89,158),(433,89,159),(173,90,163),(174,90,164),(175,90,165),(176,90,166),(177,90,167),(178,90,168),(179,91,160),(180,92,203),(181,92,204),(182,92,205),(183,92,206),(184,92,207),(185,92,208),(186,92,209),(187,92,210),(188,92,211),(189,92,212),(190,92,213),(191,92,214),(192,92,215),(193,92,216),(194,92,217),(195,92,218),(196,92,219),(197,92,220),(198,92,221),(199,92,222),(200,92,223),(201,92,224),(202,92,225),(203,92,226),(204,92,227),(205,92,228),(206,92,229),(207,92,230),(208,92,231),(209,92,232),(210,92,233),(211,92,234),(212,92,235),(213,92,236),(214,92,237),(215,92,238),(216,92,239),(217,92,240),(218,92,241),(219,92,242),(268,93,161),(269,93,162),(270,93,169),(271,93,170),(272,93,171),(273,93,172),(274,93,173),(275,93,174),(276,93,175),(277,93,176),(278,93,177),(279,93,178),(280,93,179),(281,93,180),(282,93,181),(283,93,182),(284,93,183),(285,93,184),(286,93,185),(287,93,186),(288,93,187),(289,93,188),(290,93,189),(291,93,190),(292,93,191),(293,93,192),(294,93,193),(295,93,194),(296,93,195),(297,93,196),(298,93,197),(299,93,198),(300,93,199),(301,93,200),(302,93,201),(303,93,202),(304,93,243),(305,93,244),(306,93,245),(307,93,246),(310,94,280),(311,94,281),(312,95,282),(313,96,294),(314,96,295),(315,96,296),(316,96,297),(317,96,298),(318,96,299),(319,96,300),(320,96,301),(321,96,302),(322,96,303),(323,96,304),(324,96,305),(325,96,306),(326,96,307),(327,96,308),(328,96,309),(329,96,310),(330,96,311),(331,96,312),(332,96,313),(333,96,314),(334,96,315),(335,96,316),(338,97,350),(339,97,351),(336,97,352),(337,97,353),(345,98,384),(346,98,385),(347,98,386),(348,98,387),(349,98,388),(350,98,389),(351,98,390),(352,98,391),(353,98,392),(354,98,393),(355,98,394),(356,98,395),(357,98,396),(358,98,397),(359,98,398),(360,98,399),(361,98,400),(362,98,401),(363,98,402),(364,98,403),(471,99,404),(443,100,405),(474,101,366),(482,102,375),(481,102,374),(480,102,373),(479,102,372),(483,103,376),(484,103,377),(485,104,330),(486,104,331),(487,104,332),(488,104,333),(489,104,334),(490,104,335),(491,104,336),(492,104,337),(493,104,338),(494,104,339),(495,104,340),(496,104,341),(497,105,247),(498,105,248),(499,105,249),(500,105,250),(501,105,251),(502,105,252),(503,105,253),(504,106,329),(505,107,121),(506,107,122),(507,107,123),(508,107,124),(509,107,125),(510,107,126);
/*!40000 ALTER TABLE `sellings_sellrequest_items` ENABLE KEYS */;
UNLOCK TABLES;

--
-- Table structure for table `shipping_shipments`
--

DROP TABLE IF EXISTS `shipping_shipments`;
/*!40101 SET @saved_cs_client     = @@character_set_client */;
/*!40101 SET character_set_client = utf8 */;
CREATE TABLE `shipping_shipments` (
  `id` int(11) NOT NULL AUTO_INCREMENT,
  `nickname` varchar(100) NOT NULL,
  `carrier` varchar(20) NOT NULL,
  `tracking` varchar(50) NOT NULL,
  `notes` longtext,
  PRIMARY KEY (`id`)
) ENGINE=MyISAM AUTO_INCREMENT=2 DEFAULT CHARSET=utf8;
/*!40101 SET character_set_client = @saved_cs_client */;

--
-- Dumping data for table `shipping_shipments`
--

LOCK TABLES `shipping_shipments` WRITE;
/*!40000 ALTER TABLE `shipping_shipments` DISABLE KEYS */;
INSERT INTO `shipping_shipments` VALUES (1,'investment','FEDEX','238452015000222','');
/*!40000 ALTER TABLE `shipping_shipments` ENABLE KEYS */;
UNLOCK TABLES;

--
-- Table structure for table `south_migrationhistory`
--

DROP TABLE IF EXISTS `south_migrationhistory`;
/*!40101 SET @saved_cs_client     = @@character_set_client */;
/*!40101 SET character_set_client = utf8 */;
CREATE TABLE `south_migrationhistory` (
  `id` int(11) NOT NULL AUTO_INCREMENT,
  `app_name` varchar(255) NOT NULL,
  `migration` varchar(255) NOT NULL,
  `applied` datetime NOT NULL,
  PRIMARY KEY (`id`)
) ENGINE=MyISAM AUTO_INCREMENT=24 DEFAULT CHARSET=utf8;
/*!40101 SET character_set_client = @saved_cs_client */;

--
-- Dumping data for table `south_migrationhistory`
--

LOCK TABLES `south_migrationhistory` WRITE;
/*!40000 ALTER TABLE `south_migrationhistory` DISABLE KEYS */;
INSERT INTO `south_migrationhistory` VALUES (1,'filer','0001_initial','2012-06-12 00:44:23'),(2,'filer','0002_rename_file_field','2012-06-12 00:44:23'),(3,'filer','0003_add_description_field','2012-06-12 00:44:23'),(4,'filer','0004_auto__del_field_file__file__add_field_file_file__add_field_file_is_pub','2012-06-12 00:44:23'),(5,'filer','0005_auto__add_field_file_sha1__chg_field_file_file','2012-06-12 00:44:23'),(6,'filer','0006_polymorphic__add_field_file_polymorphic_ctype','2012-06-12 00:44:23'),(7,'filer','0007_polymorphic__content_type_data','2012-06-12 00:44:23'),(8,'filer','0008_polymorphic__del_field_file__file_type_plugin_name','2012-06-12 00:44:23'),(9,'easy_thumbnails','0001_initial','2012-06-12 00:44:23'),(10,'easy_thumbnails','0002_filename_indexes','2012-06-12 00:44:23'),(11,'easy_thumbnails','0003_auto__add_storagenew','2012-06-12 00:44:23'),(12,'easy_thumbnails','0004_auto__add_field_source_storage_new__add_field_thumbnail_storage_new','2012-06-12 00:44:23'),(13,'easy_thumbnails','0005_storage_fks_null','2012-06-12 00:44:23'),(14,'easy_thumbnails','0006_copy_storage','2012-06-12 00:44:23'),(15,'easy_thumbnails','0007_storagenew_fks_not_null','2012-06-12 00:44:23'),(16,'easy_thumbnails','0008_auto__del_field_source_storage__del_field_thumbnail_storage','2012-06-12 00:44:23'),(17,'easy_thumbnails','0009_auto__del_storage','2012-06-12 00:44:23'),(18,'easy_thumbnails','0010_rename_storage','2012-06-12 00:44:23'),(19,'easy_thumbnails','0011_auto__add_field_source_storage_hash__add_field_thumbnail_storage_hash','2012-06-12 00:44:23'),(20,'easy_thumbnails','0012_build_storage_hashes','2012-06-12 00:44:23'),(21,'easy_thumbnails','0013_auto__del_storage__del_field_source_storage__del_field_thumbnail_stora','2012-06-12 00:44:23'),(22,'easy_thumbnails','0014_auto__add_unique_source_name_storage_hash__add_unique_thumbnail_name_s','2012-06-12 00:44:23'),(23,'easy_thumbnails','0015_auto__del_unique_thumbnail_name_storage_hash__add_unique_thumbnail_sou','2012-06-12 00:44:23');
/*!40000 ALTER TABLE `south_migrationhistory` ENABLE KEYS */;
UNLOCK TABLES;

--
-- Table structure for table `stores_local_stores_bestbuy`
--

DROP TABLE IF EXISTS `stores_local_stores_bestbuy`;
/*!40101 SET @saved_cs_client     = @@character_set_client */;
/*!40101 SET character_set_client = utf8 */;
CREATE TABLE `stores_local_stores_bestbuy` (
  `id` int(11) NOT NULL AUTO_INCREMENT,
  `name` varchar(80) NOT NULL,
  `num` varchar(32) NOT NULL,
  `address` varchar(200) NOT NULL,
  `city` varchar(50) NOT NULL,
  `state` varchar(2) NOT NULL,
  `zipcode` varchar(5) NOT NULL,
  `phone` varchar(20) NOT NULL,
  `lat` varchar(25) NOT NULL,
  `lng` varchar(25) NOT NULL,
  `notes` longtext,
  `hours` longtext,
  PRIMARY KEY (`id`)
) ENGINE=MyISAM DEFAULT CHARSET=utf8;
/*!40101 SET character_set_client = @saved_cs_client */;

--
-- Dumping data for table `stores_local_stores_bestbuy`
--

LOCK TABLES `stores_local_stores_bestbuy` WRITE;
/*!40000 ALTER TABLE `stores_local_stores_bestbuy` DISABLE KEYS */;
/*!40000 ALTER TABLE `stores_local_stores_bestbuy` ENABLE KEYS */;
UNLOCK TABLES;

--
-- Table structure for table `stores_local_stores_staples`
--

DROP TABLE IF EXISTS `stores_local_stores_staples`;
/*!40101 SET @saved_cs_client     = @@character_set_client */;
/*!40101 SET character_set_client = utf8 */;
CREATE TABLE `stores_local_stores_staples` (
  `id` int(11) NOT NULL AUTO_INCREMENT,
  `name` varchar(80) NOT NULL,
  `num` varchar(32) NOT NULL,
  `address` varchar(200) NOT NULL,
  `city` varchar(50) NOT NULL,
  `state` varchar(2) NOT NULL,
  `zipcode` varchar(5) NOT NULL,
  `phone` varchar(20) NOT NULL,
  `lat` varchar(25) NOT NULL,
  `lng` varchar(25) NOT NULL,
  `notes` longtext,
  `hours` longtext,
  PRIMARY KEY (`id`)
) ENGINE=MyISAM DEFAULT CHARSET=utf8;
/*!40101 SET character_set_client = @saved_cs_client */;

--
-- Dumping data for table `stores_local_stores_staples`
--

LOCK TABLES `stores_local_stores_staples` WRITE;
/*!40000 ALTER TABLE `stores_local_stores_staples` DISABLE KEYS */;
/*!40000 ALTER TABLE `stores_local_stores_staples` ENABLE KEYS */;
UNLOCK TABLES;

--
-- Table structure for table `stores_local_stores_target`
--

DROP TABLE IF EXISTS `stores_local_stores_target`;
/*!40101 SET @saved_cs_client     = @@character_set_client */;
/*!40101 SET character_set_client = utf8 */;
CREATE TABLE `stores_local_stores_target` (
  `id` int(11) NOT NULL AUTO_INCREMENT,
  `name` varchar(80) NOT NULL,
  `num` varchar(32) NOT NULL,
  `address` varchar(200) NOT NULL,
  `city` varchar(50) NOT NULL,
  `state` varchar(2) NOT NULL,
  `zipcode` varchar(5) NOT NULL,
  `phone` varchar(20) NOT NULL,
  `lat` varchar(25) NOT NULL,
  `lng` varchar(25) NOT NULL,
  `notes` longtext,
  `hours` longtext,
  PRIMARY KEY (`id`)
) ENGINE=MyISAM DEFAULT CHARSET=utf8;
/*!40101 SET character_set_client = @saved_cs_client */;

--
-- Dumping data for table `stores_local_stores_target`
--

LOCK TABLES `stores_local_stores_target` WRITE;
/*!40000 ALTER TABLE `stores_local_stores_target` DISABLE KEYS */;
/*!40000 ALTER TABLE `stores_local_stores_target` ENABLE KEYS */;
UNLOCK TABLES;

--
-- Table structure for table `stores_local_stores_walmart`
--

DROP TABLE IF EXISTS `stores_local_stores_walmart`;
/*!40101 SET @saved_cs_client     = @@character_set_client */;
/*!40101 SET character_set_client = utf8 */;
CREATE TABLE `stores_local_stores_walmart` (
  `id` int(11) NOT NULL AUTO_INCREMENT,
  `name` varchar(80) NOT NULL,
  `num` varchar(32) NOT NULL,
  `address` varchar(200) NOT NULL,
  `city` varchar(50) NOT NULL,
  `state` varchar(2) NOT NULL,
  `zipcode` varchar(5) NOT NULL,
  `phone` varchar(20) NOT NULL,
  `lat` varchar(25) NOT NULL,
  `lng` varchar(25) NOT NULL,
  `notes` longtext,
  `hours` longtext,
  PRIMARY KEY (`id`)
) ENGINE=MyISAM DEFAULT CHARSET=utf8;
/*!40101 SET character_set_client = @saved_cs_client */;

--
-- Dumping data for table `stores_local_stores_walmart`
--

LOCK TABLES `stores_local_stores_walmart` WRITE;
/*!40000 ALTER TABLE `stores_local_stores_walmart` DISABLE KEYS */;
/*!40000 ALTER TABLE `stores_local_stores_walmart` ENABLE KEYS */;
UNLOCK TABLES;

--
-- Table structure for table `supply_itemtemplate`
--

DROP TABLE IF EXISTS `supply_itemtemplate`;
/*!40101 SET @saved_cs_client     = @@character_set_client */;
/*!40101 SET character_set_client = utf8 */;
CREATE TABLE `supply_itemtemplate` (
  `id` int(11) NOT NULL AUTO_INCREMENT,
  `itemproduct_id` int(11) NOT NULL,
  `suppliers_id` int(11) NOT NULL,
  `suppliers_PID` varchar(30) NOT NULL,
  `local_PID` varchar(30) DEFAULT NULL,
  `price_base` decimal(10,2) DEFAULT NULL,
  `online_avail` tinyint(1) NOT NULL,
  `local_avail` tinyint(1) NOT NULL,
  `notes` longtext,
  PRIMARY KEY (`id`),
  KEY `supply_itemtemplate_775f0041` (`itemproduct_id`),
  KEY `supply_itemtemplate_bb287cce` (`suppliers_id`)
) ENGINE=MyISAM AUTO_INCREMENT=41 DEFAULT CHARSET=utf8;
/*!40101 SET character_set_client = @saved_cs_client */;

--
-- Dumping data for table `supply_itemtemplate`
--

LOCK TABLES `supply_itemtemplate` WRITE;
/*!40000 ALTER TABLE `supply_itemtemplate` DISABLE KEYS */;
INSERT INTO `supply_itemtemplate` VALUES (1,1,1,'B00450DVDY',NULL,'134.97',1,0,NULL),(2,3,2,'3099146','3099146','99.99',1,1,NULL),(3,6,4,'912243','912243','79.00',1,0,NULL),(4,9,2,'2506182','2506182','149.99',1,0,NULL),(5,11,3,'14220551','14220551','149.00',1,1,NULL),(6,12,2,'1272483','1272483','59.99',1,1,NULL),(7,15,2,'8834844','8834844','0.00',0,0,NULL),(8,18,1,'B005I6DVC0',NULL,'149.00',1,0,NULL),(9,19,1,'B004P2SIV2',NULL,NULL,1,0,NULL),(10,20,1,'B005FMLXW2',NULL,'39.99',1,0,NULL),(11,21,3,'00000000','',NULL,0,0,''),(12,7,3,'00000000','',NULL,0,0,''),(13,16,9,'00000000','',NULL,0,0,''),(14,17,1,'00000000','',NULL,0,0,''),(15,2,4,'00000000','',NULL,0,0,''),(16,14,10,'00000000','',NULL,0,0,''),(17,4,11,'00000000','',NULL,0,0,''),(18,5,6,'00000000','',NULL,0,0,''),(20,10,3,'00000000','',NULL,0,0,''),(21,8,8,'00000000','',NULL,0,0,''),(22,13,2,'00000000','',NULL,0,0,''),(23,19,8,'00000000','',NULL,0,0,''),(24,22,2,'00000000','',NULL,0,0,''),(25,24,1,'B0054YVA8S',NULL,'379.00',1,0,NULL),(26,23,2,'00000000','',NULL,0,0,''),(27,23,5,'00000000','',NULL,0,0,''),(30,25,1,'00000000','',NULL,0,0,''),(31,26,1,'00000000','',NULL,0,0,''),(32,27,1,'00000000','',NULL,0,0,''),(33,28,1,'00000000','',NULL,0,0,''),(34,29,1,'00000000','',NULL,0,0,''),(35,30,12,'207000164','',NULL,0,0,''),(36,31,12,'00000000','',NULL,0,0,''),(37,32,1,'B002I7PGT8',NULL,'59.95',1,0,NULL),(38,33,1,'B005FIWU4Q',NULL,'49.99',1,0,NULL),(39,34,1,'B006VRWPYK',NULL,'32.99',1,0,NULL),(40,34,9,'00000000','',NULL,0,0,'');
/*!40000 ALTER TABLE `supply_itemtemplate` ENABLE KEYS */;
UNLOCK TABLES;

--
-- Table structure for table `supply_itemtemplatepricelocal`
--

DROP TABLE IF EXISTS `supply_itemtemplatepricelocal`;
/*!40101 SET @saved_cs_client     = @@character_set_client */;
/*!40101 SET character_set_client = utf8 */;
CREATE TABLE `supply_itemtemplatepricelocal` (
  `id` int(11) NOT NULL AUTO_INCREMENT,
  `item_id` int(11) NOT NULL,
  `source_date` datetime NOT NULL,
  `check_date` datetime NOT NULL,
  `local_sale` varchar(30) DEFAULT NULL,
  `local_price` decimal(10,2) DEFAULT NULL,
  PRIMARY KEY (`id`),
  KEY `supply_itemtemplatepricelocal_67b70d25` (`item_id`)
) ENGINE=MyISAM DEFAULT CHARSET=utf8;
/*!40101 SET character_set_client = @saved_cs_client */;

--
-- Dumping data for table `supply_itemtemplatepricelocal`
--

LOCK TABLES `supply_itemtemplatepricelocal` WRITE;
/*!40000 ALTER TABLE `supply_itemtemplatepricelocal` DISABLE KEYS */;
/*!40000 ALTER TABLE `supply_itemtemplatepricelocal` ENABLE KEYS */;
UNLOCK TABLES;

--
-- Table structure for table `supply_itemtemplatepriceonline`
--

DROP TABLE IF EXISTS `supply_itemtemplatepriceonline`;
/*!40101 SET @saved_cs_client     = @@character_set_client */;
/*!40101 SET character_set_client = utf8 */;
CREATE TABLE `supply_itemtemplatepriceonline` (
  `id` int(11) NOT NULL AUTO_INCREMENT,
  `item_id` int(11) NOT NULL,
  `source_date` datetime NOT NULL,
  `check_date` datetime NOT NULL,
  `online_sale` varchar(30) DEFAULT NULL,
  `online_price` decimal(10,2) DEFAULT NULL,
  PRIMARY KEY (`id`),
  KEY `supply_itemtemplatepriceonline_67b70d25` (`item_id`)
) ENGINE=MyISAM DEFAULT CHARSET=utf8;
/*!40101 SET character_set_client = @saved_cs_client */;

--
-- Dumping data for table `supply_itemtemplatepriceonline`
--

LOCK TABLES `supply_itemtemplatepriceonline` WRITE;
/*!40000 ALTER TABLE `supply_itemtemplatepriceonline` DISABLE KEYS */;
/*!40000 ALTER TABLE `supply_itemtemplatepriceonline` ENABLE KEYS */;
UNLOCK TABLES;

--
-- Table structure for table `supply_itemtemplatestockonline`
--

DROP TABLE IF EXISTS `supply_itemtemplatestockonline`;
/*!40101 SET @saved_cs_client     = @@character_set_client */;
/*!40101 SET character_set_client = utf8 */;
CREATE TABLE `supply_itemtemplatestockonline` (
  `id` int(11) NOT NULL AUTO_INCREMENT,
  `item_id` int(11) NOT NULL,
  `source_date` datetime NOT NULL,
  `check_date` datetime NOT NULL,
  `online_inventory` varchar(30) DEFAULT NULL,
  PRIMARY KEY (`id`),
  KEY `supply_itemtemplatestockonline_67b70d25` (`item_id`)
) ENGINE=MyISAM DEFAULT CHARSET=utf8;
/*!40101 SET character_set_client = @saved_cs_client */;

--
-- Dumping data for table `supply_itemtemplatestockonline`
--

LOCK TABLES `supply_itemtemplatestockonline` WRITE;
/*!40000 ALTER TABLE `supply_itemtemplatestockonline` DISABLE KEYS */;
/*!40000 ALTER TABLE `supply_itemtemplatestockonline` ENABLE KEYS */;
UNLOCK TABLES;

--
-- Table structure for table `supply_supplier`
--

DROP TABLE IF EXISTS `supply_supplier`;
/*!40101 SET @saved_cs_client     = @@character_set_client */;
/*!40101 SET character_set_client = utf8 */;
CREATE TABLE `supply_supplier` (
  `id` int(11) NOT NULL AUTO_INCREMENT,
  `name` varchar(80) NOT NULL,
  `local_store` tinyint(1) NOT NULL,
  `online_store` tinyint(1) NOT NULL,
  `platform` varchar(30) DEFAULT NULL,
  `address_id` int(11) DEFAULT NULL,
  `contact_id` int(11) DEFAULT NULL,
  `notes` longtext,
  `created_on` date NOT NULL,
  PRIMARY KEY (`id`),
  UNIQUE KEY `name` (`name`),
  KEY `supply_supplier_b213c1e9` (`address_id`),
  KEY `supply_supplier_170b8823` (`contact_id`)
) ENGINE=MyISAM AUTO_INCREMENT=13 DEFAULT CHARSET=utf8;
/*!40101 SET character_set_client = @saved_cs_client */;

--
-- Dumping data for table `supply_supplier`
--

LOCK TABLES `supply_supplier` WRITE;
/*!40000 ALTER TABLE `supply_supplier` DISABLE KEYS */;
INSERT INTO `supply_supplier` VALUES (1,'amazon',0,0,NULL,NULL,NULL,NULL,'2012-06-10'),(2,'bestbuy',0,0,NULL,NULL,NULL,NULL,'2012-06-10'),(3,'walmart',0,0,NULL,NULL,NULL,NULL,'2012-06-10'),(4,'staples',0,0,NULL,NULL,NULL,NULL,'2012-06-10'),(5,'gamestop',0,0,'',NULL,NULL,'','2012-06-10'),(6,'tigerdirect',0,0,'',NULL,NULL,'','2012-06-10'),(7,'apple',0,0,'',NULL,NULL,'','2012-06-10'),(8,'officemax',0,0,'',NULL,NULL,'','2012-06-10'),(9,'newegg',0,0,'',NULL,NULL,'','2012-06-11'),(10,'Nike Online Store',0,0,'',NULL,NULL,'','2012-06-11'),(11,'Sam\'s Club',0,0,'',NULL,NULL,'','2012-06-11'),(12,'target',0,0,'',NULL,NULL,'','2012-06-12');
/*!40000 ALTER TABLE `supply_supplier` ENABLE KEYS */;
UNLOCK TABLES;

--
-- Table structure for table `vending_purchase_cost`
--

DROP TABLE IF EXISTS `vending_purchase_cost`;
/*!40101 SET @saved_cs_client     = @@character_set_client */;
/*!40101 SET character_set_client = utf8 */;
CREATE TABLE `vending_purchase_cost` (
  `id` int(11) NOT NULL AUTO_INCREMENT,
  `request_id` int(11) NOT NULL,
  `productcost` decimal(10,2) NOT NULL,
  `tax` decimal(10,2) NOT NULL,
  `account_product_tax_id` int(11) NOT NULL,
  `shipping` decimal(10,2) DEFAULT NULL,
  `account_shipping_id` int(11) DEFAULT NULL,
  `shippment_id` int(11) DEFAULT NULL,
  `commission` decimal(10,2) DEFAULT NULL,
  `account_commission_id` int(11) DEFAULT NULL,
  `total_cost` decimal(10,2) DEFAULT NULL,
  PRIMARY KEY (`id`),
  UNIQUE KEY `request_id` (`request_id`),
  KEY `vending_purchase_cost_7e08ccc0` (`account_product_tax_id`),
  KEY `vending_purchase_cost_3f82f3ba` (`account_shipping_id`),
  KEY `vending_purchase_cost_450d3ad5` (`shippment_id`),
  KEY `vending_purchase_cost_3dda0095` (`account_commission_id`)
) ENGINE=MyISAM AUTO_INCREMENT=69 DEFAULT CHARSET=utf8;
/*!40101 SET character_set_client = @saved_cs_client */;

--
-- Dumping data for table `vending_purchase_cost`
--

LOCK TABLES `vending_purchase_cost` WRITE;
/*!40000 ALTER TABLE `vending_purchase_cost` DISABLE KEYS */;
INSERT INTO `vending_purchase_cost` VALUES (2,2,'780.00','46.80',1,NULL,NULL,NULL,NULL,NULL,NULL),(3,3,'780.00','50.70',1,NULL,NULL,NULL,NULL,NULL,NULL),(4,4,'0.00','0.00',1,NULL,NULL,NULL,NULL,NULL,NULL),(5,5,'0.00','0.00',1,NULL,NULL,NULL,NULL,NULL,NULL),(6,6,'4470.00','388.05',1,NULL,NULL,NULL,'268.20',1,NULL),(7,7,'2831.00','245.77',8,NULL,NULL,NULL,'169.86',8,NULL),(8,8,'6556.00','569.14',9,NULL,NULL,NULL,'393.36',9,NULL),(9,9,'3129.00','271.64',10,NULL,NULL,NULL,'187.74',10,NULL),(10,10,'45.00','0.00',1,NULL,NULL,NULL,NULL,NULL,NULL),(11,11,'45.00','0.00',8,NULL,NULL,NULL,NULL,NULL,NULL),(12,12,'129.50','8.42',8,NULL,NULL,NULL,'8.28',8,NULL),(13,13,'53.99','0.00',1,NULL,NULL,NULL,NULL,NULL,NULL),(14,14,'639.62','0.00',8,NULL,NULL,NULL,NULL,NULL,NULL),(15,15,'143.96','0.00',8,NULL,NULL,NULL,NULL,NULL,NULL),(16,16,'479.94','0.00',1,NULL,NULL,NULL,NULL,NULL,NULL),(17,17,'287.92','0.00',1,NULL,NULL,NULL,NULL,NULL,NULL),(18,18,'345.00','22.43',8,NULL,NULL,NULL,'20.70',8,NULL),(19,19,'196.00','12.74',9,NULL,NULL,NULL,'11.76',9,NULL),(20,20,'57.50','3.74',1,NULL,NULL,NULL,'3.45',1,NULL),(21,21,'98.00','6.37',1,NULL,NULL,NULL,'5.88',1,NULL),(22,22,'172.50','11.21',8,NULL,NULL,NULL,'10.35',8,NULL),(23,23,'596.00','35.76',8,NULL,NULL,NULL,NULL,NULL,NULL),(24,24,'299.85','20.25',8,NULL,NULL,NULL,NULL,NULL,NULL),(25,25,'639.92','0.00',9,NULL,NULL,NULL,NULL,NULL,NULL),(26,26,'143.96','0.00',9,NULL,NULL,NULL,NULL,NULL,NULL),(27,27,'65.84','0.00',8,NULL,NULL,NULL,NULL,NULL,NULL),(28,28,'249.95','17.22',8,'37.02',8,NULL,NULL,NULL,NULL),(29,29,'249.95','18.66',4,'37.02',4,NULL,NULL,NULL,NULL),(30,30,'79.98','4.80',8,NULL,NULL,NULL,NULL,NULL,NULL),(31,31,'39.99','2.40',4,NULL,NULL,NULL,NULL,NULL,NULL),(32,32,'499.90','37.32',1,'74.04',1,NULL,NULL,1,NULL),(33,33,'59.84','6.00',1,NULL,NULL,NULL,NULL,NULL,NULL),(34,34,'79.98','4.80',1,NULL,NULL,NULL,NULL,NULL,NULL),(35,35,'57.50','3.45',4,NULL,NULL,NULL,NULL,NULL,NULL),(36,36,'249.95','18.66',9,'37.02',9,NULL,NULL,NULL,NULL),(37,37,'249.95','18.66',9,'37.02',9,NULL,NULL,NULL,NULL),(38,38,'711.00','49.77',4,NULL,NULL,NULL,'26.46',8,NULL),(39,39,'180.00','0.00',4,NULL,NULL,NULL,NULL,NULL,NULL),(40,40,'403.96','0.00',4,'31.80',4,NULL,NULL,NULL,NULL),(41,41,'49.95','3.00',4,NULL,NULL,NULL,'3.00',8,NULL),(42,42,'199.96','12.00',4,NULL,NULL,NULL,NULL,NULL,NULL),(43,43,'160.00','0.00',4,NULL,NULL,NULL,NULL,NULL,NULL),(44,44,'319.58','0.00',4,NULL,NULL,NULL,NULL,NULL,NULL),(46,46,'135.63','0.00',4,NULL,NULL,NULL,NULL,NULL,NULL),(47,47,'99.95','0.00',4,NULL,NULL,NULL,NULL,NULL,NULL),(48,48,'280.50','0.00',4,NULL,NULL,NULL,NULL,NULL,NULL),(49,49,'311.74','0.00',4,NULL,NULL,NULL,NULL,NULL,NULL),(50,50,'4.53','0.00',4,NULL,NULL,NULL,NULL,NULL,NULL),(51,51,'60.34','0.00',1,NULL,NULL,NULL,'8.00',1,NULL),(52,52,'29.94','1.80',1,NULL,NULL,NULL,'1.80',1,NULL),(53,53,'588.00','61.62',1,NULL,NULL,NULL,'35.28',1,NULL),(54,54,'389.88','23.40',1,NULL,NULL,NULL,'23.40',1,NULL),(55,55,'299.94','19.50',1,NULL,NULL,NULL,NULL,NULL,NULL),(56,56,'19.98','1.20',1,NULL,NULL,NULL,NULL,NULL,NULL),(57,57,'198.00','12.00',8,NULL,NULL,NULL,'11.90',8,NULL),(58,58,'198.00','12.00',4,NULL,NULL,NULL,'11.88',8,NULL),(59,59,'399.96','26.00',9,NULL,NULL,NULL,NULL,NULL,NULL),(60,60,'198.00','12.00',8,NULL,NULL,NULL,NULL,NULL,NULL),(61,61,'980.00','102.70',9,NULL,NULL,NULL,'58.80',9,NULL),(62,62,'60.00','0.00',1,'0.00',NULL,NULL,'0.00',NULL,NULL),(63,63,'100.00','0.00',1,'0.00',NULL,NULL,'0.00',NULL,NULL),(64,64,'158.00','10.27',8,'0.00',NULL,NULL,'5.88',8,NULL),(65,65,'314.00','0.00',8,'0.00',NULL,NULL,'0.00',NULL,NULL),(66,66,'80.00','0.00',8,'0.00',NULL,NULL,'0.00',NULL,NULL),(67,67,'50.00','0.00',1,'0.00',NULL,NULL,'0.00',NULL,NULL),(68,68,'50.00','0.00',4,'0.00',NULL,NULL,'0.00',NULL,NULL);
/*!40000 ALTER TABLE `vending_purchase_cost` ENABLE KEYS */;
UNLOCK TABLES;

--
-- Table structure for table `vending_purchasedoc`
--

DROP TABLE IF EXISTS `vending_purchasedoc`;
/*!40101 SET @saved_cs_client     = @@character_set_client */;
/*!40101 SET character_set_client = utf8 */;
CREATE TABLE `vending_purchasedoc` (
  `id` int(11) NOT NULL AUTO_INCREMENT,
  `type` varchar(50) NOT NULL,
  `date` datetime NOT NULL,
  `doc` varchar(100) NOT NULL,
  `request_id` int(11) NOT NULL,
  PRIMARY KEY (`id`),
  KEY `vending_purchasedoc_792812e8` (`request_id`)
) ENGINE=MyISAM AUTO_INCREMENT=56 DEFAULT CHARSET=utf8;
/*!40101 SET character_set_client = @saved_cs_client */;

--
-- Dumping data for table `vending_purchasedoc`
--

LOCK TABLES `vending_purchasedoc` WRITE;
/*!40000 ALTER TABLE `vending_purchasedoc` DISABLE KEYS */;
INSERT INTO `vending_purchasedoc` VALUES (1,'ItemReceipt','2012-06-11 21:13:43','doc/purchase/2012/06/11/20120117_Walmart.com_2677268-395158.pdf',2),(2,'ItemReceipt','2012-06-11 21:14:31','doc/purchase/2012/06/11/20120117_Walmart.com__2677208-827766.pdf',3),(3,'ItemReceipt','2012-06-11 21:41:29','doc/purchase/2012/06/11/lichen_fire_receipt.pdf',6),(4,'ItemReceipt','2012-06-11 21:49:54','doc/purchase/2012/06/11/20120207_Newegg_Norton.pdf',10),(5,'ItemReceipt','2012-06-11 21:50:55','doc/purchase/2012/06/11/Newegg.pdf',11),(6,'ItemReceipt','2012-06-11 21:54:56','doc/purchase/2012/06/11/pp_001.pdf',12),(7,'ItemReceipt','2012-06-11 21:56:42','doc/purchase/2012/06/11/20120118_Amazon_Obi110.pdf',13),(8,'ItemReceipt','2012-06-11 21:58:17','doc/purchase/2012/06/11/Newegg_1.pdf',14),(9,'ItemReceipt','2012-06-11 21:59:24','doc/purchase/2012/06/11/Amazon_1.pdf',15),(10,'ItemReceipt','2012-06-11 22:05:47','doc/purchase/2012/06/11/20120220_Amazon_Brother2270DW_order_total_6items.pdf',16),(11,'ItemReceipt','2012-06-11 22:06:24','doc/purchase/2012/06/11/20120221_Newegg_Brother2270DW_orde_2total.pdf',17),(12,'ItemReceipt','2012-06-11 22:23:24','doc/purchase/2012/06/11/6120.pdf',18),(13,'ItemReceipt','2012-06-11 22:25:04','doc/purchase/2012/06/11/huang_jun_kodak_playpro.pdf',19),(14,'ItemReceipt','2012-06-11 22:27:51','doc/purchase/2012/06/11/20120227_Staples_CanonMG6120.pdf',20),(15,'ItemReceipt','2012-06-11 22:29:18','doc/purchase/2012/06/11/20120225_Walmart_kadak_zx5.pdf',21),(16,'ItemReceipt','2012-06-11 22:32:14','doc/purchase/2012/06/11/canon_6120_3.pdf',22),(17,'ItemReceipt','2012-06-11 22:35:22','doc/purchase/2012/06/11/nike_fuel_band.pdf',23),(18,'ItemReceipt','2012-06-11 22:38:50','doc/purchase/2012/06/11/bestbuy7310.pdf',24),(19,'ItemReceipt','2012-06-11 22:39:59','doc/purchase/2012/06/11/junhuang_brother.pdf',25),(20,'ItemReceipt','2012-06-11 22:40:31','doc/purchase/2012/06/11/junhuang_brother_1.pdf',26),(21,'ItemReceipt','2012-06-11 22:43:10','',27),(22,'ItemReceipt','2012-06-11 22:49:10','doc/purchase/2012/06/11/Order_Number.pdf',28),(23,'ItemReceipt','2012-06-11 22:50:23','doc/purchase/2012/06/11/receipt_2.pdf',29),(24,'ItemReceipt','2012-06-11 22:55:40','doc/purchase/2012/06/11/20120329_bestbuy_Samsung_Vitality_Order.pdf',30),(25,'ItemReceipt','2012-06-11 22:56:53','doc/purchase/2012/06/11/order3.pdf',31),(26,'ItemReceipt','2012-06-11 23:00:00','doc/purchase/2012/06/11/Li_hp_p1102.pdf',32),(27,'ItemReceipt','2012-06-11 23:01:39','doc/purchase/2012/06/11/20120323_Sams_Epson645.pdf',33),(28,'ItemReceipt','2012-06-11 23:02:49','doc/purchase/2012/06/11/20120329_bestbuy_Samsung_Vitality_Order_1.pdf',34),(29,'ItemReceipt','2012-06-11 23:04:08','doc/purchase/2012/06/11/receipt_6120.pdf',35),(30,'ItemReceipt','2012-06-11 23:05:40','doc/purchase/2012/06/11/Gmail_-_Fwd__Your_TigerDirect.pdf',36),(31,'ItemReceipt','2012-06-11 23:07:17','doc/purchase/2012/06/11/Gmail_-_Fwd__Your_TigerDirect_1.pdf',37),(32,'ItemReceipt','2012-06-11 23:16:25','doc/purchase/2012/06/11/kindle_.pdf',38),(33,'ItemReceipt','2012-06-11 23:18:37','doc/purchase/2012/06/11/kindle_gift_card.pdf',39),(34,'ItemReceipt','2012-06-11 23:19:59','doc/purchase/2012/06/11/adorama.pdf',40),(35,'ItemReceipt','2012-06-11 23:22:52','doc/purchase/2012/06/11/bestbuy_NFL2012.pdf',41),(36,'ItemReceipt','2012-06-11 23:24:58','doc/purchase/2012/06/11/officemax_printer.pdf',42),(38,'ItemReceipt','2012-06-11 23:29:29','doc/purchase/2012/06/11/itune_giftcard.pdf',43),(39,'ItemReceipt','2012-06-11 23:31:55','doc/purchase/2012/06/11/Panasonic_Lumix.pdf',44),(41,'ItemReceipt','2012-06-11 23:47:12','doc/purchase/2012/06/11/Canon_EF-.pdf',46),(42,'ItemReceipt','2012-06-11 23:48:53','doc/purchase/2012/06/11/Canon_EF-_1.pdf',47),(43,'ItemReceipt','2012-06-11 23:49:33','doc/purchase/2012/06/11/Canon_EF-_2.pdf',48),(44,'ItemReceipt','2012-06-11 23:50:16','doc/purchase/2012/06/11/Canon_EF-_3.pdf',49),(45,'ItemReceipt','2012-06-11 23:50:45','doc/purchase/2012/06/11/Canon_EF-_4.pdf',50),(46,'ItemReceipt','2012-06-12 08:12:04','doc/purchase/2012/06/12/20120411_Staples_Brother2270.pdf',51),(47,'ItemReceipt','2012-06-12 08:15:25','doc/purchase/2012/06/12/20120425_Target_PSVita_Headset.pdf',52),(48,'ItemReceipt','2012-06-12 08:19:35','doc/purchase/2012/06/12/20120429_Walmart_Kindle4_Order1.pdf',53),(49,'ItemReceipt','2012-06-12 08:24:08','doc/purchase/2012/06/12/20120509_Target_SonyT1_Order1.pdf',54),(50,'ItemReceipt','2012-06-12 08:27:28','doc/purchase/2012/06/12/20120513_Officemax_SamsungML1865_Order1.pdf',55),(51,'ItemReceipt','2012-06-12 08:29:16','doc/purchase/2012/06/12/201205015_Bestbuy_MaddenNFL_Order1.pdf',56),(52,'ItemReceipt','2012-06-12 09:16:29','doc/purchase/2012/06/12/diablo.pdf',57),(53,'ItemReceipt','2012-06-12 09:17:26','doc/purchase/2012/06/12/diablo_1.pdf',58),(54,'ItemReceipt','2012-06-13 10:19:33','doc/purchase/2012/06/13/diablo_Jun_Huang.pdf',59),(55,'ItemReceipt','2012-06-13 10:20:46','doc/purchase/2012/06/13/diablo_Jun_Xia.pdf',60);
/*!40000 ALTER TABLE `vending_purchasedoc` ENABLE KEYS */;
UNLOCK TABLES;

--
-- Table structure for table `vending_purchaserequest`
--

DROP TABLE IF EXISTS `vending_purchaserequest`;
/*!40101 SET @saved_cs_client     = @@character_set_client */;
/*!40101 SET character_set_client = utf8 */;
CREATE TABLE `vending_purchaserequest` (
  `id` int(11) NOT NULL AUTO_INCREMENT,
  `person_id` int(11) NOT NULL,
  `item_id` int(11) NOT NULL,
  `storage_id` int(11) NOT NULL,
  `quantity` int(10) unsigned NOT NULL,
  `orderon` datetime DEFAULT NULL,
  `order_id` varchar(1000) DEFAULT NULL,
  `fullfilled` tinyint(1) NOT NULL,
  PRIMARY KEY (`id`),
  KEY `vending_purchaserequest_21b911c5` (`person_id`),
  KEY `vending_purchaserequest_67b70d25` (`item_id`),
  KEY `vending_purchaserequest_963bd358` (`storage_id`)
) ENGINE=MyISAM AUTO_INCREMENT=69 DEFAULT CHARSET=utf8;
/*!40101 SET character_set_client = @saved_cs_client */;

--
-- Dumping data for table `vending_purchaserequest`
--

LOCK TABLES `vending_purchaserequest` WRITE;
/*!40000 ALTER TABLE `vending_purchaserequest` DISABLE KEYS */;
INSERT INTO `vending_purchaserequest` VALUES (2,2,10,1,20,'2012-02-17 20:14:29','',1),(3,2,10,1,20,'2012-02-17 20:15:19','',1),(4,2,11,1,20,'2012-02-17 20:15:36','',1),(5,2,11,1,20,'2012-02-17 20:15:52','',1),(6,2,12,1,30,'2012-02-17 20:16:13','',1),(7,6,12,2,19,'2012-02-17 20:16:30','',1),(8,3,12,3,44,'2012-02-17 20:16:46','',1),(9,4,12,5,21,'2012-02-17 20:17:03','',1),(10,2,13,1,1,'2012-02-17 20:17:28','',1),(11,6,13,2,1,'2012-02-17 20:17:44','',1),(12,6,3,2,1,'2012-02-18 20:18:16','',1),(13,2,14,1,1,'2012-02-19 20:18:32','',1),(14,6,1,2,8,'2012-02-21 20:19:01','',1),(15,6,1,2,2,'2012-02-21 20:19:15','',1),(16,2,1,1,6,'2012-02-21 20:19:31','',1),(17,2,1,1,4,'2012-02-21 20:19:45','',1),(18,6,15,2,6,'2012-02-29 20:20:21','',1),(19,3,5,3,4,'2012-02-29 20:20:40','',1),(20,2,15,1,1,'2012-03-01 20:21:04','',1),(21,2,5,1,2,'2012-03-01 20:21:31','',1),(22,6,15,2,3,'2012-03-01 20:21:49','',1),(23,6,16,2,4,'2012-03-05 20:22:16','',1),(24,6,7,2,15,'2012-03-13 20:22:41','',1),(25,3,1,3,8,'2012-03-21 20:23:12','',1),(26,3,1,3,2,'2012-03-21 20:23:27','',1),(27,6,17,2,1,'2012-03-21 20:23:51','',1),(28,6,18,2,5,'2012-04-01 20:24:19','',1),(29,6,18,1,5,'2012-04-01 20:24:35','',1),(30,6,2,2,2,'2012-04-01 20:24:56','',1),(31,6,2,2,1,'2012-04-01 20:25:12','',1),(32,2,18,1,10,'2012-04-01 20:25:32','',1),(33,2,17,1,1,'2012-04-01 20:25:48','',1),(34,2,2,1,2,'2012-04-01 20:26:03','',1),(35,6,15,2,1,'2012-04-03 20:26:28','',1),(36,3,18,3,5,'2012-04-03 20:27:15','',1),(37,3,18,3,5,'2012-04-03 20:27:36','',1),(38,6,20,2,9,'2012-05-16 20:28:24','',1),(39,6,21,2,8,'2012-05-16 20:28:47','',1),(40,6,8,2,4,'2012-05-16 20:29:05','',1),(41,6,22,2,5,'2012-05-16 20:29:17','',1),(42,6,23,2,4,'2012-05-16 20:29:31','',1),(43,6,24,2,2,'2012-05-16 20:29:46','',1),(44,6,25,2,1,'2012-05-16 20:29:58','',1),(46,6,30,2,1,'2012-05-16 20:30:16','',1),(47,6,31,2,1,'2012-05-16 20:30:29','',1),(48,6,34,2,1,'2012-05-16 20:30:46','',1),(49,6,32,2,1,'2012-05-16 20:30:59','',1),(50,6,33,2,1,'2012-05-16 20:31:13','',1),(51,2,1,1,1,'2012-05-16 20:31:25','',1),(52,2,35,1,3,'2012-05-16 20:31:40','',1),(53,2,20,1,12,'2012-05-16 20:31:56','',1),(54,2,36,1,6,'2012-05-16 20:32:10','',1),(55,2,23,1,6,'2012-05-16 20:32:22','',1),(56,2,22,1,2,'2012-05-16 20:32:34','',1),(57,6,27,2,2,'2012-05-16 20:32:47','',1),(58,6,27,2,2,'2012-05-16 20:33:01','',1),(59,3,26,3,4,'2012-05-16 20:33:12','',1),(60,6,26,2,2,'2012-05-16 20:33:24','',1),(61,3,20,3,20,'2012-05-16 20:33:43','',1),(62,2,37,1,1,'2012-05-16 20:33:57','',1),(63,2,38,1,1,'2012-05-16 20:34:09','',1),(64,6,20,2,2,'2012-04-30 16:10:03','',1),(65,6,25,2,1,'2012-05-19 16:31:12','',1),(66,6,24,2,1,'2012-05-22 16:35:14','',1),(67,2,40,1,1,'2012-06-22 09:37:01','',0),(68,6,40,2,1,'2012-06-22 09:37:46','',0);
/*!40000 ALTER TABLE `vending_purchaserequest` ENABLE KEYS */;
UNLOCK TABLES;

--
-- Table structure for table `vending_purchaserequest_assets`
--

DROP TABLE IF EXISTS `vending_purchaserequest_assets`;
/*!40101 SET @saved_cs_client     = @@character_set_client */;
/*!40101 SET character_set_client = utf8 */;
CREATE TABLE `vending_purchaserequest_assets` (
  `id` int(11) NOT NULL AUTO_INCREMENT,
  `purchaserequest_id` int(11) NOT NULL,
  `asset_id` int(11) NOT NULL,
  PRIMARY KEY (`id`),
  UNIQUE KEY `purchaserequest_id` (`purchaserequest_id`,`asset_id`),
  KEY `vending_purchaserequest_assets_36235c3d` (`purchaserequest_id`),
  KEY `vending_purchaserequest_assets_89694383` (`asset_id`)
) ENGINE=MyISAM AUTO_INCREMENT=835 DEFAULT CHARSET=utf8;
/*!40101 SET character_set_client = @saved_cs_client */;

--
-- Dumping data for table `vending_purchaserequest_assets`
--

LOCK TABLES `vending_purchaserequest_assets` WRITE;
/*!40000 ALTER TABLE `vending_purchaserequest_assets` DISABLE KEYS */;
INSERT INTO `vending_purchaserequest_assets` VALUES (406,2,1),(407,2,2),(408,2,3),(409,2,4),(410,2,5),(411,2,6),(412,2,7),(413,2,8),(414,2,9),(415,2,10),(416,2,11),(417,2,12),(418,2,13),(419,2,14),(420,2,15),(421,2,16),(422,2,17),(423,2,18),(424,2,19),(425,2,20),(435,3,21),(436,3,22),(437,3,23),(438,3,24),(439,3,25),(440,3,26),(441,3,27),(442,3,28),(443,3,29),(444,3,30),(445,3,31),(426,3,32),(427,3,33),(428,3,34),(429,3,35),(430,3,36),(431,3,37),(432,3,38),(433,3,39),(434,3,40),(453,4,83),(454,4,84),(455,4,85),(456,4,86),(457,4,87),(458,4,88),(459,4,89),(460,4,90),(461,4,91),(462,4,92),(463,4,93),(464,4,94),(465,4,95),(446,4,96),(447,4,97),(448,4,98),(449,4,99),(450,4,100),(451,4,101),(452,4,102),(471,5,113),(472,5,114),(473,5,115),(474,5,116),(475,5,117),(476,5,118),(477,5,119),(478,5,120),(479,5,121),(480,5,122),(481,5,123),(482,5,124),(483,5,125),(484,5,126),(485,5,127),(466,5,128),(467,5,129),(468,5,130),(469,5,131),(470,5,132),(486,6,133),(487,6,134),(488,6,135),(489,6,136),(490,6,137),(491,6,138),(492,6,139),(493,6,140),(494,6,141),(495,6,142),(496,6,143),(497,6,144),(498,6,145),(499,6,146),(500,6,147),(501,6,148),(502,6,149),(503,6,150),(504,6,151),(505,6,152),(506,6,153),(507,6,154),(508,6,155),(509,6,156),(510,6,157),(511,6,158),(512,6,159),(513,6,160),(514,6,161),(515,6,162),(527,7,184),(528,7,185),(529,7,186),(530,7,187),(531,7,188),(532,7,189),(533,7,190),(534,7,191),(516,7,192),(517,7,193),(518,7,194),(519,7,195),(520,7,196),(521,7,197),(522,7,198),(523,7,199),(524,7,200),(525,7,201),(526,7,202),(535,8,203),(536,8,204),(537,8,205),(538,8,206),(539,8,207),(540,8,208),(541,8,209),(542,8,210),(543,8,211),(544,8,212),(545,8,213),(546,8,214),(547,8,215),(548,8,216),(549,8,217),(550,8,218),(551,8,219),(552,8,220),(553,8,221),(554,8,222),(555,8,223),(556,8,224),(557,8,225),(558,8,226),(559,8,227),(560,8,228),(561,8,229),(562,8,230),(563,8,231),(564,8,232),(565,8,233),(566,8,234),(567,8,235),(568,8,236),(569,8,237),(570,8,238),(571,8,239),(572,8,240),(573,8,241),(574,8,242),(575,8,243),(576,8,244),(577,8,245),(578,8,246),(579,9,163),(580,9,164),(581,9,165),(582,9,166),(583,9,167),(584,9,168),(585,9,169),(586,9,170),(587,9,171),(588,9,172),(589,9,173),(590,9,174),(591,9,175),(592,9,176),(593,9,177),(594,9,178),(595,9,179),(596,9,180),(597,9,181),(598,9,182),(599,9,183),(600,10,280),(601,11,281),(602,12,282),(603,13,67),(610,14,254),(611,14,255),(604,14,256),(605,14,257),(606,14,258),(607,14,259),(608,14,260),(609,14,261),(612,15,262),(613,15,263),(614,16,264),(615,16,265),(616,16,266),(617,16,267),(618,16,268),(619,16,269),(620,17,68),(621,17,69),(622,17,70),(623,17,71),(624,18,56),(625,18,57),(626,18,58),(627,18,59),(628,18,60),(629,18,61),(630,19,283),(631,19,284),(632,19,285),(633,19,286),(634,20,62),(636,21,287),(635,21,288),(639,22,63),(637,22,64),(638,22,65),(640,23,72),(641,23,73),(642,23,74),(643,23,75),(644,24,41),(645,24,42),(646,24,43),(647,24,44),(648,24,45),(649,24,46),(650,24,47),(651,24,48),(652,24,49),(653,24,50),(654,24,51),(655,24,52),(656,24,53),(657,24,54),(658,24,55),(659,25,270),(660,25,271),(661,25,272),(662,25,273),(663,25,274),(664,25,275),(665,25,276),(666,25,277),(667,26,278),(668,26,279),(669,27,82),(672,28,317),(673,28,318),(674,28,319),(670,28,320),(671,28,321),(676,29,76),(677,29,77),(678,29,78),(679,29,79),(675,29,80),(680,30,289),(681,30,290),(682,31,291),(683,32,322),(684,32,323),(685,32,324),(686,32,325),(687,32,326),(688,32,327),(689,32,328),(690,32,329),(691,32,330),(692,32,331),(693,33,81),(694,34,292),(695,34,293),(811,35,66),(698,36,332),(699,36,333),(700,36,334),(701,36,335),(697,36,336),(702,37,337),(703,37,338),(704,37,339),(705,37,340),(706,37,341),(812,38,294),(813,38,295),(814,38,296),(815,38,297),(816,38,298),(817,38,299),(818,38,300),(819,38,301),(820,38,302),(718,39,342),(719,39,343),(720,39,344),(721,39,345),(722,39,346),(723,39,347),(724,39,348),(725,39,349),(728,40,350),(729,40,351),(726,40,352),(727,40,353),(734,41,247),(730,41,248),(731,41,249),(732,41,250),(733,41,251),(735,42,354),(736,42,355),(737,42,356),(738,42,357),(828,43,358),(829,43,359),(834,44,361),(744,46,363),(745,47,364),(746,48,365),(747,49,366),(748,50,367),(749,51,368),(750,52,369),(751,52,370),(752,52,371),(753,53,305),(754,53,306),(755,53,307),(756,53,308),(757,53,309),(758,53,310),(759,53,311),(760,53,312),(761,53,313),(762,53,314),(763,53,315),(764,53,316),(765,54,372),(766,54,373),(767,54,374),(768,54,375),(769,54,376),(770,54,377),(771,55,378),(772,55,379),(773,55,380),(774,55,381),(775,55,382),(776,55,383),(777,56,252),(778,56,253),(780,57,103),(779,57,104),(781,58,105),(782,58,106),(783,59,107),(784,59,108),(785,59,109),(786,59,110),(788,60,111),(787,60,112),(789,61,384),(790,61,385),(791,61,386),(792,61,387),(793,61,388),(794,61,389),(795,61,390),(796,61,391),(797,61,392),(798,61,393),(799,61,394),(800,61,395),(801,61,396),(802,61,397),(803,61,398),(804,61,399),(805,61,400),(806,61,401),(807,61,402),(808,61,403),(809,62,404),(810,63,405),(833,64,303),(832,64,304),(827,65,362),(831,66,360);
/*!40000 ALTER TABLE `vending_purchaserequest_assets` ENABLE KEYS */;
UNLOCK TABLES;
/*!40103 SET TIME_ZONE=@OLD_TIME_ZONE */;

/*!40101 SET SQL_MODE=@OLD_SQL_MODE */;
/*!40014 SET FOREIGN_KEY_CHECKS=@OLD_FOREIGN_KEY_CHECKS */;
/*!40014 SET UNIQUE_CHECKS=@OLD_UNIQUE_CHECKS */;
/*!40101 SET CHARACTER_SET_CLIENT=@OLD_CHARACTER_SET_CLIENT */;
/*!40101 SET CHARACTER_SET_RESULTS=@OLD_CHARACTER_SET_RESULTS */;
/*!40101 SET COLLATION_CONNECTION=@OLD_COLLATION_CONNECTION */;
/*!40111 SET SQL_NOTES=@OLD_SQL_NOTES */;

-- Dump completed on 2012-07-13  8:21:19
